site_oid,sid,municipal,station,record_classes,cost_indicator,jobs45tr_status,in_main_set,ppa,buildar_ac,daily,peak_share,jobs45tr,score_S0_developer,rank_S0_developer,score_S0_city,rank_S0_city,score_S0_transit,rank_S0_transit,score_S0_placemaking,rank_S0_placemaking,score_S0_equal,rank_S0_equal,score_S1_developer,rank_S1_developer,score_S1_city,rank_S1_city,score_S1_transit,rank_S1_transit,score_S1_placemaking,rank_S1_placemaking,score_S1_equal,rank_S1_equal,score_S2_developer,rank_S2_developer,score_S2_city,rank_S2_city,score_S2_transit,rank_S2_transit,score_S2_placemaking,rank_S2_placemaking,score_S2_equal,rank_S2_equal,score_S2u_developer,rank_S2u_developer,score_S2u_city,rank_S2u_city,score_S2u_transit,rank_S2u_transit,score_S2u_placemaking,rank_S2u_placemaking,score_S2u_equal,rank_S2u_equal,score_S3_developer,rank_S3_developer,score_S3_city,rank_S3_city,score_S3_transit,rank_S3_transit,score_S3_placemaking,rank_S3_placemaking,score_S3_equal,rank_S3_equal,score_K3_developer,rank_K3_developer,score_K3_city,rank_K3_city,score_K3_transit,rank_K3_transit,score_K3_placemaking,rank_K3_placemaking,score_K3_equal,rank_K3_equal,score_E0_equal,rank_E0_equal,score_E2_equal,rank_E2_equal,score_E3_equal,rank_E3_equal,score_E3u_equal,rank_E3u_equal,score_S3_no_peak_share,rank_S3_no_peak_share,score_S3_peak_share_reversed,rank_S3_peak_share_reversed
10667,Malden Center #1,Malden,Malden Center,,reliable,as_recorded,True,595818.3632734531,10.02,13356.142857142857,0.481742765693383,431396.0,68.643791,5,82.349568,1,78.882907,1,77.76329,2,76.259028,1,68.643791,5,82.349568,1,78.882907,1,77.76329,2,76.259028,1,68.798873,5,82.673186,1,79.201586,1,77.127446,2,76.258952,1,92.256098,2,92.804878,1,86.463415,1,85.772358,2,88.617886,1,92.367886,2,93.191057,1,86.788618,1,85.142276,2,88.617886,1,92.320717,2,93.12749,1,86.454183,1,84.641434,2,88.346614,1,78.920036,1,78.959605,1,78.577236,1,78.565574,1,94.715447,1,78.455285,3
10616,Malden Center #2,Malden,Malden Center,,reliable,as_recorded,True,584175.1824817519,6.06,13356.142857142857,0.481742765693383,431396.0,68.290596,6,80.755185,3,78.504491,2,77.021599,4,75.628335,2,68.290596,6,80.755185,3,78.504491,2,77.021599,4,75.628335,2,68.449806,6,81.087059,3,78.825647,2,76.389882,4,75.632387,2,92.560976,1,92.439024,2,86.463415,1,85.650407,3,88.617886,1,92.672764,1,92.825203,2,86.788618,1,85.020325,4,88.617886,1,92.619522,1,92.768924,2,86.454183,1,84.521912,3,88.346614,1,78.415482,2,78.458354,2,78.577236,1,78.565574,1,94.715447,1,78.455285,3
10665,Malden Center #4,Malden,Malden Center,,reliable,as_recorded,True,571506.0240963856,1.66,13356.142857142857,0.481742765693383,431396.0,64.305556,9,71.816387,9,75.931833,3,72.612744,8,71.340571,7,64.305556,9,71.816387,9,75.931833,3,72.612744,8,71.340571,7,64.485407,9,72.189543,9,76.265373,3,72.001669,10,71.365264,7,91.341463,3,89.349593,3,85.609756,3,84.146341,5,87.195122,3,91.453252,3,89.735772,3,85.934959,3,83.51626,5,87.195122,3,91.2251,3,89.342629,3,85.498008,3,82.848606,5,86.752988,3,74.985271,4,75.044655,4,77.439024,4,77.418033,4,92.818428,3,77.03252,5
10664,Malden Center #3,Malden,Malden Center,,reliable,as_recorded,True,766153.8461538461,1.95,13356.142857142857,0.481742765693383,431396.0,57.863657,15,70.745572,10,74.281628,4,71.339025,11,68.590229,11,57.863657,15,70.745572,10,74.281628,4,71.339025,11,68.590229,11,58.026995,15,71.085703,10,74.605261,4,70.711437,11,68.598409,11,87.174797,10,88.170732,4,84.45122,4,83.109756,6,85.264228,4,87.286585,10,88.556911,4,84.776423,4,82.479675,7,85.264228,4,86.942231,10,88.10757,5,84.302789,4,81.772908,7,84.760956,4,72.784997,9,72.831171,9,75.894309,6,75.860656,6,90.243902,4,75.101626,8
6760,Quincy Center #1,Quincy,Quincy Center,,reliable,as_recorded,True,638089.6686159844,5.13,7972.285714285715,0.4712013165112452,245645.0,63.360895,10,75.631084,6,71.977866,11,76.441978,5,71.423934,6,63.360895,10,75.631084,6,71.977866,11,76.441978,5,71.423934,6,63.496057,10,75.914862,6,72.256705,11,75.885815,5,71.423858,6,88.638211,8,88.170732,4,80.691057,9,85.528455,4,85.162602,5,88.70935,8,88.47561,5,80.934959,9,85.060976,3,85.162602,5,88.535857,8,88.227092,4,80.199203,9,84.40239,4,84.661355,5,73.843242,7,73.886114,7,72.601626,14,72.704918,13,85.636856,7,68.292683,22
10682,Malden Center #5,Malden,Malden Center,,reliable,as_recorded,True,648640.0,1.25,13356.142857142857,0.481742765693383,431396.0,59.045146,13,66.488973,13,73.74935,5,69.62445,14,67.7031,12,59.045146,13,66.488973,13,73.74935,5,69.62445,12,67.7031,12,59.245637,12,66.90341,12,74.095275,5,69.034014,12,67.748433,12,87.987805,9,86.219512,10,84.268293,5,82.357724,9,84.95935,6,88.099593,9,86.605691,9,84.593496,5,81.727642,9,84.95935,6,87.838645,9,86.075697,10,84.123506,5,80.996016,9,84.462151,6,72.075294,12,72.151191,12,75.650407,7,75.614754,8,89.837398,5,74.796748,9
10369,Revere Beach #1,Revere,Revere Beach,,reliable,as_recorded,True,753121.2723658051,4.94,5289.285714285715,0.3830693237949242,314846.0,59.060671,12,73.14417,8,70.821908,13,78.87519,1,70.294149,9,59.060671,12,73.14417,8,70.821908,13,78.87519,1,70.294149,9,59.130239,13,73.296761,8,70.963781,13,78.602039,1,70.298201,9,86.239837,13,86.341463,9,79.776423,12,88.150407,1,84.756098,7,86.260163,13,86.544715,10,79.918699,12,87.886179,1,84.756098,7,86.035857,13,86.334661,9,79.462151,12,87.669323,1,84.462151,6,73.408371,8,73.414915,8,73.455285,10,73.401639,10,80.149051,21,60.46748,53
10648,Malden Center #6,Malden,Malden Center,,reliable,as_recorded,True,614731.1827956989,0.93,13356.142857142857,0.481742765693383,431396.0,58.011253,14,62.403026,20,72.750609,8,67.707611,17,66.038532,13,58.011253,14,62.403026,18,72.750609,8,67.707611,14,66.038532,13,58.207616,14,62.809206,18,73.094057,8,67.113047,15,66.079737,13,86.971545,12,82.560976,12,83.353659,6,80.630081,13,83.434959,8,87.083333,11,82.947154,12,83.678862,6,80.0,13,83.434959,8,86.842629,11,82.49004,12,83.227092,6,79.302789,13,82.968127,8,70.743639,13,70.816233,13,74.430894,9,74.385246,9,87.804878,6,73.272358,16
10381,Wonderland #1,Revere,Wonderland,,reliable,as_recorded,True,402269.5035460993,0.75,8363.285714285714,0.46718965334464113,482051.0,66.199472,7,61.597642,21,73.251212,7,72.126293,10,69.562113,10,66.199472,7,61.597642,19,73.251212,7,72.126293,10,69.562113,10,66.28529,7,61.782732,19,73.333114,7,72.118396,9,69.632215,10,87.052846,11,78.821138,19,81.646341,8,82.662602,7,83.028455,9,87.073171,12,79.02439,19,81.71748,8,82.652439,6,83.079268,9,86.733068,12,78.486056,19,81.065737,8,81.982072,6,82.51992,9,73.866335,6,73.932324,5,75.528455,8,75.655738,7,81.504065,17,64.176829,34
7300,Wollaston #1,Quincy,Wollaston,,reliable,as_recorded,True,465073.6015701669,10.19,5372.285714285715,0.47572189062752057,381308.0,70.760726,4,79.039284,4,69.291328,17,74.961132,7,72.55726,4,70.760726,4,79.039284,4,69.291328,17,74.961132,7,72.55726,4,70.856046,4,79.24338,4,69.490485,17,74.564331,7,72.557183,4,90.020325,5,88.04878,6,76.097561,20,81.95122,11,83.028455,9,90.071138,5,88.313008,6,76.300813,22,81.565041,11,83.028455,10,89.770916,5,87.948207,6,75.378486,24,80.737052,11,82.370518,10,75.674606,3,75.691057,3,72.804878,12,72.909836,12,85.501355,8,70.223577,20
5973,Braintree #1,Braintree,Braintree,,reliable,as_recorded,True,363717.57925072045,13.3,5210.714285714285,0.47550147977638935,39255.0,76.371115,1,81.147761,2,69.781176,15,77.21985,3,75.133302,3,76.371115,1,81.147761,2,69.781176,15,77.21985,3,75.133302,3,76.464732,1,81.348449,2,69.965367,15,76.871146,3,75.141482,3,90.426829,4,87.845528,7,74.95935,28,82.560976,8,82.926829,11,90.46748,4,88.089431,7,75.142276,28,82.215447,8,82.926829,11,90.159363,4,87.729084,7,74.243028,31,81.374502,8,82.270916,11,72.590129,10,72.599975,10,66.544715,33,66.598361,33,84.078591,13,68.191057,24
6019,Braintree #2,Braintree,Braintree,,reliable,as_recorded,True,431644.908616188,8.74,5210.714285714285,0.47550147977638935,78818.0,71.688966,2,78.403039,5,68.213057,22,75.433765,6,72.51977,5,71.688966,2,78.403039,5,68.213057,20,75.433765,6,72.51977,5,71.774327,2,78.587214,5,68.392294,20,75.076805,6,72.519694,5,89.410569,6,86.788618,8,74.53252,29,81.971545,10,82.215447,12,89.45122,6,87.03252,8,74.715447,29,81.626016,10,82.215447,12,89.163347,6,86.693227,8,73.824701,33,80.796813,10,81.573705,12,72.494019,11,72.530286,11,66.504065,34,66.557377,34,83.130081,15,67.479675,28
7173,Wollaston #2,Quincy,Wollaston,,reliable,as_recorded,True,390506.32911392406,2.37,5372.285714285715,0.47572189062752057,288233.0,71.358463,3,73.399911,7,68.368436,21,72.568624,9,71.019107,8,71.358463,3,73.399911,7,68.368436,19,72.568624,9,71.019107,8,71.46204,3,73.62052,7,68.572547,19,72.180079,8,71.027287,8,89.308943,7,85.650407,11,75.487805,27,80.813008,12,82.012195,13,89.359756,7,85.914634,11,75.691057,27,80.426829,12,82.012195,13,89.073705,7,85.59761,11,74.780876,28,79.621514,12,81.374502,13,73.876052,5,73.899108,6,70.853659,19,70.942623,19,84.146341,12,69.207317,21
10692,Malden Center #8,Malden,Malden Center,,reliable,as_recorded,True,581562.5,0.64,13356.142857142857,0.481742765693383,431396.0,56.296367,17,56.578366,29,71.272636,12,64.944961,25,63.575243,14,56.296367,17,56.578366,26,71.272636,12,64.944961,22,63.575243,14,56.505114,16,57.009315,26,71.623515,12,64.362782,23,63.628833,14,84.837398,15,76.666667,22,81.768293,7,77.784553,20,80.792683,14,85.0,15,77.154472,21,82.123984,7,77.205285,21,80.843496,14,84.701195,15,76.613546,21,81.643426,7,76.464143,23,80.328685,14,68.773008,16,68.85551,14,72.357724,15,72.295082,15,84.349593,10,70.680894,18
6736,Quincy Center #5,Quincy,Quincy Center,,reliable,as_recorded,True,715000.0,0.78,7972.285714285715,0.4712013165112452,245645.0,50.544152,24,54.625919,38,65.155631,26,65.650126,23,60.053541,20,50.544152,24,54.625919,35,65.155631,23,65.650126,20,60.053541,18,50.732979,24,55.017028,34,65.466669,23,65.147628,21,60.107131,18,81.321138,23,75.813008,24,76.727642,18,79.207317,17,78.556911,15,81.392276,23,76.117886,25,76.971545,17,78.739837,17,78.556911,15,80.866534,23,75.438247,25,76.075697,18,77.848606,17,77.788845,16,64.746928,26,64.832732,23,67.317073,28,67.377049,28,76.829268,23,61.686992,45
10687,Malden Center #7,Malden,Malden Center,,reliable,as_recorded,True,900571.4285714286,0.7,13356.142857142857,0.481742765693383,431396.0,46.584736,28,54.080767,39,68.619219,20,62.638308,36,59.152882,25,46.584736,27,54.080767,36,68.619219,18,62.638308,32,59.152882,22,46.809996,27,54.544742,36,68.980006,18,62.072642,33,59.222984,22,79.146341,26,75.691057,25,80.304878,10,76.646341,26,78.353659,16,79.359756,25,76.280488,24,80.691057,10,76.117886,27,78.455285,16,78.974104,25,75.677291,24,80.179283,10,75.338645,30,77.888446,15,65.235119,24,65.330831,21,70.447154,22,70.368852,23,81.165312,19,68.292683,22
10710,Malden Center #10,Malden,Malden Center,,reliable,as_recorded,True,588490.5660377358,0.53,13356.142857142857,0.481742765693383,523607.0,54.061063,19,52.645935,41,70.032362,14,62.94511,34,61.50812,18,54.061063,19,52.645935,38,70.032362,14,62.94511,30,61.50812,16,54.278067,19,53.093397,38,70.388195,14,62.371187,31,61.569966,16,81.686992,22,71.01626,41,80.0,11,74.918699,29,77.845528,17,81.849593,22,71.504065,41,80.355691,11,74.339431,29,77.896341,17,81.513944,21,70.876494,44,79.850598,11,73.555777,33,77.340637,17,67.746787,17,67.802868,15,73.130081,11,73.155738,11,80.420054,20,67.73374,25
6730,Quincy Center #2,Quincy,Quincy Center,,reliable,as_recorded,True,1293082.7067669171,1.27,7972.285714285715,0.4712013165112452,245645.0,43.964398,37,58.149896,27,64.335932,30,66.369396,19,58.687376,28,43.964398,36,58.149896,24,64.335932,27,66.369396,16,58.687376,25,44.136713,36,58.50798,24,64.637062,27,65.850386,18,58.724453,25,76.239837,32,79.308943,18,76.239837,19,80.101626,14,77.743902,18,76.412602,32,79.817073,18,76.544715,19,79.735772,14,77.845528,18,75.986056,32,79.063745,18,75.657371,20,78.824701,16,77.091633,18,63.653996,30,63.72659,26,66.747967,32,66.803279,32,75.880759,26,60.97561,49
6771,Quincy Center #4,Quincy,Quincy Center,,reliable,as_recorded,True,860952.380952381,0.83,7972.285714285715,0.4712013165112452,247507.0,46.93654,27,53.922637,40,64.212053,31,64.891488,26,58.480911,29,46.93654,26,53.922637,37,64.212053,28,64.891488,23,58.480911,26,47.112983,26,54.288977,37,64.51566,28,64.376606,22,58.522116,26,78.98374,27,75.04065,27,76.056911,21,78.577236,18,77.439024,19,79.156504,27,75.54878,27,76.361789,20,78.211382,18,77.54065,19,78.675299,28,74.880478,30,75.478088,22,77.330677,19,76.792829,19,63.607714,31,63.643981,28,66.95122,31,67.008197,30,75.474255,30,60.670732,50
6755,Quincy Center #9,Quincy,Quincy Center,,reliable,as_recorded,True,619354.8387096775,0.62,7972.285714285715,0.4712013165112452,103011.0,51.964165,23,51.653634,43,64.91783,28,64.527252,27,59.657207,23,51.964165,23,51.653634,40,64.91783,25,64.527252,24,59.657207,21,52.22317,23,52.185099,40,65.270975,25,64.094933,24,59.780975,21,81.117886,24,72.154472,37,75.995935,22,77.581301,21,77.337398,20,81.341463,24,72.764228,34,76.331301,21,77.26626,20,77.489837,20,80.866534,23,71.932271,39,75.418327,23,76.314741,24,76.693227,20,62.67953,38,62.781847,34,63.902439,47,63.934426,47,75.406504,31,60.619919,51
9863,Sullivan Square #1,Somerville,Sullivan Square,,reliable,as_recorded,True,1213939.3939393938,0.66,8268.57142857143,0.44920652056569144,704348.0,41.061929,44,49.754659,51,66.472315,25,65.944229,22,57.400738,34,41.061929,41,49.754659,47,66.472315,22,65.944229,19,57.400738,30,41.144602,41,49.93346,47,66.594163,22,65.783785,19,57.437814,30,74.105691,36,71.747967,38,78.211382,13,79.715447,15,76.727642,21,74.105691,37,71.910569,38,78.313008,13,79.53252,15,76.727642,21,73.844622,36,71.354582,42,77.968127,13,79.243028,14,76.394422,21,65.464844,23,65.50111,20,78.292683,3,78.278689,3,71.341463,37,55.284553,82
6729,Quincy Center #7,Quincy,Quincy Center,,reliable,as_recorded,True,743384.6153846154,0.65,7972.285714285715,0.4712013165112452,245645.0,47.968822,26,50.874519,49,63.872794,33,63.686972,31,57.91548,31,47.968822,25,50.874519,46,63.872794,29,63.686972,28,57.91548,27,48.170033,25,51.290397,44,64.191263,29,63.196859,29,57.981454,27,79.288618,25,72.398374,35,75.630081,23,77.45935,23,76.727642,21,79.359756,25,72.703252,36,75.873984,24,76.99187,23,76.727642,21,78.7749,27,71.89243,40,74.940239,26,76.035857,26,75.896414,22,63.036479,35,63.132191,31,65.853659,37,65.901639,37,74.390244,32,59.857724,56
5965,Braintree #4,Braintree,Braintree,,reliable,as_recorded,True,545108.6956521738,0.92,5210.714285714285,0.47550147977638935,78818.0,56.212225,18,56.571655,30,60.637406,47,63.947942,29,59.893685,22,56.212225,18,56.571655,27,60.637406,43,63.947942,26,59.893685,20,56.359508,18,56.879675,27,60.853796,43,63.652904,26,59.95553,19,83.51626,16,76.300813,23,71.239837,38,76.646341,26,76.727642,21,83.556911,16,76.544715,23,71.422764,39,76.300813,26,76.727642,21,83.087649,17,75.816733,23,70.418327,45,75.278884,31,75.896414,22,62.393151,39,62.478955,35,62.113821,54,62.131148,54,75.813008,28,61.99187,41
5966,Braintree #3,Braintree,Braintree,,reliable,as_recorded,True,660555.5555555555,1.08,5210.714285714285,0.47550147977638935,78818.0,52.546225,22,57.258492,28,59.941338,53,63.790183,30,58.733571,27,52.546225,22,57.258492,25,59.941338,49,63.790183,27,58.733571,24,52.68938,21,57.558255,25,60.155251,49,63.491017,28,58.791289,24,81.890244,21,77.601626,20,71.117886,40,77.012195,24,76.52439,24,81.930894,21,77.845528,20,71.300813,41,76.666667,25,76.52439,24,81.494024,22,77.091633,20,70.298805,47,75.63745,28,75.697211,24,61.46506,44,61.547562,40,61.95122,56,61.967213,56,75.542005,29,61.788618,44
7529,North Quincy #2,Quincy,North Quincy,,reliable,as_recorded,True,472887.7005347593,1.47,7065.142857142857,0.5035117461855171,199950.0,62.585503,11,64.993982,15,60.664524,46,60.909449,40,61.798111,15,62.585503,11,64.993982,15,60.664524,42,60.909449,36,61.798111,15,62.697337,11,65.231103,15,60.873589,42,60.529161,37,61.814547,15,86.138211,14,82.357724,14,69.918699,47,71.95122,37,76.422764,25,86.189024,14,82.621951,14,70.121951,47,71.565041,39,76.422764,25,85.667331,14,81.772908,14,69.143426,52,70.63745,44,75.59761,26,65.660418,21,65.680172,18,64.593496,44,64.631148,44,83.875339,14,74.390244,11
10358,Revere Beach #2,Revere,Revere Beach,,reliable,as_recorded,True,845000.0,0.62,5289.285714285715,0.3830693237949242,482051.0,44.42479,36,48.01637,59,62.817372,36,66.052292,21,56.953256,35,44.42479,35,48.01637,55,62.817372,32,66.052292,18,56.953256,31,44.614074,35,48.408393,54,63.031075,33,65.898858,17,57.077024,31,76.585366,29,69.634146,44,74.471545,30,79.634146,16,75.914634,26,76.75813,29,70.142276,44,74.705285,30,79.522358,16,76.067073,26,76.2749,30,69.36255,48,74.083665,32,79.023904,15,75.498008,27,63.77925,28,63.888171,25,69.918699,24,69.836066,24,68.563686,47,51.778455,106
10236,Wellington #1,Medford,Wellington,,reliable,as_recorded,True,716343.2835820895,1.34,8481.285714285714,0.5147833130822195,356397.0,52.578992,21,61.498422,22,60.43045,49,57.170663,56,57.523526,32,52.578992,21,61.498422,20,60.43045,45,57.170663,51,57.523526,28,52.615273,22,61.584437,20,60.48263,45,57.113228,50,57.544091,28,82.804878,19,81.910569,15,71.544715,36,70.284553,47,75.50813,27,82.77439,19,82.012195,15,71.585366,37,70.223577,47,75.50813,27,82.241036,19,81.25498,16,70.836653,44,69.422311,51,74.800797,29,63.522124,32,63.54518,29,66.504065,34,66.557377,34,84.281843,11,75.914634,7
7487,North Quincy #1,Quincy,North Quincy,,reliable,as_recorded,True,669102.5641025641,2.34,7065.142857142857,0.5035117461855171,385177.0,56.298054,16,66.626955,12,59.556031,56,60.837944,41,59.950622,21,56.298054,16,66.626955,12,59.556031,51,60.837944,37,59.950622,19,56.393375,17,66.83105,13,59.755188,51,60.441143,38,59.950546,20,83.394309,17,82.398374,13,69.308943,50,71.626016,40,75.406504,28,83.445122,17,82.662602,13,69.512195,50,71.239837,40,75.406504,28,83.276892,16,82.410359,13,68.7251,54,70.61753,45,74.900398,28,65.635531,22,65.642075,19,66.99187,30,67.04918,29,82.520325,16,73.373984,15
10701,Malden Center #11,Malden,Malden Center,,reliable,as_recorded,True,762978.7234042553,0.47,13356.142857142857,0.481742765693383,523607.0,46.241266,29,47.285519,62,67.26783,24,59.622453,48,56.900566,36,46.241266,28,47.285519,58,67.26783,21,59.622453,43,56.900566,32,46.540832,28,47.898107,57,67.6732,21,59.131093,43,57.044974,32,76.504065,30,66.504065,52,77.987805,14,72.296748,35,74.49187,29,76.615854,30,66.890244,52,78.313008,13,71.666667,38,74.49187,29,76.185259,31,66.2749,56,77.788845,14,70.876494,42,73.904382,30,64.060743,27,64.182875,24,70.406504,23,70.409836,22,75.880759,26,64.329268,33
6782,Quincy Center #3,Quincy,Quincy Center,,reliable,as_recorded,True,1846756.7567567567,1.11,7972.285714285715,0.4712013165112452,245645.0,39.206407,52,54.661495,37,62.611308,39,64.248472,28,55.813004,39,39.206407,49,54.661495,34,62.611308,35,64.248472,25,55.813004,35,39.370465,49,55.003066,35,62.907485,34,63.721205,25,55.841825,35,69.53252,47,75.325203,26,73.98374,31,77.520325,22,73.98374,30,69.603659,47,75.630081,26,74.227642,31,77.052846,22,73.98374,30,69.312749,48,74.960159,27,73.386454,35,76.195219,25,73.306773,31,61.354498,45,61.420488,41,63.658537,48,63.688525,48,70.731707,39,57.113821,71
6710,Quincy Center #10,Quincy,Quincy Center,,reliable,as_recorded,True,974230.7692307692,0.61,7972.285714285715,0.4712013165112452,245645.0,41.472464,42,47.219173,63,61.725736,44,61.275713,39,54.33705,42,41.472464,39,47.219173,59,61.725736,40,61.275713,35,54.33705,38,41.677804,39,47.643307,59,62.046682,39,60.789728,35,54.407152,38,74.207317,35,68.739837,47,73.800813,32,75.223577,28,73.678862,31,74.430894,35,69.349593,46,74.136179,32,74.908537,28,73.831301,31,73.844622,36,68.406375,52,73.177291,36,73.894422,32,72.958167,32,60.173735,48,60.272749,44,63.536585,49,63.565574,49,70.528455,43,56.961382,73
5982,Braintree #5,Braintree,Braintree,,reliable,as_recorded,True,812558.1395348838,0.86,5210.714285714285,0.47550147977638935,78818.0,45.592395,32,51.531121,44,57.302844,67,60.415229,44,54.336082,43,45.592395,31,51.531121,41,57.302844,62,60.415229,40,54.336082,39,45.727293,31,51.814372,41,57.511804,62,60.107807,41,54.385543,39,77.723577,28,73.170732,32,69.349593,49,74.552846,30,73.577236,32,77.764228,28,73.414634,33,69.53252,49,74.207317,30,73.577236,32,77.211155,29,72.669323,35,68.505976,55,73.167331,35,72.709163,33,57.947069,56,58.022965,53,59.593496,72,59.590164,72,71.612466,36,58.841463,62
7424,North Quincy #3,Quincy,North Quincy,,reliable,as_recorded,True,594897.9591836735,0.96,7065.142857142857,0.5035117461855171,385177.0,53.319933,20,56.096208,31,56.911438,72,55.858477,64,55.542968,40,53.319933,20,56.096208,28,56.911438,67,55.858477,59,55.542968,36,53.468919,20,56.407635,28,57.142795,67,55.515342,59,55.596558,36,82.174797,20,76.707317,21,67.96748,54,68.98374,49,73.170732,33,82.276423,20,77.073171,22,68.20122,54,68.648374,51,73.221545,33,81.832669,20,76.334661,22,67.260956,62,67.778884,58,72.460159,34,62.109408,40,62.158884,36,65.243902,43,65.286885,42,79.607046,22,71.189024,17
9766,Porter #2,Somerville,Porter,,reliable,as_recorded,True,1264927.5362318843,2.07,9779.714285714286,0.5170454545454546,604928.0,45.198555,34,62.991536,19,59.451205,57,56.478039,60,55.227441,41,45.198555,33,62.991536,17,59.451205,52,56.478039,55,55.227441,37,45.326181,33,63.260241,17,59.697634,52,56.013941,55,55.239749,37,75.731707,33,80.487805,17,69.695122,48,68.231707,56,72.256098,34,75.802846,33,80.792683,17,69.939024,48,67.764228,58,72.256098,34,75.687251,34,80.498008,17,69.760956,50,67.350598,60,72.011952,35,63.144964,34,63.171323,30,70.772358,20,70.696721,20,81.300813,18,74.695122,10
6474,Quincy Adams #1,Quincy,Quincy Adams,,reliable,as_recorded,True,335106.38297872344,0.94,3705.1428571428573,0.49873475960432484,96126.0,65.406183,8,59.147742,26,57.229401,69,58.716755,51,60.090171,19,65.406183,8,59.147742,23,57.229401,64,58.716755,46,60.090171,17,65.493704,8,59.33624,23,57.32627,64,58.66076,46,60.152017,17,82.96748,18,74.918699,28,64.776423,72,68.313008,55,71.95122,35,83.04878,18,75.243902,28,64.898374,73,68.313008,54,72.052846,35,82.589641,18,74.541833,32,64.023904,78,67.450199,59,71.314741,36,62.860776,37,62.913555,32,59.471545,74,59.467213,74,76.490515,25,67.682927,26
10364,Medford/Tufts #1,Medford,Medford/Tufts,,reliable,as_recorded,True,1403089.430894309,1.12,1394.857142857143,0.44568868980963045,407624.0,39.146087,54,51.436275,45,55.401872,79,63.639161,32,52.927423,46,39.146087,50,51.436275,42,55.401872,74,63.639161,29,52.927423,42,39.204712,50,51.566978,42,55.481402,74,63.55427,27,52.960372,42,70.731707,43,72.520325,34,66.686992,61,76.849593,25,71.443089,36,70.762195,43,72.743902,35,66.778455,61,76.79878,24,71.493902,36,70.547809,44,72.211155,37,66.404382,64,76.503984,22,71.165339,37,60.142467,49,60.172129,45,64.227642,45,64.098361,45,63.821138,61,49.237805,119
8787,Harvard Avenue #1,Brookline,Harvard Avenue,,reliable,as_recorded,True,2122125.9842519686,2.27,1916.142857142857,0.42435959400676654,476181.0,40.333121,46,59.873195,25,59.290718,58,68.275505,16,56.885593,37,40.333121,43,59.873195,22,59.290718,53,68.275505,13,56.885593,33,40.352889,44,59.926184,22,59.33299,55,68.201558,13,56.889644,33,64.95935,65,74.634146,30,67.865854,56,77.865854,19,70.833333,37,64.928862,67,74.735772,30,67.906504,56,77.804878,19,70.833333,37,65.129482,64,74.760956,31,67.689243,59,77.788845,18,70.816733,38,63.698699,29,63.708545,27,65.528455,41,65.409836,41,62.601626,65,48.069106,131
9289,Central #1,Cambridge,Central,,reliable,as_recorded,True,1670163.9344262294,0.61,19337.0,0.49156951536756915,803175.0,37.041804,61,48.227786,57,64.583789,29,55.64771,65,52.559967,47,37.041804,57,48.227786,53,64.583789,26,55.64771,60,52.559967,43,37.177423,57,48.512477,53,64.765293,26,55.44061,61,52.630069,43,67.601626,53,68.699187,48,75.589431,25,68.841463,51,70.630081,38,67.77439,53,69.207317,47,75.823171,25,68.729675,50,70.78252,38,67.51992,54,68.545817,50,75.348606,25,67.998008,56,70.268924,41,61.942293,41,62.001678,37,76.097561,5,76.065574,5,74.119241,34,65.396341,32
10691,Malden Center #9,Malden,Malden Center,,reliable,as_recorded,True,1857500.0,0.6,13356.142857142857,0.481742765693383,522427.0,36.017787,66,47.39692,61,64.988435,27,58.393257,52,53.101574,45,36.017787,62,47.39692,57,64.988435,24,58.393257,47,53.101574,41,36.230663,62,47.836126,58,65.34179,24,57.815206,47,53.159292,41,65.325203,64,66.910569,51,75.54878,26,71.077236,42,70.426829,39,65.589431,63,67.601626,51,75.965447,23,70.599593,44,70.579268,39,65.378486,62,66.972112,55,75.488048,21,69.830677,48,70.069721,42,61.00834,47,61.061119,43,67.113821,29,67.008197,30,70.663957,40,60.416667,54
7196,Wollaston #3,Quincy,Wollaston,,reliable,as_recorded,True,1061194.0298507463,0.67,5372.285714285715,0.47572189062752057,246007.0,38.898889,55,45.937879,69,55.915901,74,56.496538,59,50.264882,58,38.898889,51,45.937879,64,55.915901,69,56.496538,54,50.264882,53,39.089157,51,46.331869,63,56.172027,69,56.194684,54,50.359752,54,72.743902,38,68.455285,49,68.536585,52,71.219512,41,70.426829,39,72.896341,38,68.922764,49,68.800813,52,70.934959,42,70.528455,40,72.340637,40,68.067729,53,67.729084,58,69.860558,47,69.621514,43,57.001866,64,57.081065,60,61.260163,59,61.270492,59,68.834688,46,57.723577,69
6857,Quincy Center #11,Quincy,Quincy Center,,reliable,as_recorded,True,1374736.8421052634,0.57,7972.285714285715,0.4712013165112452,332219.0,36.54905,64,44.153374,73,60.04313,51,59.318999,49,51.532707,51,36.54905,60,44.153374,68,60.04313,47,59.318999,44,51.532707,47,36.791543,60,44.651814,68,60.386368,46,58.870167,45,51.639963,47,67.804878,52,64.390244,55,71.544715,36,72.520325,34,69.918699,41,68.028455,52,65.0,55,71.880081,36,72.205285,35,70.071138,41,67.569721,53,64.143426,60,70.966135,42,71.24502,41,69.272908,44,58.478478,53,58.570887,49,61.99187,55,62.008197,55,65.514905,54,53.20122,94
7338,North Quincy #4,Quincy,North Quincy,,reliable,as_recorded,True,786710.5263157894,0.76,7065.142857142857,0.5035117461855171,268434.0,44.517647,35,49.497354,52,53.693639,85,51.871193,86,50.179969,61,44.517647,34,49.497354,48,53.693639,80,51.871193,81,50.179969,56,44.658377,34,49.792269,48,53.920042,80,51.519801,80,50.225302,56,76.382114,31,71.300813,40,65.650407,69,65.894309,63,69.308943,42,76.432927,31,71.565041,40,65.853659,69,65.50813,63,69.308943,42,75.906375,33,70.856574,45,64.900398,74,64.641434,69,68.525896,45,57.059431,63,57.099,59,60.447154,65,60.45082,65,74.390244,32,67.276423,30
6762,Quincy Center #13,Quincy,Quincy Center,,reliable,as_recorded,True,1062765.9574468085,0.45,7972.285714285715,0.4712013165112452,245645.0,36.63309,63,39.827677,94,59.250971,60,57.437012,55,50.212442,60,36.63309,59,39.827677,89,59.250971,55,57.437012,50,50.212442,55,36.933377,59,40.441705,88,59.628885,53,57.045974,51,50.377491,53,68.719512,49,59.390244,76,70.813008,43,70.447154,45,68.699187,43,69.044715,48,60.203252,74,71.20935,43,70.23374,46,68.953252,43,68.565737,49,59.442231,81,70.308765,46,69.312749,52,68.177291,47,56.874049,68,57.049021,63,59.634146,71,59.713115,69,64.02439,60,52.083333,101
10273,Revere Beach #3,Revere,Revere Beach,,reliable,as_recorded,True,1091162.7906976745,0.43,5289.285714285715,0.3830693237949242,514784.0,35.679645,69,37.952922,99,58.962818,61,60.556391,43,50.529,56,35.679645,65,37.952922,94,58.962818,56,60.556391,39,50.529,51,35.873058,65,38.353202,95,59.178998,56,60.407084,39,50.656896,51,67.337398,55,56.99187,86,70.020325,46,72.947154,33,68.495935,44,67.560976,55,57.601626,86,70.284553,46,72.886179,33,68.699187,44,67.211155,57,56.972112,91,69.721116,51,72.47012,37,68.227092,46,58.83139,51,58.943614,47,65.325203,42,65.286885,42,58.739837,77,44.410569,160
5999,Braintree #6,Braintree,Braintree,,reliable,as_recorded,True,628695.652173913,0.46,5210.714285714285,0.47550147977638935,78818.0,45.597785,31,41.612537,89,55.444323,78,56.076523,61,51.238546,53,45.597785,30,41.612537,84,55.444323,73,56.076523,56,51.238546,49,45.840015,30,42.110451,84,55.717681,72,55.876432,57,51.395338,48,73.963415,37,60.121951,73,66.056911,67,68.373984,54,68.089431,46,74.156504,36,60.670732,72,66.331301,67,68.180894,56,68.24187,45,73.675299,38,59.860558,78,65.308765,73,67.121514,62,67.380478,50,55.46904,80,55.630802,75,55.325203,100,55.368852,99,64.498645,59,53.506098,92
6886,Quincy Center #12,Quincy,Quincy Center,,reliable,as_recorded,True,1472500.0,0.52,7972.285714285715,0.4712013165112452,332219.0,34.850107,73,42.047112,85,59.265944,59,58.185142,53,50.237397,59,34.850107,69,42.047112,80,59.265944,54,58.185142,48,50.237397,54,35.0926,68,42.545553,77,59.609182,54,57.73631,49,50.344652,55,65.365854,63,61.788618,66,70.50813,44,71.077236,42,68.191057,45,65.487805,64,62.195122,66,70.78252,44,70.660569,43,68.24187,45,65.079681,66,61.394422,71,69.890438,48,69.731076,50,67.48008,49,57.442229,61,57.534639,56,60.528455,63,60.614754,62,63.075881,63,51.371951,108
7163,Wollaston #6,Quincy,Wollaston,,reliable,as_recorded,True,800000.0,0.49,5372.285714285715,0.47572189062752057,288233.0,41.243266,43,41.935074,87,55.69286,76,55.038358,68,49.893147,62,41.243266,40,41.935074,82,55.69286,71,55.038358,63,49.893147,57,41.429406,40,42.320808,82,55.946509,71,54.732376,64,49.983889,57,72.235772,39,61.585366,67,67.134146,59,68.150407,58,68.089431,46,72.388211,39,62.052846,67,67.398374,59,67.865854,57,68.191057,47,71.743028,42,61.135458,73,66.294821,66,66.752988,64,67.231076,51,56.975283,65,57.06439,61,59.796748,68,59.877049,66,65.718157,53,55.386179,81
7180,Wollaston #4,Quincy,Wollaston,,reliable,as_recorded,True,1213050.847457627,0.59,5372.285714285715,0.47572189062752057,288233.0,36.045001,65,42.894077,79,54.703064,81,54.808139,70,48.243486,72,36.045001,61,42.894077,74,54.703064,76,54.808139,65,48.243486,67,36.227012,63,43.271555,73,54.954235,75,54.498029,65,48.3301,66,68.780488,48,63.780488,56,66.768293,60,68.678862,52,67.479675,48,68.932927,49,64.247967,56,67.03252,60,68.394309,53,67.581301,48,68.356574,50,63.286853,62,65.936255,69,67.270916,61,66.633466,54,55.655555,79,55.741359,74,59.308943,76,59.303279,76,64.905149,57,54.776423,84
10670,Malden Center #13,Malden,Malden Center,,reliable,as_recorded,True,947272.7272727272,0.33,13356.142857142857,0.481742765693383,431396.0,37.387262,60,37.138898,107,63.373187,34,54.076556,72,50.409496,57,37.387262,56,37.138898,102,63.373187,30,54.076556,67,50.409496,52,37.732238,55,37.842305,98,63.805803,30,53.630606,69,50.599313,52,67.865854,51,53.780488,103,73.658537,33,65.650407,64,67.276423,49,68.231707,51,54.674797,102,74.136179,32,65.27439,64,67.530488,49,67.968127,52,54.302789,106,73.695219,34,64.611554,70,67.081673,52,58.24041,55,58.431895,50,61.707317,57,61.639344,57,66.598916,51,57.367886,70
9298,Lechmere #2,Cambridge,Lechmere,,reliable,as_recorded,True,1461666.6666666667,0.6,2060.8571428571427,0.4548959136468774,757650.0,34.605086,74,42.337816,82,55.516816,77,59.041159,50,49.267734,64,34.605086,70,42.337816,77,55.516816,72,59.041159,45,49.267734,59,34.68848,72,42.518058,78,55.611207,73,58.981037,44,49.325451,60,65.50813,61,62.560976,63,66.544715,62,71.788618,39,67.276423,49,65.640244,61,62.987805,64,66.697154,64,71.839431,36,67.428862,50,65.328685,63,62.250996,68,66.205179,68,71.444223,40,66.982072,53,59.209431,50,59.265513,46,72.723577,13,72.663934,14,59.485095,74,46.79878,143
6472,Quincy Adams #2,Quincy,Quincy Adams,,reliable,as_recorded,True,697285.7142857143,0.7,3705.1428571428573,0.49873475960432484,129609.0,45.311651,33,47.212968,64,50.470362,100,50.983474,90,48.825105,67,45.311651,32,47.212968,60,50.470362,95,50.983474,85,48.825105,62,45.407429,32,47.417978,60,50.572184,96,50.935736,84,48.895207,61,75.447154,34,68.00813,50,61.788618,82,64.349593,69,66.971545,51,75.528455,34,68.333333,50,61.910569,82,64.349593,70,67.073171,51,75.119522,35,67.569721,54,61.035857,88,63.466135,75,66.334661,56,54.416755,88,54.492652,83,55.894309,96,55.860656,96,69.850949,44,62.703252,37
10200,Wellington #2,Medford,Wellington,,reliable,as_recorded,True,1338674.6987951808,0.83,8481.285714285714,0.5147833130822195,356397.0,38.002582,58,49.432719,53,54.888439,80,50.069866,94,48.286841,71,38.002582,54,49.432719,49,54.888439,75,50.069866,89,48.286841,66,38.059503,54,49.560015,49,54.953003,76,50.033072,89,48.328046,67,69.695122,45,70.325203,42,66.422764,64,63.577236,72,66.971545,51,69.76626,45,70.630081,42,66.52439,65,63.617886,71,67.073171,51,69.492032,47,70.099602,47,65.876494,70,62.948207,76,66.533865,55,56.132775,75,56.172344,70,59.756098,69,59.754098,68,73.03523,35,67.479675,28
8547,Coolidge Corner #1,Brookline,Coolidge Corner,,reliable,as_recorded,True,1617252.252252252,1.85,1973.5714285714287,0.48815399802566634,600323.0,38.856409,56,55.939286,32,50.648141,99,56.036166,62,49.719013,63,38.856409,52,55.939286,29,50.648141,94,56.036166,57,49.719013,58,38.975778,52,56.191478,29,50.889616,93,55.563812,58,49.723064,58,68.191057,50,73.821138,31,61.239837,86,68.069106,59,66.666667,53,68.262195,50,74.126016,31,61.48374,85,67.601626,60,66.666667,53,67.998008,51,73.565737,33,60.677291,92,66.792829,63,66.035857,58,58.691987,52,58.701833,48,66.178862,36,66.229508,36,67.344173,49,59.349593,57
7176,Wollaston #5,Quincy,Wollaston,,reliable,as_recorded,True,1270350.8771929825,0.57,5372.285714285715,0.47572189062752057,288233.0,35.093399,71,41.905775,88,54.303646,83,54.256806,71,47.577791,77,35.093399,67,41.905775,83,54.303646,78,54.256806,66,47.577791,72,35.296051,67,42.324534,81,54.567203,77,53.967337,66,47.685046,72,67.154472,57,62.479675,64,66.158537,66,67.906504,60,66.463415,54,67.357724,57,63.04878,63,66.453252,66,67.672764,59,66.615854,54,66.812749,58,62.111554,69,65.368526,72,66.563745,66,65.687251,60,55.122999,81,55.225315,76,58.536585,78,58.52459,78,63.617886,62,53.810976,89
9457,Lechmere #1,Somerville,Lechmere,,reliable,as_recorded,True,2663749.9999999995,1.12,2060.8571428571427,0.4548959136468774,702779.0,34.883447,72,51.101737,47,57.222682,70,62.91017,35,52.110844,50,34.883447,68,51.101737,44,57.222682,65,62.91017,31,52.110844,46,34.942072,69,51.23244,45,57.302212,65,62.825278,30,52.143793,46,57.886179,85,68.780488,46,65.995935,68,73.556911,31,66.361789,55,57.916667,85,69.004065,48,66.087398,68,73.506098,31,66.412602,55,57.958167,85,68.545817,50,65.727092,71,73.276892,34,66.185259,57,61.186694,46,61.229565,42,69.674797,25,69.590164,25,58.130081,78,45.78252,151
10696,Malden Center #12,Malden,Malden Center,,reliable,as_recorded,True,1415675.6756756757,0.37,13356.142857142857,0.481742765693383,522427.0,33.712395,80,37.861818,100,62.68189,38,53.933475,73,49.257333,65,33.712395,76,37.861818,95,62.68189,34,53.933475,68,49.257333,60,33.995449,75,38.44138,94,63.077352,32,53.425603,71,49.385229,59,63.089431,72,54.95935,95,72.804878,34,65.569106,65,65.853659,56,63.455285,71,55.853659,95,73.28252,34,65.193089,66,66.107724,56,63.286853,72,55.458167,100,72.858566,38,64.531873,71,65.687251,60,57.932947,57,58.041869,52,63.536585,49,63.483607,50,64.701897,58,55.945122,78
9447,Harvard #4,Cambridge,Harvard,,reliable,as_recorded,True,2132187.5,0.32,25122.85714285714,0.4559519193485847,772196.0,31.080404,97,36.401657,112,69.673481,16,60.261473,45,52.410649,48,31.080404,92,36.401657,107,69.673481,16,60.261473,41,52.410649,44,31.305858,91,36.86602,105,69.867053,16,60.29361,40,52.600467,44,54.613821,95,49.674797,120,77.398374,16,68.943089,50,65.345528,58,54.908537,93,50.426829,119,77.662602,15,69.105691,49,65.650407,57,55.109562,97,50.338645,122,77.749004,15,69.163347,53,65.737052,59,61.783209,42,61.938366,38,71.829268,16,71.680328,16,57.588076,79,45.731707,152
9325,Harvard #3,Cambridge,Harvard,,reliable,as_recorded,True,5172962.962962963,0.54,25122.85714285714,0.4559519193485847,751404.0,33.827663,79,47.17031,65,72.310737,10,65.316166,24,56.806076,38,33.827663,75,47.17031,61,72.310737,10,65.316166,21,56.806076,34,33.929273,76,47.386984,61,72.430003,10,65.224459,20,56.872049,34,46.585366,126,59.634146,75,77.45935,15,72.296748,35,65.447154,57,46.676829,126,59.979675,76,77.601626,16,72.256098,34,65.54878,58,46.444223,134,59.462151,80,77.50996,16,72.071713,38,65.338645,62,65.2335,25,65.289581,22,71.097561,18,71.065574,18,57.452575,80,45.630081,153
9810,Sullivan Square #2,Somerville,Sullivan Square,,reliable,as_recorded,True,2959473.6842105268,0.57,8268.57142857143,0.44920652056569144,771434.0,32.041322,91,43.76861,74,63.320294,35,62.197757,37,52.14737,49,32.041322,86,43.76861,69,63.320294,31,62.197757,33,52.14737,45,32.194174,86,44.087767,70,63.484249,31,62.10749,32,52.254625,45,52.96748,99,59.715447,74,71.199187,39,71.808943,38,65.04065,59,53.119919,99,60.182927,75,71.392276,40,71.778455,37,65.193089,59,52.978088,103,59.581673,79,71.065737,41,71.484064,39,64.890438,63,61.559375,43,61.651784,39,71.341463,17,71.270492,17,55.96206,88,43.75,161
10326,Revere Beach #4,Revere,Revere Beach,,reliable,as_recorded,True,1212571.4285714286,0.35,5289.285714285715,0.3830693237949242,507841.0,32.147206,90,32.960026,129,57.231851,68,57.930444,54,47.644055,76,32.147206,85,32.960026,124,57.231851,63,57.930444,49,47.644055,71,32.357131,84,33.393331,126,57.457939,63,57.79765,48,47.788464,71,63.272358,71,50.487805,117,67.886179,55,69.593496,48,64.939024,60,63.292683,72,50.691057,117,68.028455,55,69.329268,48,64.939024,60,63.027888,73,50.199203,123,67.50996,61,68.984064,54,64.541833,66,56.457384,73,56.579516,68,61.666667,58,61.598361,58,53.726287,94,40.650407,192
10657,Malden Center #14,Malden,Malden Center,,reliable,as_recorded,True,1057428.5714285716,0.3,13356.142857142857,0.481742765693383,431396.0,34.390879,76,33.998469,123,62.110171,41,52.32807,81,48.304468,69,34.390879,72,33.998469,118,62.110171,37,52.32807,76,48.304468,64,34.764752,70,34.759669,117,62.560125,37,51.911017,77,48.523183,64,64.410569,68,48.495935,126,71.890244,35,62.906504,75,64.329268,63,65.030488,66,49.898374,122,72.520325,35,62.784553,75,64.837398,61,64.830677,67,49.621514,127,72.111554,39,62.171315,80,64.442231,67,56.556388,70,56.77099,65,59.552846,73,59.54918,73,63.00813,64,54.674797,85
9965,Alewife #1,Cambridge,Alewife,,reliable,as_recorded,True,1467479.3388429752,16.89,12830.0,0.5727989037341555,242978.0,45.96885,30,70.060447,11,53.483807,86,45.921954,114,51.390675,52,45.96885,29,70.060447,11,53.483807,81,45.921954,109,51.390675,48,45.98449,29,70.10518,11,53.523602,83,45.843878,108,51.390598,49,72.235772,39,81.300813,16,61.443089,83,54.126016,109,64.735772,61,72.205285,40,81.402439,16,61.48374,85,54.065041,108,64.735772,62,72.360558,39,81.494024,15,61.593625,85,54.123506,111,64.840637,64,57.750585,59,57.760431,55,55.528455,99,55.327869,100,85.230352,9,88.109756,1
7190,Wollaston #7,Quincy,Wollaston,,reliable,as_recorded,True,1070000.0,0.45,5372.285714285715,0.47572189062752057,288233.0,34.437446,75,37.284081,105,53.289489,88,52.152821,82,45.887529,82,34.437446,71,37.284081,100,53.289489,83,52.152821,77,45.887529,77,34.697892,71,37.818428,99,53.587722,82,51.921145,76,46.052578,77,66.443089,59,56.829268,87,64.939024,71,65.345528,66,64.430894,62,66.747967,59,57.601626,86,65.294715,70,65.213415,65,64.684959,63,66.215139,60,56.772908,92,64.233068,77,64.153386,73,63.794821,70,53.770789,91,53.919341,86,56.99187,90,57.04918,89,61.04336,70,51.880081,104
9397,Harvard #1,Cambridge,Harvard,,reliable,as_recorded,True,24324142.85714286,0.7,25122.85714285714,0.4559519193485847,771194.0,35.519605,70,52.06109,42,73.608445,6,67.667374,18,58.968922,26,35.519605,66,52.06109,39,73.608445,6,67.667374,15,58.968922,23,35.625343,66,52.28602,39,73.730188,6,67.579796,14,59.039024,23,40.995935,152,62.764228,61,76.788618,17,72.96748,32,64.329268,63,41.087398,153,63.109756,61,76.930894,18,72.926829,32,64.430894,64,40.866534,158,62.649402,66,76.85259,17,72.768924,36,64.243028,68,67.010012,19,67.069397,16,70.609756,21,70.532787,21,55.96206,88,44.512195,159
10520,Wonderland #2,Revere,Wonderland,,reliable,as_recorded,True,1295312.5,0.32,8363.285714285714,0.46718965334464113,482051.0,31.910705,93,33.060471,128,60.18552,50,55.355185,67,47.785959,75,31.910705,88,33.060471,123,60.18552,46,55.355185,62,47.785959,70,32.116239,89,33.484993,124,60.339251,47,55.467003,60,47.975777,70,61.341463,78,48.861789,123,70.243902,45,66.341463,62,64.02439,65,61.615854,77,49.573171,124,70.46748,45,66.585366,62,64.329268,65,61.384462,79,49.143426,129,69.860558,49,65.976096,67,63.844622,69,56.445412,74,56.607174,67,60.528455,63,60.614754,62,56.504065,84,45.426829,154
7340,North Quincy #5,Quincy,North Quincy,,reliable,as_recorded,True,1426617.6470588234,0.68,7065.142857142857,0.5035117461855171,381308.0,34.320398,77,43.71436,75,50.314946,101,48.066477,105,44.548815,88,34.320398,73,43.71436,70,50.314946,96,48.066477,100,44.548815,83,34.477641,73,44.0423,71,50.551257,97,47.731598,100,44.610661,83,66.01626,60,65.528455,54,62.235772,79,62.073171,77,63.617886,66,66.067073,60,65.792683,54,62.439024,79,61.686992,78,63.617886,66,65.64741,61,65.0,58,61.494024,86,60.796813,84,62.848606,72,53.26785,95,53.333839,90,57.276423,85,57.254098,85,66.802168,50,61.585366,46
10676,Malden Center #15,Malden,Malden Center,,reliable,as_recorded,True,911071.4285714285,0.28,13356.142857142857,0.481742765693383,431396.0,35.972673,67,33.098822,127,62.297391,40,52.132199,83,48.616501,68,35.972673,63,33.098822,122,62.297391,36,52.132199,78,48.616501,63,36.350522,61,33.881428,120,62.752253,36,51.725008,79,48.843396,63,63.394309,70,44.512195,143,70.914634,41,61.036585,80,62.703252,68,64.065041,69,46.01626,139,71.575203,38,60.965447,80,63.262195,67,63.884462,70,45.816733,144,71.185259,40,60.388446,85,62.898406,71,56.806014,69,57.02716,64,58.292683,80,58.278689,80,60.907859,71,53.099593,95
7183,Wollaston #8,Quincy,Wollaston,,reliable,as_recorded,True,1059500.0,0.4,5372.285714285715,0.47572189062752057,306663.0,33.318258,83,34.722799,121,52.557432,91,50.892362,91,44.667433,87,33.318258,79,34.722799,116,52.557432,86,50.892362,86,44.667433,82,33.56632,77,35.232377,114,52.848234,86,50.648302,86,44.820098,82,65.426829,62,53.495935,105,64.085366,74,63.760163,71,63.00813,67,65.630081,62,54.065041,104,64.380081,74,63.526423,72,63.160569,68,65.119522,65,53.306773,109,63.336653,79,62.5,78,62.300797,75,52.867368,96,52.996104,91,56.056911,95,56.106557,95,59.01084,76,50.355691,113
10281,Revere Beach #5,Revere,Revere Beach,,reliable,as_recorded,True,1061333.3333333335,0.3,5289.285714285715,0.3830693237949242,514784.0,31.879612,94,29.814679,151,56.58189,73,56.520906,58,46.560786,79,31.879612,89,29.814679,146,56.58189,68,56.520906,53,46.560786,74,32.163844,88,30.396597,145,56.852561,68,56.462418,53,46.779501,74,61.443089,77,44.227642,145,66.300813,65,66.626016,61,62.296748,71,61.971545,75,45.447154,144,66.747967,62,66.869919,61,62.804878,69,61.733068,76,45.059761,146,66.25498,67,66.573705,65,62.450199,73,55.656819,78,55.841699,73,60.609756,62,60.614754,62,50.880759,107,38.51626,205
10618,Malden Center #16,Malden,Malden Center,,reliable,as_recorded,True,897037.037037037,0.27,13356.142857142857,0.481742765693383,422519.0,35.770849,68,32.29154,135,62.100615,42,51.753785,87,48.288541,70,35.770849,64,32.29154,130,62.100615,38,51.753785,82,48.288541,65,36.14885,64,33.060997,127,62.553046,38,51.34086,82,48.511384,65,63.495935,69,44.065041,146,70.853659,42,60.853659,81,62.601626,69,63.70935,70,44.654472,146,71.239837,42,60.325203,83,62.703252,70,63.535857,71,44.482072,151,70.856574,43,59.760956,86,62.350598,74,56.490806,71,56.672383,66,57.276423,85,57.254098,85,60.162602,72,52.54065,99
9441,Harvard #2,Cambridge,Harvard,,reliable,as_recorded,True,21194833.333333336,0.6,25122.85714285714,0.4559519193485847,765727.0,34.000756,78,48.996483,54,72.69209,9,66.136753,20,57.441664,33,34.000756,74,48.996483,50,72.69209,9,66.136753,17,57.441664,29,34.09411,74,49.196644,50,72.806402,9,66.03679,16,57.499382,29,39.166667,157,58.780488,80,75.630081,23,70.995935,44,62.398374,70,39.308943,158,59.227642,80,75.802846,26,71.006098,41,62.550813,71,39.023904,163,58.645418,85,75.687251,19,70.786853,43,62.300797,75,65.781601,20,65.831078,17,69.02439,26,68.934426,26,53.455285,95,42.632114,173
7346,North Quincy #6,Quincy,North Quincy,,reliable,as_recorded,True,1408360.655737705,0.61,7065.142857142857,0.5035117461855171,381308.0,33.390188,82,41.611761,90,49.711412,106,47.030313,107,43.542924,98,33.390188,78,41.611761,85,49.711412,101,47.030313,102,43.542924,93,33.555687,78,41.956213,85,49.952676,101,46.703691,103,43.613026,93,64.898374,66,62.642276,62,61.443089,83,60.670732,82,62.296748,71,65.101626,65,63.211382,60,61.737805,84,60.436992,82,62.449187,72,64.601594,68,62.270916,67,60.747012,91,59.472112,88,61.603586,77,52.463137,98,52.535731,94,56.341463,94,56.311475,94,65.243902,56,60.416667,54
5992,Braintree #7,Braintree,Braintree,4_nparcels_field_anomaly,reliable,as_recorded,True,1191750.0,0.4,5210.714285714285,0.47550147977638935,78818.0,31.307934,95,33.241379,126,50.659514,98,50.62791,92,43.263864,99,31.307934,90,33.241379,121,50.659514,93,50.62791,87,43.263864,94,31.546036,90,33.731037,122,50.930396,92,50.423691,87,43.416529,94,62.987805,73,51.829268,112,62.03252,81,63.373984,73,61.382114,73,63.180894,73,52.378049,112,62.306911,80,63.180894,74,61.534553,73,62.719124,74,51.653386,117,61.304781,87,62.161355,81,60.707171,80,49.089295,123,49.247754,118,49.95935,134,49.959016,133,55.555556,90,46.79878,143
8728,Harvard Avenue #2,Brookline,Harvard Avenue,,reliable,as_recorded,True,3297261.904761905,0.84,1916.142857142857,0.42435959400676654,476181.0,31.100204,96,45.255325,70,54.472461,82,60.726073,42,48.855164,66,31.100204,91,45.255325,65,54.472461,77,60.726073,38,48.855164,61,31.14474,92,45.357852,66,54.529594,78,60.676894,36,48.883985,62,50.630081,106,61.585366,67,62.195122,80,70.365854,46,61.382114,73,50.599593,108,61.686992,68,62.235772,81,70.304878,45,61.382114,74,50.587649,113,61.294821,72,61.89243,84,70.079681,46,61.155378,78,57.274356,62,57.304017,57,57.96748,82,57.786885,82,50.0,114,38.617886,204
10012,Assembly #4,Somerville,Assembly,,reliable,recorded_zero_unverified,True,3749814.8148148144,0.54,8828.42857142857,0.4617740471869328,0.0,30.639434,98,42.564341,81,62.720802,37,60.188382,46,50.849411,55,30.639434,93,42.564341,76,62.720802,33,60.188382,42,50.849411,50,30.751004,93,42.800936,76,62.859988,35,60.056835,42,50.915385,50,46.52439,127,56.382114,89,69.065041,51,68.211382,57,61.178862,75,46.595528,128,56.686992,89,69.166667,51,68.252033,55,61.280488,75,46.613546,131,56.215139,94,68.944223,53,67.908367,57,61.055777,79,40.679529,171,40.738913,166,49.105691,142,,,52.168022,100,41.971545,179
9818,Sullivan Square #3,Somerville,Sullivan Square,,reliable,as_recorded,True,1998387.0967741935,0.31,8268.57142857143,0.44920652056569144,771434.0,27.503079,116,30.817249,146,59.870809,54,55.964256,63,46.398228,80,27.503079,111,30.817249,141,59.870809,50,55.964256,58,46.398228,75,27.734365,111,31.293275,139,60.081825,50,55.952424,56,46.583918,75,52.662602,100,44.471545,144,68.272358,53,65.101626,67,60.162602,77,52.916667,100,45.142276,145,68.526423,53,65.172764,67,60.416667,76,52.978088,103,44.920319,149,68.316733,56,65.069721,68,60.308765,81,56.960062,66,57.115219,58,67.520325,27,67.540984,27,49.593496,117,38.973577,202
9921,Porter #1,Cambridge,Porter,,reliable,as_recorded,True,4457007.722007723,5.18,9779.714285714286,0.5170454545454546,707974.0,39.9046,48,65.642778,14,58.757173,62,56.976213,57,54.070721,44,39.9046,45,65.642778,14,58.757173,57,56.976213,52,54.070721,40,40.023969,45,65.894971,14,58.998648,57,56.503859,52,54.074772,40,50.833333,104,72.317073,36,62.560976,77,61.544715,79,60.365854,76,50.904472,105,72.621951,37,62.804878,78,61.077236,79,60.365854,77,50.886454,111,72.649402,36,62.709163,82,60.816733,83,60.258964,82,62.86688,36,62.873424,33,65.813008,38,65.778689,39,65.447154,55,62.804878,36
7310,North Quincy #7,Quincy,North Quincy,,reliable,as_recorded,True,817450.9803921569,0.4,7065.142857142857,0.5035117461855171,320797.0,36.748815,62,35.385858,114,49.299746,108,44.726309,119,42.856815,100,36.748815,58,35.385858,109,49.299746,103,44.726309,114,42.856815,95,36.996876,58,35.895437,108,49.590548,103,44.482249,113,43.009479,95,66.727642,58,53.292683,106,60.101626,90,56.808943,95,60.060976,78,66.930894,58,53.861789,106,60.396341,90,56.575203,96,60.213415,78,66.394422,59,53.10757,111,59.432271,97,55.687251,103,59.412351,84,51.471713,108,51.60045,101,53.943089,111,53.97541,110,62.262873,66,58.180894,65
10285,Revere Beach #7,Revere,Revere Beach,,reliable,as_recorded,True,1121428.5714285714,0.28,5289.285714285715,0.3830693237949242,514784.0,30.232345,100,27.623408,163,55.800392,75,55.356316,66,45.258289,85,30.232345,95,27.623408,158,55.800392,70,55.356316,61,45.258289,80,30.528961,95,28.230094,158,56.078494,70,55.310213,62,45.489388,80,58.191057,83,39.349593,165,64.654472,73,64.085366,70,59.552846,79,58.770325,82,40.670732,164,65.132114,72,64.380081,69,60.111789,79,58.595618,83,40.378486,168,64.671315,76,64.133466,74,59.810757,83,54.614821,86,54.809608,79,58.455285,79,58.442623,79,47.289973,130,35.823171,213
7241,North Quincy #9,Quincy,North Quincy,,reliable,as_recorded,True,673333.3333333334,0.36,7065.142857142857,0.5035117461855171,320797.0,40.327364,47,34.954663,119,50.024071,104,44.98498,118,44.064022,92,40.327364,44,34.954663,114,50.024071,99,44.98498,113,44.064022,87,40.612579,43,35.538547,113,50.337164,99,44.778073,112,44.25384,87,67.337398,55,50.609756,116,59.735772,92,55.711382,103,59.45122,80,67.743902,54,51.585366,114,60.152439,92,55.680894,103,59.806911,80,67.390438,56,50.956175,121,59.252988,100,54.870518,109,59.113546,85,52.437479,99,52.595938,93,53.617886,114,53.647541,112,61.720867,68,57.77439,68
9577,Union Square #1,Somerville,Union Square,,reliable,as_recorded,True,954629.3888166449,7.69,769.5714285714286,0.5254629629629629,702421.0,43.66079,38,60.434175,24,37.840345,156,45.044961,116,44.342141,90,43.66079,37,60.434175,21,37.840345,151,45.044961,111,44.342141,85,43.855712,37,60.837474,21,38.238705,151,44.249753,114,44.342065,86,72.03252,41,73.170732,32,46.95122,141,54.430894,108,59.146341,81,72.184959,41,73.638211,32,47.357724,140,53.638211,109,59.146341,81,72.041833,41,73.486056,34,46.952191,147,53.306773,114,58.864542,86,54.925496,82,54.948553,77,63.373984,52,63.401639,51,69.647696,45,70.325203,19
7194,Wollaston #9,Quincy,Wollaston,,reliable,as_recorded,True,1563783.783783784,0.37,5372.285714285715,0.47572189062752057,306663.0,28.119027,108,31.401363,141,50.764835,96,48.789329,98,41.679772,108,28.119027,103,31.401363,136,50.764835,91,48.789329,93,41.679772,103,28.34232,103,31.861403,135,51.040776,91,48.520501,94,41.807668,103,57.5,86,48.699187,125,61.402439,85,60.670732,82,58.536585,82,57.804878,86,49.471545,125,61.75813,83,60.538618,81,58.79065,82,57.450199,87,48.804781,130,60.766932,90,59.571713,87,58.017928,89,50.477239,117,50.586161,111,52.560976,118,52.581967,118,53.184282,96,45.985772,150
10366,Medford/Tufts #2,Medford,Medford/Tufts,,reliable,as_recorded,True,1792682.9268292685,0.41,1394.857142857143,0.44568868980963045,431232.0,26.66999,121,30.924039,144,48.748706,110,53.105546,77,41.838813,107,26.66999,116,30.924039,139,48.748706,105,53.105546,72,41.838813,102,26.815305,116,31.228125,140,48.880251,105,53.107345,72,41.958453,102,55.792683,90,48.495935,126,58.821138,98,64.471545,68,58.333333,83,55.97561,89,49.02439,128,59.004065,98,64.573171,68,58.536585,83,55.856574,90,48.565737,132,58.665339,102,64.322709,72,58.266932,88,51.377259,109,51.476273,104,54.02439,110,53.893443,111,46.544715,133,36.280488,210
9928,Alewife #2,Cambridge,Alewife,,reliable,as_recorded,True,2286595.238095238,4.2,12830.0,0.5727989037341555,242978.0,39.369413,49,63.6426,18,50.795587,95,42.289217,124,46.910308,78,39.369413,46,63.6426,16,50.795587,90,42.289217,119,46.910308,73,39.385052,48,63.687334,16,50.835382,94,42.211141,118,46.910232,73,60.650407,81,74.715447,29,57.601626,102,49.796748,120,58.333333,83,60.619919,81,74.817073,29,57.642276,102,49.735772,120,58.333333,84,61.005976,81,75.039841,26,57.828685,106,49.880478,123,58.565737,87,54.166292,89,54.176138,84,50.406504,128,50.163934,130,76.693767,24,81.707317,2
7088,Wollaston #10,Quincy,Wollaston,,reliable,as_recorded,True,873793.103448276,0.29,5372.285714285715,0.47572189062752057,236962.0,33.00262,84,28.440666,158,51.308513,92,48.104473,104,42.585902,102,33.00262,80,28.440666,153,51.308513,87,48.104473,99,42.585902,97,33.337373,80,29.123625,153,51.65133,87,47.947104,99,42.825257,97,61.056911,79,41.504065,156,60.853659,87,57.96748,90,57.621951,85,61.565041,79,42.682927,154,61.331301,87,58.038618,90,58.079268,85,61.135458,80,42.151394,159,60.348606,94,57.121514,95,57.320717,90,50.634111,114,50.828898,109,50.081301,131,50.163934,130,52.235772,99,45.27439,155
9237,Central #5,Cambridge,Central,,reliable,as_recorded,True,2653333.3333333335,0.36,19337.0,0.49156951536756915,821261.0,27.68231,114,35.05202,117,60.007447,52,48.713376,100,44.93273,86,27.68231,109,35.05202,112,60.007447,48,48.713376,95,44.93273,81,27.937645,108,35.576143,112,60.26078,48,48.625991,93,45.122548,81,48.699187,115,48.130081,130,67.479675,58,57.479675,92,57.113821,88,49.075203,115,49.044715,126,67.835366,57,57.571138,91,57.469512,86,49.193227,120,48.784861,131,67.51992,60,57.061753,96,57.221116,91,55.886739,77,56.045198,71,65.731707,40,65.696721,40,56.368564,85,52.083333,101
9206,Central #2,Cambridge,Central,,reliable,as_recorded,True,4465000.0,0.5,19337.0,0.49156951536756915,849654.0,29.729594,103,42.079652,83,61.785767,43,52.043876,84,47.896597,74,29.729594,98,42.079652,78,61.785767,39,52.043876,79,47.896597,69,29.910622,98,42.455162,79,61.994516,40,51.882184,78,48.012108,69,43.414634,139,54.796748,99,67.54065,57,59.735772,85,57.215447,86,43.485772,140,55.101626,98,67.713415,58,59.522358,84,57.26626,87,43.11753,147,54.482072,104,67.221116,63,58.794821,89,56.723108,93,58.310672,54,58.406384,51,65.772358,39,65.819672,38,56.097561,86,51.880081,104
8865,Amory Street #1,Brookline,Amory Street,,reliable,as_recorded,True,4306272.189349112,1.69,608.4285714285714,0.4208955223880597,685730.0,32.189449,89,50.915631,48,48.257434,113,61.408831,38,48.09174,73,32.189449,84,50.915631,45,48.257434,108,61.408831,34,48.09174,68,32.217473,85,50.985133,46,48.30466,110,61.34314,34,48.104048,68,46.199187,130,63.170732,59,53.821138,110,68.536585,53,57.215447,86,46.168699,131,63.272358,59,53.861789,113,68.47561,52,57.215447,88,45.946215,136,62.888446,65,53.625498,118,68.266932,55,56.972112,92,57.832705,58,57.845854,54,61.178862,60,61.106557,60,44.173442,146,34.044715,221
10006,Gilman Square #2,Somerville,Gilman Square,,reliable,as_recorded,True,867401.5748031496,1.27,1544.857142857143,0.5510835913312694,595520.0,39.319882,51,48.467389,56,35.072059,159,35.63142,156,38.068305,128,39.319882,48,48.467389,52,35.072059,154,35.63142,151,38.068305,123,39.462316,47,48.765711,52,35.313429,154,35.231932,151,38.105382,123,71.178862,42,69.349593,45,46.504065,145,48.943089,126,56.707317,90,71.341463,42,69.837398,45,46.788618,144,48.617886,126,56.808943,89,70.916335,43,69.163347,49,46.215139,150,48.087649,131,56.2749,95,49.331791,121,49.37136,116,58.089431,81,58.07377,81,70.663957,40,74.186992,12
9986,Gilman Square #1,Somerville,Gilman Square,,reliable,as_recorded,True,1098676.4705882352,2.72,1544.857142857143,0.5510835913312694,578332.0,39.358489,50,55.325632,33,36.366666,157,38.636727,137,40.225984,114,39.358489,47,55.325632,30,36.366666,152,38.636727,132,40.225984,109,39.467898,46,55.557904,30,36.588221,152,38.204214,133,40.230036,109,69.552846,46,71.626016,39,46.565041,144,49.735772,121,56.808943,89,69.613821,46,71.910569,38,46.788618,144,49.308943,122,56.808943,89,69.521912,46,71.792829,41,46.394422,148,49.063745,127,56.573705,94,50.952254,112,50.9621,107,57.357724,84,57.336066,84,70.663957,40,74.186992,12
9695,Union Square #2,Somerville,Union Square,,reliable,as_recorded,True,1245459.940652819,3.37,769.5714285714286,0.5254629629629629,619365.0,38.063102,57,55.051111,36,35.57154,158,41.990159,125,40.560801,111,38.063102,53,55.051111,33,35.57154,153,41.990159,120,40.560801,106,38.262153,53,55.462666,31,35.972378,153,41.19908,121,40.564853,106,67.357724,54,70.0,43,45.304878,149,52.45935,112,56.402439,91,67.510163,56,70.46748,43,45.711382,149,51.666667,114,56.402439,91,67.460159,55,70.378486,46,45.338645,153,51.374502,118,56.175299,96,51.497518,107,51.520574,103,58.617886,77,58.606557,77,65.98916,52,67.581301,27
5991,Braintree #9,Braintree,Braintree,,reliable,as_recorded,True,656800.0,0.25,5210.714285714285,0.47550147977638935,78818.0,37.497786,59,26.919433,165,50.866866,94,48.63579,102,43.609451,95,37.497786,55,26.919433,160,50.866866,89,48.63579,97,43.609451,90,37.694606,56,27.326528,161,51.112978,89,48.390289,97,43.720834,91,61.666667,75,36.829268,174,58.922764,97,56.646341,96,56.199187,92,61.808943,76,37.276423,178,59.166667,97,56.402439,98,56.300813,92,61.573705,78,36.932271,183,58.286853,104,55.577689,104,55.677291,99,49.365764,120,49.491198,115,45.772358,157,45.819672,156,48.577236,124,41.565041,187
10262,Revere Beach #6,Revere,Revere Beach,,reliable,as_recorded,True,1802857.142857143,0.28,5289.285714285715,0.3830693237949242,399857.0,25.001938,132,25.531245,175,54.23127,84,53.787194,74,42.643085,101,25.001938,127,25.531245,170,54.23127,79,53.787194,69,42.643085,96,25.298554,127,26.137931,169,54.509371,79,53.741091,68,42.874185,96,50.46748,107,36.260163,178,62.337398,78,61.768293,78,55.691057,95,51.046748,104,37.581301,176,62.815041,77,62.063008,77,56.25,93,51.025896,108,37.350598,179,62.400398,83,61.86255,82,56.025896,97,51.842342,101,52.030524,96,51.788618,121,51.721311,121,42.140921,158,31.961382,224
9768,Porter #3,Cambridge,Porter,,reliable,as_recorded,True,3511756.756756757,0.74,9779.714285714286,0.5170454545454546,678386.0,30.031615,102,45.035724,71,52.671929,90,46.726503,110,43.928647,93,30.031615,97,45.035724,66,52.671929,85,46.726503,105,43.928647,88,30.192265,97,45.370479,65,52.938173,85,46.295431,106,43.97398,88,48.495935,117,60.813008,69,59.878049,91,56.219512,99,55.894309,93,48.668699,117,61.321138,69,60.182927,91,55.853659,101,55.995935,94,48.794821,121,61.135458,73,60.079681,95,55.517928,105,55.876494,98,54.455995,87,54.502169,82,59.878049,66,59.713115,69,59.620596,73,58.434959,64
9278,Lechmere #3,Cambridge,Lechmere,,reliable,as_recorded,True,2293076.923076923,0.39,2060.8571428571427,0.4548959136468774,757650.0,25.403089,130,30.876304,145,51.297333,93,52.876498,78,42.235262,104,25.403089,125,30.876304,140,51.297333,88,52.876498,73,42.235262,99,25.552532,125,31.188646,141,51.431354,88,52.882426,73,42.35903,99,48.638211,116,46.056911,138,59.654472,93,62.45935,76,55.792683,94,48.668699,117,46.280488,138,59.745935,94,62.408537,76,55.843496,95,48.695219,122,45.876494,143,59.39243,98,62.201195,79,55.62749,100,53.583454,92,53.692376,87,63.455285,51,63.401639,51,44.03794,148,35.213415,219
9168,Central #4,Cambridge,Central,,reliable,as_recorded,True,3730000.0,0.41,19337.0,0.49156951536756915,809223.0,27.697015,113,37.422499,104,60.45522,48,49.752299,95,45.679019,83,27.697015,108,37.422499,99,60.45522,44,49.752299,90,45.679019,78,27.882171,109,37.806265,100,60.666446,44,49.594736,90,45.798659,78,43.00813,144,49.430894,121,66.443089,63,57.337398,94,55.386179,96,43.231707,141,50.04065,121,66.707317,63,57.276423,93,55.589431,96,43.266932,145,49.681275,126,66.354582,65,56.713147,97,55.278884,101,56.463955,72,56.569574,69,64.065041,46,64.016393,46,53.861789,93,50.203252,115
10771,Oak Grove #2,Malden,Oak Grove,,reliable,as_recorded,True,630833.3333333334,0.48,7995.285714285715,0.5575403269459781,403997.0,41.955853,39,39.656478,95,42.354242,143,32.118593,171,38.950297,123,41.955853,38,39.656478,90,42.354242,138,32.118593,166,38.950297,118,42.091209,38,39.940643,90,42.465867,138,32.160233,165,39.069937,118,69.918699,44,57.682927,85,52.276423,121,43.617886,150,55.182927,97,70.04065,44,58.089431,85,52.408537,121,43.70935,148,55.335366,97,69.760956,45,57.49004,90,51.982072,128,43.296813,152,54.930279,102,48.927741,124,49.030058,119,51.178862,125,51.188525,125,71.070461,38,76.270325,6
9975,Davis #4,Cambridge,Davis,,reliable,as_recorded,True,2235686.274509804,0.51,11228.142857142857,0.5234490702649334,610651.0,28.344713,107,38.602018,98,50.286753,102,40.999201,129,40.252159,113,28.344713,102,38.602018,93,50.286753,97,40.999201,124,40.252159,108,28.594742,102,39.11553,93,50.662401,95,40.458303,124,40.34703,108,53.170732,96,55.650407,94,59.146341,95,51.788618,115,54.979675,98,53.384146,96,56.239837,93,59.53252,95,51.260163,116,55.081301,98,53.416335,100,55.836653,98,59.38247,99,50.876494,121,54.880478,103,51.224184,110,51.306686,105,57.154472,88,57.04918,89,61.788618,67,62.601626,39
10116,Davis #7,Cambridge,Davis,,reliable,as_recorded,True,1947045.4545454546,0.44,11228.142857142857,0.5234490702649334,440565.0,27.556065,115,35.221829,115,49.475522,107,39.421787,134,38.900107,124,27.556065,110,35.221829,110,49.475522,102,39.421787,129,38.900107,119,27.847375,110,35.817904,109,49.875939,102,38.922171,130,39.036259,119,55.0,92,52.804878,109,59.02439,96,50.772358,118,54.776423,99,55.162602,92,53.292683,109,59.380081,96,50.193089,118,54.827236,99,55.159363,96,52.948207,114,59.233068,101,49.830677,124,54.631474,104,49.15179,122,49.264014,117,52.113821,119,51.967213,119,61.449864,69,62.347561,40
5967,Braintree #8,Braintree,Braintree,,reliable,as_recorded,True,1616451.612903226,0.31,5210.714285714285,0.47550147977638935,78818.0,24.97941,133,26.046825,171,47.886617,116,46.689227,111,38.64237,126,24.97941,128,26.046825,166,47.886617,111,46.689227,106,38.64237,121,25.250536,128,26.602533,167,48.177314,111,46.518033,104,38.828059,121,53.028455,98,41.01626,161,57.764228,101,57.398374,93,54.268293,100,53.323171,97,41.768293,159,58.099593,101,57.306911,92,54.522358,100,53.057769,101,41.25498,164,57.181275,108,56.404382,99,53.834661,105,45.392099,151,45.576979,144,44.349593,162,44.344262,161,46.205962,137,39.786585,197
8704,Saint Mary's Street #1,Brookline,Saint Mary's Street,,reliable,as_recorded,True,4399156.626506024,0.83,822.7142857142857,0.4697674418604651,733121.0,27.964839,110,42.055072,84,47.811379,117,54.825476,69,43.795857,94,27.964839,105,42.055072,79,47.811379,112,54.825476,64,43.795857,89,28.03172,107,42.202288,83,47.895863,113,54.748841,63,43.837062,89,42.845528,145,56.219512,91,54.288618,108,63.272358,74,54.065041,101,42.926829,145,56.544715,91,54.410569,109,63.272358,73,54.166667,101,42.549801,150,55.976096,95,53.74502,117,62.589641,77,53.585657,106,54.67341,83,54.716281,80,60.97561,61,61.065574,61,43.292683,153,35.772358,214
8617,Coolidge Corner #2,Brookline,Coolidge Corner,,reliable,as_recorded,True,5659457.364341085,1.29,1973.5714285714287,0.48815399802566634,632698.0,30.566912,99,48.832205,55,47.450426,119,51.890631,85,44.389489,89,30.566912,94,48.832205,51,47.450426,114,51.890631,80,44.389489,84,30.71105,94,49.133936,51,47.706762,116,51.443046,81,44.418309,84,43.089431,141,62.317073,65,53.434959,115,59.898374,84,53.658537,102,43.160569,142,62.621951,65,53.678862,116,59.430894,85,53.658537,102,42.5,151,61.772908,70,52.729084,124,58.446215,91,52.788845,108,54.639728,84,54.679297,81,57.113821,89,57.254098,85,50.0,114,46.341463,148
9817,Porter #4,Somerville,Porter,,reliable,as_recorded,True,2470666.6666666665,0.45,9779.714285714286,0.5170454545454546,702868.0,26.354179,123,35.070694,116,49.976063,105,41.907123,126,39.435536,120,26.354179,118,35.070694,111,49.976063,100,41.907123,121,39.435536,115,26.634545,118,35.644882,111,50.314136,100,41.595767,120,39.600586,115,49.308943,114,50.731707,115,58.170732,99,51.910569,114,53.04878,103,49.634146,114,51.544715,115,58.567073,99,51.697154,113,53.302846,103,49.741036,118,51.23506,119,58.436255,103,51.304781,119,53.13745,107,51.079473,111,51.218117,106,59.430894,75,59.344262,75,56.02981,87,55.74187,80
9179,Central #3,Cambridge,Central,,reliable,as_recorded,True,6754444.444444444,0.45,19337.0,0.49156951536756915,809223.0,27.812925,112,39.080487,97,60.792173,45,50.492158,93,46.240607,81,27.812925,107,39.080487,92,60.792173,41,50.492158,88,46.240607,76,28.043491,106,39.555073,92,61.030645,41,50.380004,88,46.405656,76,36.707317,169,49.186992,122,64.979675,70,56.443089,97,52.947154,106,36.981707,169,49.898374,122,65.27439,71,56.432927,97,53.20122,104,36.543825,175,49.302789,128,64.770916,75,55.707171,102,52.639442,110,56.913225,67,57.055172,62,62.154472,53,62.254098,53,50.677507,109,47.815041,132
10038,Davis #1,Somerville,Davis,decoded_overlap_without_shared_parcel;recorded_area_differs_from_decoded,reliable,as_recorded,True,6760999.999999999,1.1,11228.142857142857,0.5234490702649334,707621.0,31.991906,92,51.170538,46,53.46397,87,46.953828,108,45.547519,84,31.991906,87,51.170538,43,53.46397,82,46.953828,103,45.547519,79,32.167629,87,51.535437,43,53.795033,81,46.338624,105,45.568083,79,41.686992,151,63.252033,58,57.987805,100,53.678862,110,53.04878,103,41.79878,151,63.638211,57,58.313008,100,53.04878,110,53.04878,105,41.464143,157,63.167331,63,58.067729,105,52.589641,115,52.689243,109,56.008689,76,56.044955,72,59.674797,70,59.672131,71,59.078591,75,60.569106,52
8527,Brookline Village #2,Brookline,Brookline Village,,reliable,as_recorded,True,2935353.5353535353,0.99,999.4285714285714,0.5009157509157509,600323.0,27.97581,109,42.941354,78,40.744468,149,45.192185,115,38.890182,125,27.97581,104,42.941354,73,40.744468,144,45.192185,110,38.890182,120,28.054355,104,43.111899,74,40.863838,144,45.027613,111,38.923131,120,50.060976,111,60.772358,70,49.593496,137,56.219512,99,53.04878,103,50.060976,111,60.934959,70,49.695122,137,56.036585,99,53.04878,105,49.860558,116,60.358566,75,49.003984,142,55.298805,106,52.49004,112,50.028922,119,50.061886,114,55.284553,101,55.245902,104,51.693767,103,49.49187,117
10779,Oak Grove #1,Malden,Oak Grove,,reliable,as_recorded,True,957800.0,0.5,7995.285714285715,0.5575403269459781,403997.0,32.823978,86,36.703859,108,39.745954,153,29.685338,177,34.603151,145,32.823978,81,36.703859,103,39.745954,148,29.685338,172,34.603151,140,32.955205,81,36.979768,104,39.855102,148,29.72285,171,34.718662,141,64.735772,67,56.747967,88,50.934959,127,42.560976,157,52.947154,106,64.756098,68,56.95122,88,51.006098,130,42.550813,157,52.997967,107,64.38247,69,56.294821,93,50.547809,135,42.101594,162,52.539841,111,45.450024,149,45.549038,145,49.308943,140,49.303279,139,67.95393,48,73.932927,14
9842,Sullivan Square #4,Somerville,Sullivan Square,recorded_area_differs_from_decoded,reliable,as_recorded,True,3265357.1428571427,0.28,8268.57142857143,0.44920652056569144,741001.0,23.274083,143,26.879944,166,58.181041,65,53.713061,75,43.581947,97,23.274083,138,26.879944,161,58.181041,60,53.713061,70,43.581947,92,23.550779,138,27.446789,160,58.419302,60,53.746638,67,43.813046,90,37.926829,165,33.211382,190,62.845528,75,58.333333,88,51.117886,109,38.485772,164,34.49187,186,63.28252,75,58.70935,86,51.676829,108,38.635458,167,34.40239,190,63.11753,80,58.675299,90,51.643426,113,54.634382,85,54.822564,78,59.837398,67,59.836066,67,37.940379,179,30.23374,229
9653,East Somerville #2,Somerville,East Somerville,,reliable,as_recorded,True,1307021.2765957448,0.94,457.85714285714283,0.5063520871143375,702779.0,28.872713,105,37.689733,102,28.068165,171,38.001734,140,32.371245,159,28.872713,100,37.689733,97,28.068165,166,38.001734,135,32.371245,154,28.990115,100,37.937991,97,28.224795,166,37.826217,134,32.433091,154,60.995935,80,59.146341,78,39.613821,155,51.768293,116,51.321138,108,61.107724,80,59.53252,78,39.796748,156,51.646341,115,51.422764,109,60.886454,82,59.063745,84,39.36255,161,51.055777,120,50.996016,115,45.395015,150,45.461004,146,57.682927,83,57.663934,83,51.626016,105,51.01626,109
10015,Davis #11,Cambridge,Davis,,reliable,as_recorded,True,2064324.3243243243,0.37,11228.142857142857,0.5234490702649334,653437.0,25.319234,131,31.420888,140,48.259559,112,37.479272,145,36.873501,132,25.319234,126,31.420888,135,48.259559,107,37.479272,140,36.873501,127,25.602288,124,32.00045,133,48.655021,107,36.971399,143,37.001397,127,50.325203,110,46.707317,135,56.829268,104,47.520325,131,51.117886,109,50.691057,107,47.601626,133,57.306911,104,47.144309,131,51.371951,110,50.776892,112,47.370518,138,57.201195,107,46.842629,134,51.24502,114,48.726014,127,48.831633,122,55.691057,97,55.57377,97,56.842818,83,58.892276,61
9995,Assembly #5,Somerville,Assembly,,reliable,recorded_zero_unverified,True,4896774.193548387,0.31,8828.42857142857,0.4617740471869328,0.0,23.795601,139,29.549397,154,58.740638,63,53.638865,76,44.215804,91,23.795601,134,29.549397,149,58.740638,58,53.638865,71,44.215804,86,24.026887,134,30.025424,148,58.951653,58,53.627034,70,44.401494,85,34.430894,183,37.398374,172,62.784553,76,58.394309,86,50.711382,111,34.654472,183,38.00813,172,62.977642,76,58.587398,87,50.965447,111,34.511952,190,37.749004,177,62.758964,81,58.316733,92,50.747012,116,35.372643,192,35.5278,186,40.853659,175,,,38.414634,175,31.656504,226
8452,Brookline Village #1,Brookline,Brookline Village,,reliable,as_recorded,True,4468091.603053435,1.31,999.4285714285714,0.5009157509157509,673768.0,28.777916,106,46.617547,67,41.614227,146,46.900783,109,40.339781,112,28.777916,101,46.617547,62,41.614227,141,46.900783,104,40.339781,107,28.864717,101,46.804604,62,41.738552,141,46.744466,102,40.380986,107,43.04878,143,60.731707,71,48.00813,138,55.325203,105,50.406504,112,43.04878,144,60.894309,71,48.109756,138,55.142276,105,50.406504,112,42.589641,148,60.159363,76,47.330677,144,54.302789,110,49.701195,118,51.578298,105,51.614565,100,55.243902,102,55.286885,102,48.170732,126,46.849593,141
10316,Medford/Tufts #3,Medford,Medford/Tufts,,reliable,as_recorded,True,1846785.714285714,0.28,1394.857142857143,0.44568868980963045,451299.0,21.735495,157,21.539409,204,45.878827,131,48.382958,103,37.055681,130,21.735495,152,21.539409,199,45.878827,126,48.382958,98,37.055681,125,21.99227,152,22.066414,199,46.077247,127,48.496217,95,37.28678,125,46.747967,125,32.03252,191,53.699187,112,56.138211,101,49.796748,114,47.286585,123,33.272358,192,54.095528,112,56.595528,95,50.355691,113,47.340637,127,33.12749,197,53.854582,116,56.503984,98,50.249004,117,47.781929,134,47.970111,129,48.861789,144,48.770492,143,35.636856,189,28.099593,236
8640,Coolidge Corner #3,Brookline,Coolidge Corner,,reliable,as_recorded,True,8534180.327868853,1.22,1973.5714285714287,0.48815399802566634,632698.0,29.499722,104,47.612727,60,46.981657,124,51.223711,88,43.608206,96,29.499722,99,47.612727,56,46.981657,119,51.223711,83,43.608206,91,29.639732,99,47.906201,56,47.235516,119,50.771997,85,43.632898,92,36.686992,170,58.943089,79,51.361789,125,57.621951,91,50.203252,113,36.75813,170,59.247967,79,51.605691,125,57.154472,94,50.203252,114,36.2251,179,58.466135,86,50.697211,132,56.215139,100,49.40239,119,54.014702,90,54.050968,85,54.349593,109,54.467213,108,45.392954,141,42.886179,171
6465,Quincy Adams #3,Quincy,Quincy Adams,,reliable,as_recorded,True,816923.0769230769,0.26,3705.1428571428573,0.49873475960432484,94671.0,30.083787,101,22.865547,197,42.478951,142,38.427995,138,35.506087,138,30.083787,96,22.865547,192,42.478951,137,38.427995,133,35.506087,133,30.352946,96,23.417321,192,42.684802,137,38.553639,132,35.749571,132,56.747967,88,33.861789,185,51.178862,126,47.073171,132,49.288618,115,57.083333,88,34.695122,185,51.453252,126,47.327236,129,49.644309,115,56.743028,89,34.322709,191,50.667331,133,46.623506,135,49.053785,120,43.186904,162,43.384993,157,41.463415,170,41.47541,170,46.612466,132,45.27439,155
10018,Davis #2,Somerville,Davis,,reliable,as_recorded,True,6295625.0,0.64,11228.142857142857,0.5234490702649334,707621.0,27.469301,117,41.963874,86,50.720134,97,42.360586,123,40.974459,110,27.469301,112,41.963874,81,50.720134,92,42.360586,118,40.974459,105,27.678048,112,42.394823,80,51.071012,90,41.778407,119,41.028049,105,38.333333,161,54.918699,97,55.670732,105,49.613821,123,49.186992,116,38.495935,163,55.406504,96,56.026423,105,49.034553,125,49.237805,116,38.12749,170,54.900398,101,55.766932,110,48.555777,128,48.854582,121,52.350241,100,52.412928,95,56.626016,91,56.598361,93,53.99729,92,56.75813,76
7329,North Quincy #8,Quincy,North Quincy,recorded_area_differs_from_decoded,reliable,as_recorded,True,2277777.777777778,0.36,7065.142857142857,0.5035117461855171,381308.0,22.802978,147,27.944908,160,44.766755,138,39.727664,131,35.301829,140,22.802978,142,27.944908,155,44.766755,133,39.727664,126,35.301829,135,23.088193,142,28.528793,155,45.079849,133,39.520757,126,35.491647,135,45.792683,132,41.99187,154,53.272358,116,49.247967,125,48.678862,119,46.199187,130,42.96748,152,53.689024,115,49.21748,123,49.034553,117,46.075697,135,42.430279,157,52.858566,123,48.476096,129,48.456175,123,45.870261,147,46.038628,142,45.609756,158,45.57377,157,47.357724,129,47.002033,140
9475,East Somerville #1,Somerville,East Somerville,,reliable,as_recorded,True,2741630.716134599,11.46,457.85714285714283,0.5063520871143375,702779.0,32.497946,87,55.057923,35,32.140378,162,46.053471,113,39.158267,122,32.497946,82,55.057923,32,32.140378,157,46.053471,108,39.158267,117,32.553426,82,55.182338,33,32.259855,157,45.816033,109,39.158191,117,50.731707,105,63.333333,57,38.089431,162,52.317073,113,48.780488,117,50.74187,106,63.51626,58,38.211382,162,52.093496,112,48.780488,118,51.025896,108,63.565737,61,37.988048,167,51.792829,117,48.705179,122,50.824632,113,50.841083,108,55.569106,98,55.532787,98,48.102981,127,48.373984,126
8650,Coolidge Corner #4,Brookline,Coolidge Corner,,reliable,as_recorded,True,9069387.75510204,0.98,1973.5714285714287,0.48815399802566634,632698.0,27.897088,111,44.488186,72,46.035212,130,49.656395,96,42.030799,105,27.897088,106,44.488186,67,46.035212,125,49.656395,91,42.030799,100,28.045354,105,44.798173,67,46.294026,125,49.212938,92,42.063748,101,35.060976,180,56.341463,90,50.50813,131,56.280488,98,48.780488,117,35.132114,180,56.646341,90,50.752033,132,55.813008,102,48.780488,118,34.631474,186,55.916335,96,49.860558,139,54.900398,108,48.007968,127,52.752777,97,52.795648,92,53.211382,116,53.319672,115,43.495935,152,41.463415,188
7360,North Quincy #10,Quincy,North Quincy,,reliable,as_recorded,True,2147878.7878787876,0.33,7065.142857142857,0.5035117461855171,381308.0,22.25775,151,26.154822,170,44.308437,140,38.876348,136,34.537967,146,22.25775,146,26.154822,165,44.308437,135,38.876348,131,34.537967,141,22.542965,146,26.738707,165,44.621531,135,38.669441,131,34.727784,140,46.300813,128,40.406504,163,53.089431,117,48.617886,127,48.373984,121,46.605691,127,41.178862,162,53.445122,117,48.485772,127,48.628049,120,46.474104,133,40.677291,167,52.619522,125,47.758964,132,48.057769,126,45.259171,152,45.427538,147,45.284553,159,45.245902,158,46.815718,131,46.595528,146
8708,Saint Mary's Street #2,Brookline,Saint Mary's Street,,reliable,as_recorded,True,5730350.877192983,0.57,822.7142857142857,0.4697674418604651,733121.0,24.119562,137,34.902694,120,45.605121,133,51.215651,89,40.11876,115,24.119562,132,34.902694,115,45.605121,128,51.215651,84,40.11876,110,24.252493,132,35.182011,115,45.729235,130,51.205066,83,40.226015,110,35.528455,177,47.113821,133,50.934959,127,58.373984,87,48.47561,120,35.660569,177,47.54065,135,51.087398,129,58.424797,88,48.628049,120,35.02988,184,46.673307,140,50.308765,137,57.579681,94,47.858566,128,51.731732,103,51.827444,98,56.544715,93,56.680328,92,35.907859,187,30.23374,229
9957,Porter #10,Cambridge,Porter,,reliable,as_recorded,True,1938620.6896551726,0.29,9779.714285714286,0.5170454545454546,610651.0,22.884372,145,25.413286,179,47.384592,120,37.248282,149,35.116419,141,22.884372,140,25.413286,174,47.384592,115,37.248282,144,35.116419,136,23.239045,139,26.136087,170,47.76725,114,37.011231,141,35.355774,136,47.378049,121,36.788618,175,55.121951,106,45.569106,137,47.96748,124,47.906504,120,38.00813,172,55.640244,106,45.558943,137,48.424797,122,48.047809,125,37.968127,175,55.567729,111,45.288845,142,48.356574,124,47.115592,137,47.313682,132,51.829268,120,51.762295,120,49.525745,118,50.863821,110
8298,Chestnut Hill #1,Newton,Chestnut Hill,,reliable,as_recorded,True,1890107.1667782988,13.93,568.0,0.5273311897106109,121705.0,33.499192,81,55.204484,34,27.796526,173,37.403106,146,35.570571,137,33.499192,77,55.204484,31,27.796526,168,37.403106,141,35.570571,132,33.534752,79,55.289058,32,27.876161,168,37.245349,140,35.570494,134,58.252033,82,66.097561,53,35.609756,173,45.447154,139,48.373984,121,58.24187,83,66.239837,53,35.691057,174,45.304878,138,48.373984,123,58.376494,84,66.23506,57,35.517928,178,45.139442,143,48.306773,125,43.634792,161,43.641336,156,40.772358,177,40.614754,175,56.910569,82,61.99187,41
8649,Coolidge Corner #6,Brookline,Coolidge Corner,,reliable,as_recorded,True,6654594.594594595,0.74,1973.5714285714287,0.48815399802566634,554692.0,25.864509,126,39.831033,93,44.704666,139,47.364818,106,39.813221,117,25.864509,121,39.831033,88,44.704666,134,47.364818,101,39.813221,112,26.02516,122,40.165789,89,44.97091,134,46.933745,101,39.858555,113,36.48374,172,52.682927,110,50.142276,133,54.857724,107,48.170732,123,36.656504,173,53.191057,110,50.447154,134,54.49187,107,48.272358,124,36.125498,181,52.52988,115,49.561753,140,53.605578,113,47.50996,130,50.503153,116,50.549327,112,50.04065,132,50.122951,132,42.818428,155,40.955285,190
9845,Sullivan Square #5,Somerville,Sullivan Square,,reliable,as_recorded,True,4137307.692307692,0.26,8268.57142857143,0.44920652056569144,704348.0,21.584618,159,24.685003,183,57.38936,66,52.541591,80,42.262479,103,21.584618,154,24.685003,178,57.38936,61,52.541591,75,42.262479,98,21.873698,153,25.276618,178,57.635052,61,52.587553,75,42.505962,98,31.930894,194,29.02439,207,60.711382,88,55.752033,102,47.560976,127,32.286585,193,29.898374,208,61.026423,88,55.924797,100,47.916667,125,32.161355,199,29.741036,210,60.786853,89,55.826693,101,47.758964,129,53.354237,94,53.555629,89,55.243902,102,55.286885,102,32.926829,202,26.473577,240
9427,Union Square #5,Cambridge,Union Square,,reliable,as_recorded,True,1904555.5555555555,0.9,769.5714285714286,0.5254629629629629,765534.0,25.827692,127,37.818769,101,29.587509,166,32.921583,168,30.587415,164,25.827692,122,37.818769,96,29.587509,161,32.921583,163,30.587415,159,26.047383,121,38.271606,96,30.000731,160,32.151145,166,30.612108,159,54.756098,93,57.804878,83,40.182927,154,45.54878,138,47.865854,125,54.908537,93,58.272358,82,40.589431,154,44.756098,140,47.865854,126,54.810757,98,57.828685,87,40.139442,159,44.302789,145,47.50996,130,44.291597,158,44.314653,154,57.195122,87,57.172131,88,54.607046,91,59.044715,60
8626,Coolidge Corner #5,Brookline,Coolidge Corner,,reliable,as_recorded,True,8857191.011235954,0.89,1973.5714285714287,0.48815399802566634,554692.0,26.972997,119,42.586185,80,45.470667,134,48.708758,101,41.089889,109,26.972997,114,42.586185,75,45.470667,129,48.708758,96,41.089889,104,27.154288,114,42.962222,75,45.749295,129,48.298326,98,41.155863,104,34.044715,184,53.98374,102,49.837398,135,55.121951,106,47.662602,126,34.115854,186,54.288618,103,50.081301,136,54.654472,106,47.662602,127,33.635458,193,53.605578,108,49.203187,141,53.76494,112,46.912351,132,51.524487,106,51.587174,102,49.552846,136,49.631148,136,42.00542,160,40.345528,196
8427,Newton Centre #1,Newton,Newton Centre,,reliable,as_recorded,True,2511506.8493150687,1.46,571.8571428571429,0.521259842519685,161995.0,26.922735,120,43.141122,77,29.423966,169,37.889483,142,32.937686,154,26.922735,115,43.141122,72,29.423966,164,37.889483,137,32.937686,149,27.056913,115,43.422932,72,29.660382,163,37.481739,137,32.966507,150,50.345528,108,60.243902,72,38.211382,161,48.617886,127,47.256098,128,50.406504,110,60.528455,73,38.434959,161,48.191057,128,47.256098,128,50.398406,114,60.039841,77,38.027888,166,47.669323,133,46.912351,132,42.149356,164,42.185623,160,40.813008,176,40.655738,174,49.525745,118,52.03252,103
10034,Davis #3,Somerville,Davis,,reliable,as_recorded,True,6914406.7796610175,0.59,11228.142857142857,0.5234490702649334,707621.0,26.48436,122,40.209263,92,50.169533,103,41.469827,128,40.056791,116,26.48436,117,40.209263,87,50.169533,98,41.469827,123,40.056791,111,26.726133,117,40.706263,87,50.540226,98,40.920673,123,40.143405,111,35.386179,179,51.300813,113,54.329268,107,47.662602,129,46.95122,129,35.599593,179,51.890244,113,54.715447,107,47.134146,132,47.052846,129,35.189243,183,51.25498,118,54.422311,112,46.593625,136,46.613546,134,51.616106,104,51.705213,99,54.878049,105,54.836066,105,51.084011,106,54.573171,86
9525,Union Square #6,Somerville,Union Square,,reliable,as_recorded,True,1795820.895522388,0.67,769.5714285714286,0.5254629629629629,699283.0,23.815596,138,32.852769,131,28.203662,170,30.497446,175,28.281004,171,23.815596,133,32.852769,126,28.203662,165,30.497446,170,28.281004,166,24.105466,133,33.445962,125,28.658991,165,29.797186,170,28.375875,166,54.654472,94,54.02439,101,39.45122,156,43.882114,149,46.646341,130,54.908537,93,54.695122,101,39.918699,155,43.191057,153,46.747967,130,54.711155,99,54.123506,107,39.422311,160,42.669323,157,46.314741,135,42.030352,166,42.112853,161,53.089431,117,53.032787,117,53.116531,97,57.926829,67
10040,Davis #5,Somerville,Davis,,reliable,as_recorded,True,5596326.530612245,0.49,11228.142857142857,0.5234490702649334,707621.0,24.972232,134,36.566103,110,49.146211,109,39.686928,132,38.351255,127,24.972232,129,36.566103,105,49.146211,104,39.686928,127,38.351255,122,25.218132,129,37.071359,103,49.519382,104,39.141902,128,38.441998,122,36.808943,168,48.292683,129,54.085366,109,46.52439,134,46.544715,131,37.022358,168,48.882114,130,54.471545,108,45.995935,135,46.646341,131,36.583665,174,48.306773,135,54.183267,114,45.478088,140,46.215139,137,50.251678,118,50.344087,113,54.552846,108,54.590164,107,50.542005,110,54.166667,88
10017,Davis #13,Cambridge,Davis,,reliable,as_recorded,True,2058275.8620689656,0.29,11228.142857142857,0.5234490702649334,593353.0,22.264718,150,25.284947,180,46.421804,127,34.412983,160,33.810576,150,22.264718,145,25.284947,175,46.421804,122,34.412983,155,33.810576,145,22.659231,145,26.087428,171,46.884142,121,34.01657,156,34.049932,145,45.142276,137,36.01626,180,53.658537,113,42.195122,158,45.833333,132,45.711382,133,37.317073,177,54.25813,110,42.022358,158,46.29065,132,45.896414,137,37.290837,181,54.213147,113,41.822709,163,46.26494,136,45.905792,146,46.103882,141,49.390244,138,49.303279,139,50.067751,113,53.810976,89
6781,Quincy Center #14,Quincy,Quincy Center,,reliable,as_recorded,True,4055714.2857142854,0.28,7972.285714285715,0.4712013165112452,245645.0,20.751875,168,24.452734,185,52.794896,89,48.725322,99,39.452317,119,20.751875,163,24.452734,180,52.794896,84,48.725322,94,39.452317,114,21.118212,163,25.198862,179,53.21244,84,48.400334,96,39.683416,114,32.03252,192,29.593496,204,56.971545,103,52.825203,111,45.630081,135,32.662602,191,31.01626,203,57.550813,103,52.916667,111,46.189024,133,32.310757,196,30.59761,208,56.743028,109,52.161355,116,45.567729,140,48.265949,130,48.493761,125,41.422764,171,41.516393,169,33.672087,197,29.319106,231
9208,Central #6,Cambridge,Central,,reliable,as_recorded,True,7932903.225806451,0.31,19337.0,0.49156951536756915,821261.0,23.392458,142,30.53555,147,58.195392,64,46.201189,112,41.912639,106,23.392458,137,30.53555,142,58.195392,59,46.201189,107,41.912639,101,23.643664,137,31.051417,142,58.446248,59,46.109676,107,42.098328,100,28.577236,210,36.178862,179,60.711382,88,49.735772,121,45.833333,132,28.851626,210,36.890244,180,61.006098,89,49.72561,121,46.087398,134,28.575697,215,36.553785,184,60.587649,93,49.133466,126,45.667331,139,53.470666,93,53.625823,88,56.626016,91,56.721311,91,41.192412,166,40.70122,191
9808,Porter #5,Cambridge,Porter,,reliable,as_recorded,True,3694324.3243243243,0.37,9779.714285714286,0.5170454545454546,734064.0,22.474374,149,30.163422,149,48.182993,114,39.275216,135,36.447087,133,22.474374,144,30.163422,144,48.182993,109,39.275216,130,36.447087,128,22.717587,144,30.663303,144,48.498775,108,38.926706,129,36.574983,128,37.520325,166,41.463415,157,53.780488,111,46.382114,135,45.731707,134,37.845528,167,42.276423,157,54.176829,111,46.168699,134,45.985772,135,37.988048,171,42.071713,161,54.073705,115,45.826693,139,45.866534,138,48.834024,126,48.942945,121,54.593496,106,54.467213,108,46.273713,136,48.424797,124
9438,Union Square #16,Cambridge,Union Square,,reliable,as_recorded,True,482941.1764705882,0.34,769.5714285714286,0.5254629629629629,734966.0,40.475706,45,27.720247,161,30.989839,163,30.334482,176,32.924632,155,40.475706,42,27.720247,156,30.989839,158,30.334482,171,32.924632,150,40.815113,42,28.412516,156,31.474891,158,29.683759,172,33.069041,149,62.479675,74,41.382114,158,38.841463,158,39.329268,169,45.630081,135,62.784553,74,42.154472,158,39.339431,158,38.689024,170,45.78252,136,62.52988,75,41.713147,163,38.854582,162,38.217131,175,45.368526,141,46.04248,144,46.164612,140,54.593496,106,54.631148,106,51.829268,102,56.961382,73
10043,Davis #6,Somerville,Davis,,reliable,as_recorded,True,4552500.0,0.44,11228.142857142857,0.5234490702649334,672859.0,23.620646,140,33.647662,124,48.294897,111,38.241162,139,36.932398,131,23.620646,135,33.647662,119,48.294897,106,38.241162,134,36.932398,126,23.911956,135,34.243737,119,48.695313,106,37.741546,135,37.06855,126,36.504065,171,45.406504,139,53.47561,114,45.223577,141,45.528455,137,36.666667,172,45.894309,140,53.831301,114,44.644309,142,45.579268,137,36.434263,178,45.458167,145,53.615538,119,44.213147,146,45.268924,142,48.845786,125,48.95801,120,51.300813,124,51.229508,124,49.119241,120,53.099593,95
8902,Babcock Street #1,Brookline,Babcock Street,,reliable,as_recorded,True,8187090.909090908,0.55,682.8571428571429,0.4102209944751381,630137.0,22.654746,148,32.766351,132,43.991009,141,52.749791,79,39.387405,121,22.654746,143,32.766351,127,43.991009,136,52.749791,74,39.387405,116,22.755372,143,32.981059,128,44.067852,136,52.806503,74,39.482276,116,29.817073,203,43.333333,147,47.723577,139,58.292683,89,45.426829,138,29.776423,203,43.414634,148,47.743902,139,58.272358,89,45.426829,138,29.38247,209,42.749004,154,47.390438,143,57.908367,93,45.01992,143,50.631456,115,50.710656,110,50.284553,130,50.204918,129,28.252033,210,21.95122,244
8466,Brookline Village #3,Brookline,Brookline Village,,reliable,as_recorded,True,7185106.382978723,0.94,999.4285714285714,0.5009157509157509,544621.0,25.56379,128,41.131104,91,39.862341,152,44.098698,120,37.419971,129,25.56379,123,41.131104,86,39.862341,147,44.098698,115,37.419971,124,25.671232,123,41.359442,86,39.99905,147,43.963022,115,37.481816,124,34.918699,181,53.577236,104,44.837398,150,51.178862,117,45.121951,139,35.020325,181,53.943089,105,45.0,150,51.097561,117,45.223577,139,34.521912,189,53.266932,110,44.223108,155,50.278884,122,44.521912,144,48.555527,129,48.618214,124,47.317073,150,47.377049,149,41.260163,165,41.666667,186
9679,Union Square #3,Somerville,Union Square,,reliable,as_recorded,True,3344751.7730496456,1.41,769.5714285714286,0.5254629629629629,619365.0,26.190721,124,43.657508,76,30.763954,164,35.52141,157,32.548157,157,26.190721,119,43.657508,71,30.763954,159,35.52141,152,32.548157,152,26.410412,119,44.110345,69,31.177176,159,34.750972,152,32.572849,153,45.203252,135,59.186992,77,38.292683,160,44.95935,143,44.715447,140,45.355691,137,59.654472,77,38.699187,160,44.166667,145,44.715447,140,45.249004,142,59.103586,83,38.227092,164,43.665339,151,44.322709,145,45.087403,153,45.126972,149,49.268293,141,49.180328,141,50.406504,111,55.894309,79
9862,Porter #9,Cambridge,Porter,,reliable,as_recorded,True,3030666.666666667,0.3,9779.714285714286,0.5170454545454546,734064.0,20.613335,171,25.284264,181,46.849417,125,36.907955,150,34.224461,147,20.613335,166,25.284264,176,46.849417,120,36.907955,145,34.224461,142,20.947367,166,25.965783,173,47.21969,120,36.650264,145,34.443176,142,38.231707,162,34.756098,182,52.682927,119,43.536585,152,43.902439,143,38.810976,160,36.077236,181,53.231707,118,43.577236,151,44.410569,141,38.934263,164,35.996016,186,53.14741,120,43.286853,153,44.322709,145,47.055923,138,47.2375,133,53.333333,115,53.278689,116,44.173442,146,46.849593,141
9895,Porter #6,Cambridge,Porter,,reliable,as_recorded,True,3679393.9393939395,0.33,9779.714285714286,0.5170454545454546,739444.0,21.154286,165,27.44252,164,47.375805,121,37.919811,141,35.101773,142,21.154286,160,27.44252,159,47.375805,116,37.919811,136,35.101773,137,21.459422,160,28.066246,159,47.728739,115,37.633223,136,35.29159,137,35.995935,176,37.764228,170,52.743902,118,44.573171,144,44.004065,142,36.321138,176,38.577236,169,53.140244,119,44.359756,144,44.25813,142,36.494024,177,38.446215,172,53.057769,121,44.053785,147,44.173307,147,47.837032,133,47.995492,128,53.780488,112,53.647541,112,43.97019,149,46.697154,145
9239,Central #7,Cambridge,Central,,reliable,as_recorded,True,5647307.692307692,0.26,19337.0,0.49156951536756915,849243.0,21.527142,162,26.024563,172,56.929886,71,43.994468,121,39.803462,118,21.527142,157,26.024563,167,56.929886,66,43.994468,116,39.803462,113,21.836143,155,26.656018,166,57.215418,66,43.960749,116,40.046945,112,28.98374,206,29.186992,206,59.49187,94,46.727642,133,43.800813,144,29.359756,205,30.101626,204,59.847561,93,46.819106,133,44.156504,143,29.073705,212,29.900398,209,59.452191,96,46.284861,138,43.7749,150,51.829559,102,52.027649,97,55.203252,104,55.327869,100,38.617886,173,38.770325,203
8165,Eliot #1,Newton,Eliot,,reliable,as_recorded,True,1219842.9319371728,3.76,344.0,0.5721518987341773,66445.0,32.337393,88,48.203047,58,18.300539,215,27.633497,183,28.542066,169,32.337393,83,48.203047,54,18.300539,210,27.633497,178,28.542066,164,32.422753,83,48.387223,55,18.479776,210,27.276537,177,28.54199,164,61.565041,76,62.845528,60,27.662602,199,37.743902,172,44.105691,141,61.605691,78,63.089431,62,27.845528,199,37.398374,173,44.105691,144,61.673307,77,63.14741,64,27.828685,204,37.390438,176,44.123506,148,36.975,184,36.988149,179,35.609756,199,35.409836,197,56.97832,81,66.361789,31
9919,Porter #7,Cambridge,Porter,,reliable,as_recorded,True,3576562.5,0.32,9779.714285714286,0.5170454545454546,739444.0,20.850332,167,26.700067,167,47.168205,123,37.556993,144,34.755773,144,20.850332,162,26.700067,162,47.168205,118,37.556993,139,34.755773,139,21.155467,162,27.323792,162,47.521139,118,37.270405,139,34.945591,139,36.300813,174,36.747967,176,52.621951,120,44.166667,146,43.800813,144,36.676829,171,37.662602,175,53.04878,120,44.004065,146,44.105691,144,36.842629,173,37.549801,178,52.968127,122,43.705179,150,44.023904,149,47.560232,135,47.718692,130,53.658537,113,53.52459,114,43.766938,150,46.544715,147
8878,Amory Street #2,Brookline,Amory Street,,reliable,as_recorded,True,5506511.627906977,0.43,608.4285714285714,0.4208955223880597,660536.0,19.792504,181,26.498464,169,40.889903,148,49.176703,97,35.812521,135,19.792504,176,26.498464,164,40.889903,143,49.176703,92,35.812521,130,19.936116,176,26.799142,163,41.006481,143,49.226599,91,35.940417,130,31.361789,197,37.398374,172,45.650407,148,55.406504,104,43.597561,146,31.534553,197,37.906504,174,45.813008,148,55.54878,104,43.800813,146,31.105578,203,37.350598,179,45.498008,151,55.239044,107,43.426295,151,47.890439,132,47.996059,127,49.715447,135,49.713115,135,26.287263,216,20.630081,246
9667,East Somerville #4,Somerville,East Somerville,,reliable,as_recorded,True,1536078.431372549,0.51,457.85714285714283,0.5063520871143375,702779.0,21.551569,160,25.765238,174,24.185065,184,31.869624,172,25.899412,179,21.551569,155,25.765238,169,24.185065,179,31.869624,167,25.899412,174,21.701996,158,26.079547,172,24.36151,182,31.727133,167,25.994282,173,52.052846,102,45.162602,142,34.979675,176,44.53252,145,43.597561,146,52.164634,102,45.54878,142,35.162602,176,44.410569,143,43.699187,147,51.922311,107,44.960159,147,34.701195,181,43.76494,149,43.227092,153,40.217548,172,40.309957,167,51.504065,122,51.516393,122,41.327913,164,43.292683,168
8385,Newton Centre #2,Newton,Newton Centre,,reliable,as_recorded,True,2858125.0,0.96,571.8571428571429,0.521259842519685,184739.0,22.987258,144,36.481066,111,27.289723,174,34.483774,159,29.380615,167,22.987258,139,36.481066,106,27.289723,169,34.483774,154,29.380615,162,23.146204,140,36.812414,106,27.541,169,34.100798,154,29.434204,162,45.46748,134,54.390244,100,36.01626,172,45.447154,139,43.597561,146,45.579268,136,54.776423,100,36.270325,172,45.071138,139,43.648374,148,45.468127,141,54.322709,105,35.846614,177,44.551793,144,43.276892,152,39.561295,176,39.617376,171,38.211382,187,38.032787,185,44.715447,143,48.424797,124
9620,Union Square #4,Somerville,Union Square,,reliable,as_recorded,True,3157289.7196261683,1.07,769.5714285714286,0.5254629629629629,702421.0,24.211964,136,39.457815,96,29.531291,167,33.4367,165,30.493719,165,24.211964,131,39.457815,91,29.531291,162,33.4367,160,30.493719,160,24.431655,131,39.910652,91,29.944513,161,32.666262,162,30.518412,160,44.390244,138,55.934959,93,37.5,165,43.434959,153,43.394309,149,44.542683,138,56.402439,92,37.906504,164,42.642276,156,43.394309,149,44.452191,143,55.916335,96,37.450199,168,42.171315,161,43.027888,155,43.846759,160,43.88963,155,50.772358,126,50.696721,126,48.644986,123,54.573171,86
9588,East Somerville #3,Somerville,East Somerville,,reliable,as_recorded,True,2240555.5555555555,0.72,457.85714285714283,0.5063520871143375,702421.0,21.445221,164,31.284125,142,25.195928,182,34.270844,161,27.584183,175,21.445221,159,31.284125,137,25.195928,177,34.270844,156,27.584183,170,21.54611,159,31.499359,138,25.34265,177,34.078815,155,27.629516,170,47.073171,123,50.162602,118,34.796748,177,46.097561,136,43.292683,150,47.083333,125,50.345528,120,34.918699,178,45.873984,136,43.292683,150,47.041833,129,49.860558,125,34.521912,182,45.298805,141,42.928287,157,41.51913,167,41.578514,162,50.691057,127,50.614754,127,40.785908,167,42.886179,171
10042,Davis #15,Somerville,Davis,,reliable,as_recorded,True,2443111.111111111,0.28,11228.142857142857,0.5234490702649334,696341.0,20.566394,173,23.852645,191,45.771124,132,33.574061,164,32.72611,156,20.566394,168,23.852645,186,45.771124,127,33.574061,159,32.72611,151,20.952651,165,24.638614,185,46.228509,126,33.169391,159,32.95721,151,39.857724,155,31.95122,192,51.707317,122,39.756098,167,42.581301,153,40.528455,154,33.455285,191,52.367886,122,39.684959,166,43.140244,151,40.816733,159,33.505976,195,52.360558,126,39.531873,170,43.177291,154,45.573226,148,45.764711,143,50.04065,132,49.959016,133,45.867209,139,50.660569,111
8657,Coolidge Corner #7,Brookline,Coolidge Corner,,reliable,as_recorded,True,6570416.666666667,0.48,1973.5714285714287,0.48815399802566634,555350.0,21.53027,161,31.135647,143,42.099077,144,43.018807,122,35.470574,139,21.53027,156,31.135647,138,42.099077,139,43.018807,117,35.470574,134,21.765227,156,31.619015,137,42.409905,139,42.66204,117,35.590213,133,31.300813,198,41.99187,154,46.971545,140,49.53252,124,42.886179,151,31.52439,198,42.601626,156,47.306911,141,49.21748,123,43.038618,152,30.896414,205,41.752988,162,46.364542,149,48.237052,130,42.181275,160,47.04885,139,47.151167,134,46.056911,155,46.188525,153,35.840108,188,35.721545,216
10060,Davis #16,Cambridge,Davis,,reliable,as_recorded,True,2211923.076923077,0.26,11228.142857142857,0.5234490702649334,593353.0,20.272825,175,22.216063,203,45.398212,135,32.82136,169,32.10459,160,20.272825,170,22.216063,198,45.398212,130,32.82136,164,32.10459,155,20.671467,170,23.026801,193,45.863028,128,32.429075,163,32.348074,155,40.97561,153,30.609756,201,51.707317,122,39.308943,170,42.581301,153,41.443089,152,31.707317,199,52.245935,123,39.034553,168,42.936992,153,41.713147,156,31.792829,201,52.241036,127,38.894422,172,42.978088,156,44.541004,157,44.742396,152,46.707317,153,46.598361,152,45.596206,140,50.457317,112
8400,Newton Centre #3,Newton,Newton Centre,,reliable,as_recorded,True,2346216.2162162163,0.74,571.8571428571429,0.521259842519685,107241.0,21.858575,156,32.555353,133,26.299698,178,32.625189,170,27.730573,174,21.858575,151,32.555353,128,26.299698,173,32.625189,165,27.730573,169,22.009266,151,32.870188,129,26.546022,173,32.233957,164,27.775906,169,46.280488,129,50.813008,114,35.528455,174,43.98374,147,42.784553,152,46.443089,129,51.300813,116,35.813008,173,43.658537,149,42.886179,154,46.513944,132,50.996016,120,35.458167,179,43.227092,154,42.629482,158,37.184459,182,37.224028,177,36.300813,193,36.106557,191,43.699187,151,47.662602,134
10021,Davis #8,Somerville,Davis,,reliable,as_recorded,True,6768837.209302326,0.43,11228.142857142857,0.5234490702649334,707621.0,22.851905,146,32.917444,130,47.985014,115,37.825599,143,36.415926,134,22.851905,141,32.917444,125,47.985014,110,37.825599,138,36.415926,129,23.134959,141,33.497006,123,48.380477,109,37.317726,138,36.543822,129,31.117886,199,42.439024,150,51.707317,122,43.252033,155,42.581301,153,31.432927,199,43.231707,149,52.154472,124,42.825203,154,42.784553,155,31.105578,203,42.768924,153,51.912351,129,42.370518,159,42.430279,159,48.703415,128,48.825547,123,51.463415,123,51.47541,123,45.392954,141,50.304878,114
8379,Newton Centre #4,Newton,Newton Centre,,reliable,as_recorded,True,2204838.709677419,0.62,571.8571428571429,0.521259842519685,184739.0,20.646422,170,29.269963,155,25.410953,181,31.036312,174,26.249331,176,20.646422,165,29.269963,150,25.410953,176,31.036312,169,26.249331,171,20.875547,168,29.741667,150,25.704338,176,30.723514,169,26.373099,171,46.890244,124,48.455285,128,35.223577,175,43.028455,156,42.276423,156,47.103659,124,49.044715,126,35.538618,175,42.754065,155,42.428862,156,47.011952,130,48.486056,133,35.099602,180,42.191235,160,42.031873,161,37.056268,183,37.168493,178,37.235772,191,37.04918,189,43.089431,154,47.205285,138
9989,Gilman Square #3,Somerville,Gilman Square,,reliable,as_recorded,True,2215573.7704918035,0.61,1544.857142857143,0.5510835913312694,595520.0,21.691721,158,31.482175,139,27.920995,172,25.996869,189,26.149866,177,21.691721,153,31.482175,134,27.920995,167,25.996869,184,26.149866,172,21.867181,154,31.846548,136,28.18218,167,25.630406,184,26.219968,172,47.398374,120,50.081301,119,37.54065,164,37.54065,173,41.768293,157,47.611789,121,50.670732,118,37.855691,165,37.26626,174,41.920732,157,47.460159,126,49.98008,124,37.340637,170,36.762948,178,41.484064,162,39.797039,175,39.863028,170,46.178862,154,46.065574,154,50.813008,108,59.29878,58
9591,Union Square #8,Somerville,Union Square,,reliable,as_recorded,True,1958461.5384615385,0.52,769.5714285714286,0.5254629629629629,702421.0,20.598415,172,27.629304,162,26.500397,176,27.810033,182,25.442229,181,20.598415,167,27.629304,157,26.500397,171,27.810033,177,25.442229,176,20.900669,167,28.247267,157,26.963156,171,27.122157,179,25.549484,176,48.252033,119,46.097561,137,36.52439,169,39.613821,168,41.768293,157,48.455285,119,46.666667,137,36.961382,169,38.871951,169,41.819106,158,48.286853,124,46.055777,142,36.464143,174,38.336653,174,41.384462,163,39.805566,174,39.914488,169,49.512195,137,49.508197,137,46.544715,133,52.997967,97
10064,Magoun Square #2,Somerville,Magoun Square,,reliable,as_recorded,True,2824821.428571428,0.56,672.8571428571429,0.5166051660516605,494333.0,19.953354,180,28.871362,156,29.477088,168,33.613936,163,28.046143,173,19.953354,175,28.871362,151,29.477088,163,33.613936,158,28.046143,168,20.073901,175,29.12591,152,29.593772,164,33.590967,158,28.141014,168,41.971545,149,45.284553,140,37.906504,163,43.922764,148,41.666667,159,42.002033,150,45.50813,143,37.997967,163,43.871951,147,41.71748,159,41.762948,155,44.840637,150,37.420319,169,43.177291,155,41.185259,166,40.719609,170,40.798808,165,42.682927,165,42.540984,164,39.566396,171,42.632114,173
9471,Union Square #7,Somerville,Union Square,,reliable,as_recorded,True,2108035.714285714,0.56,769.5714285714286,0.5254629629629629,699283.0,20.736947,169,28.794361,157,26.750015,175,28.337062,179,25.858258,180,20.736947,164,28.794361,152,26.750015,170,28.337062,174,25.858258,175,21.026817,164,29.387554,151,27.205344,170,27.636801,175,25.953129,175,47.235772,122,46.99187,134,36.463415,170,39.878049,165,41.666667,159,47.439024,122,47.560976,134,36.900407,170,39.136179,167,41.71748,159,47.290837,128,46.932271,139,36.404382,175,38.595618,173,41.284861,164,40.092155,173,40.174656,168,49.065041,143,48.97541,142,46.409214,135,52.896341,98
9784,Porter #12,Cambridge,Porter,,reliable,as_recorded,True,3608965.5172413797,0.29,9779.714285714286,0.5170454545454546,678386.0,19.503948,183,24.061117,189,46.370465,128,36.234154,154,33.426207,152,19.503948,178,24.061117,184,46.370465,123,36.234154,149,33.426207,147,19.858621,178,24.783917,181,46.753122,123,35.997104,148,33.665563,147,33.150407,188,31.097561,196,50.853659,129,41.300813,161,40.853659,162,33.678862,188,32.317073,193,51.371951,127,41.29065,159,41.310976,161,33.904382,192,32.310757,198,51.324701,130,41.045817,164,41.284861,164,46.054043,143,46.255436,138,48.130081,145,48.032787,144,40.04065,168,43.75,161
8647,Coolidge Corner #8,Brookline,Coolidge Corner,,reliable,as_recorded,True,6727441.860465117,0.43,1973.5714285714287,0.48815399802566634,632698.0,19.993992,178,28.116908,159,41.187401,147,41.506074,127,33.951114,148,19.993992,173,28.116908,154,41.187401,142,41.506074,122,33.951114,143,20.237205,173,28.616789,154,41.503183,142,41.157564,122,34.079009,143,29.065041,205,38.170732,167,45.752033,147,47.581301,130,40.853659,162,29.339431,207,38.882114,167,46.117886,146,47.317073,130,41.056911,162,28.75498,213,38.10757,174,45.199203,154,46.374502,137,40.239044,172,46.289028,141,46.407857,136,47.03252,151,47.172131,150,33.197832,199,33.739837,222
8102,Eliot #4,Newton,Eliot,,reliable,as_recorded,True,1350000.0,1.27,344.0,0.5721518987341773,90535.0,26.044601,125,37.205085,106,14.822542,227,22.03529,206,22.745406,189,26.044601,120,37.205085,101,14.822542,222,22.03529,201,22.745406,184,26.167114,120,37.463567,102,15.024071,222,21.715483,201,22.782483,185,57.398374,87,57.764228,84,25.772358,210,35.0,183,40.955285,161,57.54065,87,58.211382,83,26.01626,210,34.756098,184,41.056911,162,57.390438,88,57.768924,88,25.856574,215,34.501992,188,40.836653,168,32.866074,215,32.94197,210,34.227642,205,34.016393,204,52.913279,98,63.313008,35
9704,Porter #11,Cambridge,Porter,,reliable,as_recorded,True,3680000.0000000005,0.29,9779.714285714286,0.5170454545454546,678386.0,19.436676,184,24.034208,190,46.350284,129,36.213973,155,33.392571,153,19.436676,179,24.034208,185,46.350284,124,36.213973,150,33.392571,148,19.791349,179,24.757009,183,46.732941,124,35.976923,150,33.631926,148,32.337398,191,30.772358,199,50.609756,130,41.056911,162,40.447154,168,32.865854,189,31.99187,196,51.128049,128,41.046748,160,40.904472,164,33.10757,194,31.992032,200,51.085657,131,40.806773,165,40.886454,167,46.027135,145,46.228527,139,47.804878,148,47.704918,147,39.498645,172,43.343496,166
10059,Magoun Square #1,Somerville,Magoun Square,,reliable,as_recorded,True,3175932.203389831,0.59,672.8571428571429,0.5166051660516605,493384.0,19.976299,179,29.805242,152,29.657353,165,34.025377,162,28.346585,170,19.976299,174,29.805242,147,29.657353,160,34.025377,157,28.346585,165,20.088589,174,30.043278,147,29.769083,162,33.994151,157,28.433199,165,39.53252,156,45.284553,140,37.357724,166,43.617886,150,40.752033,164,39.613821,156,45.609756,141,37.479675,166,43.617886,150,40.853659,165,39.422311,162,44.940239,148,36.912351,171,42.928287,156,40.338645,170,40.953358,169,41.025952,164,41.910569,168,41.762295,168,38.414634,175,41.768293,183
8341,Waban #1,Newton,Waban,,reliable,as_recorded,True,1234758.064516129,1.04,286.0,0.5688073394495413,131090.0,25.413088,129,34.5428,122,14.153385,232,20.891203,213,21.696545,196,25.413088,124,34.5428,117,14.153385,227,20.891203,208,21.696545,191,25.451793,126,34.633664,118,14.193075,227,20.885993,207,21.729494,191,57.987805,84,56.01626,92,25.54878,212,34.410569,189,40.650407,165,57.947154,84,56.097561,94,25.569106,214,34.390244,187,40.650407,166,57.788845,86,55.697211,99,25.418327,218,34.143426,193,40.438247,169,32.753537,216,32.783199,213,34.837398,201,34.631148,199,51.693767,103,61.890244,43
9976,Gilman Square #5,Somerville,Gilman Square,,reliable,as_recorded,True,1601904.761904762,0.42,1544.857142857143,0.5510835913312694,579709.0,20.482276,174,24.327326,186,26.307336,177,22.715442,200,23.460434,187,20.482276,169,24.327326,181,26.307336,172,22.715442,195,23.460434,182,20.69076,169,24.757749,182,26.588336,172,22.382004,196,23.563561,182,50.345528,108,42.642276,149,36.808943,168,34.654472,188,40.54878,166,50.457317,109,43.028455,151,37.063008,168,34.278455,189,40.599593,167,50.249004,115,42.49004,156,36.563745,173,33.834661,196,40.189243,174,37.553023,181,37.638828,176,44.471545,161,44.42623,160,49.051491,121,57.977642,66
10054,Davis #10,Somerville,Davis,,reliable,as_recorded,True,7658157.894736842,0.38,11228.142857142857,0.5234490702649334,696341.0,21.463018,163,30.301123,148,47.181954,122,36.507347,152,35.077493,143,21.463018,158,30.301123,143,47.181954,117,36.507347,147,35.077493,138,21.741943,157,30.872429,143,47.57494,117,35.995347,149,35.201261,138,28.577236,210,38.98374,166,50.487805,132,41.422764,159,40.54878,166,28.739837,211,39.471545,166,50.843496,131,40.843496,162,40.599593,167,28.466135,216,39.083665,171,50.62749,134,40.428287,167,40.288845,171,47.454333,136,47.559952,131,48.00813,146,47.991803,145,42.479675,156,48.119919,129
8136,Eliot #3,Newton,Eliot,,reliable,as_recorded,True,1545789.4736842103,1.33,344.0,0.5721518987341773,90535.0,24.952048,135,37.441776,103,14.621098,231,22.002273,207,22.409665,193,24.952048,130,37.441776,98,14.621098,226,22.002273,202,22.409665,188,25.07869,130,37.708514,101,14.825103,226,21.686594,202,22.45087,189,55.873984,89,57.96748,82,25.46748,214,34.898374,185,40.447154,168,55.914634,90,58.211382,83,25.650407,213,34.552846,186,40.447154,169,55.796813,91,57.768924,88,25.498008,217,34.302789,192,40.239044,172,32.597481,219,32.67668,214,33.739837,207,33.52459,205,52.100271,101,62.703252,37
8685,Saint Mary's Street #3,Brookline,Saint Mary's Street,,reliable,as_recorded,True,6076666.666666666,0.33,822.7142857142857,0.4697674418604651,737088.0,17.826447,194,22.477919,200,41.859525,145,44.993172,117,33.8761,149,17.826447,189,22.477919,195,41.859525,140,44.993172,112,33.8761,144,18.041941,189,22.922361,195,42.033176,140,45.06515,110,34.065918,144,26.585366,217,30.528455,202,45.813008,146,50.0,119,39.939024,170,26.819106,219,31.158537,202,46.026423,147,50.152439,119,40.193089,170,26.364542,225,30.61753,207,45.348606,152,49.472112,125,39.591633,176,46.849889,140,47.005046,135,50.406504,128,50.57377,128,24.661247,221,21.79878,245
10046,Davis #9,Somerville,Davis,decoded_overlap_without_shared_parcel,reliable,as_recorded,True,10562682.92682927,0.41,11228.142857142857,0.5234490702649334,707621.0,22.019557,155,31.844742,137,47.596604,118,37.252248,147,35.768577,136,22.019557,150,31.844742,132,47.596604,113,37.252248,142,35.768577,131,22.294354,148,32.407792,131,47.987113,112,36.73612,144,35.888216,131,26.544715,218,39.471545,164,50.121951,134,41.382114,160,39.939024,170,26.859756,218,40.264228,165,50.569106,133,40.955285,161,40.142276,171,26.623506,224,39.860558,170,50.358566,136,40.537849,166,39.840637,175,48.185535,131,48.301062,126,49.349593,139,49.344262,138,41.869919,161,47.662602,134
9706,Porter #8,Cambridge,Porter,,reliable,as_recorded,True,5297333.333333334,0.3,9779.714285714286,0.5170454545454546,682614.0,19.335165,185,24.772996,182,46.465966,126,36.524504,151,33.585376,151,19.335165,180,24.772996,177,46.465966,121,36.524504,146,33.585376,146,19.669197,180,25.454515,177,46.836239,122,36.266813,146,33.804091,146,28.678862,209,30.934959,198,49.817073,136,40.670732,163,39.126016,174,29.25813,208,32.256098,195,50.365854,135,40.711382,163,39.634146,172,29.173307,211,32.091633,199,50.219124,138,40.358566,168,39.442231,177,46.214404,142,46.392678,137,47.03252,151,47.090164,151,37.804878,180,42.073171,176
9872,Gilman Square #6,Somerville,Gilman Square,,reliable,as_recorded,True,1740975.6097560977,0.41,1544.857142857143,0.5510835913312694,504626.0,19.27596,186,23.448499,195,25.871135,179,22.180165,205,22.733432,190,19.27596,181,23.448499,190,25.871135,174,22.180165,200,22.733432,185,19.500957,181,23.911947,189,26.162042,175,21.86324,200,22.853071,184,48.414634,118,41.056911,160,36.077236,171,33.719512,194,39.329268,172,48.678862,116,41.747967,160,36.422764,171,33.495935,193,39.53252,173,48.505976,123,41.23506,165,35.936255,176,33.067729,198,39.143426,179,36.489255,187,36.588269,182,41.01626,174,40.942623,172,47.628726,128,56.910569,75
8205,Newton Highlands #2,Newton,Newton Highlands,,reliable,as_recorded,True,1674945.054945055,0.91,477.57142857142856,0.5533807829181495,244733.0,22.14994,154,32.456075,134,16.051322,223,21.400546,210,21.307317,197,22.14994,149,32.456075,129,16.051322,218,21.400546,205,21.307317,192,22.252534,149,32.674717,130,16.213011,219,21.160421,204,21.344394,194,52.621951,101,53.04878,107,26.869919,203,34.308943,190,39.227642,173,52.693089,101,53.353659,108,27.042683,203,34.095528,191,39.278455,174,52.639442,105,53.007968,113,26.86255,208,33.854582,195,39.093625,180,33.723529,204,33.7664,201,35.406504,200,35.204918,198,49.051491,121,59.29878,58
8539,Tappan Street #1,Brookline,Tappan Street,,reliable,as_recorded,True,2633565.2173913047,1.15,539.0,0.5398981324278438,510070.0,22.154617,153,36.638003,109,20.160689,207,26.007119,188,24.471003,184,22.154617,148,36.638003,104,20.160689,202,26.007119,183,24.471003,179,22.199154,150,36.74053,107,20.217822,204,25.95794,182,24.499823,179,45.813008,131,54.837398,98,29.065041,192,37.073171,177,39.126016,174,45.78252,132,54.939024,99,29.105691,195,37.012195,176,39.126016,175,45.866534,138,54.561753,103,28.884462,199,36.713147,180,38.944223,181,37.932152,180,37.961814,175,41.097561,173,40.942623,172,46.205962,137,55.182927,83
8128,Eliot #2,Newton,Eliot,recorded_area_differs_from_decoded,reliable,as_recorded,True,1999247.311827957,3.72,344.0,0.5721518987341773,90535.0,27.225323,118,46.105379,68,16.75701,219,26.076759,187,25.969519,178,27.225323,113,46.105379,63,16.75701,214,26.076759,182,25.969519,173,27.314812,113,46.297811,64,16.938724,214,25.723927,183,25.97357,174,51.707317,103,58.739837,81,24.674797,217,34.715447,187,39.126016,174,51.747967,103,58.98374,81,24.857724,218,34.369919,188,39.126016,175,52.011952,106,59.123506,82,24.900398,221,34.422311,189,39.243028,178,35.445364,191,35.494841,187,32.682927,209,32.459016,207,50.338753,112,61.382114,47
8116,Eliot #6,Newton,Eliot,,reliable,as_recorded,True,1327500.0,0.91,344.0,0.5721518987341773,90535.0,23.529186,141,31.932076,136,13.267885,234,19.413922,223,20.15431,205,23.529186,136,31.932076,131,13.267885,229,19.413922,218,20.15431,200,23.6517,136,32.190558,132,13.469414,229,19.094115,218,20.191387,200,55.365854,91,53.04878,107,24.430894,220,32.682927,197,38.719512,177,55.457317,91,53.394309,107,24.644309,220,32.388211,197,38.770325,177,55.348606,95,53.047809,112,24.511952,224,32.181275,202,38.595618,182,30.793197,226,30.869094,221,32.398374,210,32.172131,209,49.864499,116,61.026423,48
8159,Newton Highlands #1,Newton,Newton Highlands,,reliable,as_recorded,True,2039105.6910569107,1.13,477.57142857142856,0.5533807829181495,90535.0,22.250882,152,35.402661,113,16.626519,220,22.702295,201,22.265978,195,22.250882,147,35.402661,108,16.626519,215,22.702295,196,22.265978,190,22.36586,147,35.646071,110,16.795638,215,22.474554,194,22.315439,190,49.674797,112,54.95935,95,26.565041,205,34.776423,186,38.719512,177,49.745935,113,55.264228,97,26.737805,207,34.563008,185,38.770325,177,49.750996,117,54.880478,102,26.563745,210,34.312749,191,38.595618,182,32.482531,220,32.568335,215,32.398374,210,32.172131,209,48.373984,125,58.79065,63
9660,Union Square #9,Somerville,Union Square,,reliable,as_recorded,True,2331836.7346938774,0.49,769.5714285714286,0.5254629629629629,619365.0,18.625496,188,25.836174,173,25.720278,180,26.778923,186,24.142031,185,18.625496,183,25.836174,168,25.720278,175,26.778923,181,24.142031,180,18.911237,183,26.421111,168,26.17313,174,26.074535,181,24.232773,180,42.357724,146,42.439024,150,34.512195,178,37.276423,176,38.414634,179,42.611789,146,43.109756,150,34.979675,177,36.585366,178,38.51626,179,42.559761,149,42.569721,155,34.521912,182,36.095618,183,38.14741,184,38.362502,178,38.454911,173,44.308943,163,44.262295,162,42.140921,158,49.695122,116
8411,Brookline Hills #5,Brookline,Brookline Hills,,reliable,as_recorded,True,1148043.4782608696,0.46,507.85714285714283,0.536283185840708,620767.0,21.120082,166,22.379225,201,17.114956,217,20.137595,218,19.726786,206,21.120082,161,22.379225,196,17.114956,212,20.137595,213,19.726786,201,21.322471,161,22.797458,198,17.308633,212,20.096866,212,19.883579,201,53.130081,97,42.154472,153,28.191057,197,32.947154,196,38.00813,180,53.28252,98,42.621951,155,28.384146,198,32.916667,196,38.160569,180,53.017928,102,42.091633,160,28.057769,203,32.5,201,37.798805,185,34.869936,194,34.998673,189,44.308943,163,44.262295,162,44.444444,145,53.506098,92
8593,Coolidge Corner #9,Brookline,Coolidge Corner,,reliable,as_recorded,True,8331578.947368421,0.38,1973.5714285714287,0.48815399802566634,583332.0,18.420107,190,25.426588,177,40.328842,150,40.132323,130,32.520181,158,18.420107,185,25.426588,172,40.328842,145,40.132323,125,32.520181,153,18.659192,185,25.918213,174,40.642146,145,39.779685,125,32.643949,152,24.288618,224,33.821138,186,43.861789,151,45.081301,142,37.703252,181,24.410569,224,34.227642,189,44.136179,151,44.664634,141,37.754065,181,23.924303,231,33.545817,194,43.256972,156,43.7749,148,37.001992,186,44.814032,155,44.926256,150,42.357724,166,42.459016,165,28.794038,209,30.436992,228
9449,Union Square #17,Cambridge,Union Square,,reliable,as_recorded,True,1620606.0606060605,0.33,769.5714285714286,0.5254629629629629,734966.0,17.14787,196,17.768241,213,23.875075,188,23.064499,197,21.066692,201,17.14787,191,17.768241,208,23.875075,183,23.064499,192,21.066692,196,17.532687,191,18.551328,208,24.387372,181,22.459186,195,21.25651,195,45.203252,135,33.495935,187,33.47561,179,33.719512,194,36.686992,182,45.609756,134,34.471545,187,34.034553,179,33.180894,195,36.941057,182,45.498008,140,34.103586,192,33.595618,184,32.758964,200,36.603586,187,36.556128,186,36.714587,181,47.520325,149,47.5,148,40.04065,168,48.119919,129
9406,Union Square #13,Cambridge,Union Square,,reliable,as_recorded,True,1901388.888888889,0.36,769.5714285714286,0.5254629629629629,744873.0,16.465382,199,19.06724,210,23.965077,186,23.547501,196,21.216696,199,16.465382,194,19.06724,205,23.965077,181,23.547501,191,21.216696,194,16.850198,193,19.850328,205,24.477375,179,22.942188,191,21.406514,192,43.272358,140,34.512195,184,33.231707,180,33.922764,193,36.280488,183,43.780488,139,35.691057,182,33.851626,180,33.485772,194,36.636179,183,43.705179,144,35.298805,187,33.416335,185,33.057769,199,36.304781,188,36.748786,185,36.903943,180,47.886179,147,47.868852,146,39.634146,170,47.815041,132
8611,Coolidge Corner #10,Brookline,Coolidge Corner,,reliable,as_recorded,True,9423888.88888889,0.36,1973.5714285714287,0.48815399802566634,583332.0,17.666953,195,24.081733,188,39.907222,151,39.449805,133,31.817482,161,17.666953,190,24.081733,183,39.907222,146,39.449805,128,31.817482,156,17.972088,190,24.705458,184,40.260157,146,39.163217,127,32.0073,156,22.052846,231,30.650407,200,42.764228,152,43.414634,154,35.873984,185,22.479675,231,31.666667,201,43.221545,152,43.302846,152,36.229675,184,22.031873,237,31.035857,206,42.360558,157,42.440239,158,35.507968,190,44.251872,159,44.416936,153,41.138211,172,41.229508,171,26.761518,214,28.912602,233
8476,Brookline Hills #1,Brookline,Brookline Hills,,reliable,as_recorded,True,2500800.0,0.75,507.85714285714283,0.536283185840708,544621.0,18.839956,187,29.578139,153,17.951724,216,23.002104,198,21.121399,200,18.839956,182,29.578139,148,17.951724,211,23.002104,193,21.121399,195,18.955655,182,29.82299,149,18.093387,211,22.874684,192,21.191501,196,43.069106,142,48.04878,131,27.03252,201,34.268293,191,36.077236,184,43.119919,143,48.313008,131,27.164634,202,34.136179,190,36.128049,185,43.256972,146,48.067729,136,26.982072,207,33.894422,194,36.005976,189,35.51667,190,35.585962,185,40.04065,179,39.877049,177,41.734417,162,51.473577,107
8418,Newton Centre #8,Newton,Newton Centre,,reliable,as_recorded,True,2787391.304347826,0.46,571.8571428571429,0.521259842519685,149233.0,16.081032,201,22.291892,202,23.075352,195,27.412732,184,22.356663,194,16.081032,196,22.291892,197,23.075352,190,27.412732,179,22.356663,189,16.343182,196,22.829646,197,23.388552,192,27.13296,178,22.513456,188,37.947154,164,38.04878,168,31.260163,182,37.357724,175,35.670732,187,38.160569,165,38.638211,168,31.575203,182,37.083333,175,35.823171,186,38.197211,169,38.187251,173,31.185259,187,36.583665,181,35.507968,190,33.545832,209,33.684477,205,31.300813,216,31.147541,214,34.281843,192,40.599593,193
8407,Newton Centre #5,Newton,Newton Centre,,reliable,as_recorded,True,3224150.943396226,0.53,571.8571428571429,0.521259842519685,161995.0,17.058344,197,25.430505,176,23.883738,187,28.908039,178,23.703972,186,17.058344,192,25.430505,171,23.883738,182,28.908039,173,23.703972,181,17.225547,192,25.778365,175,24.139968,184,28.53332,173,23.765817,181,36.219512,175,40.447154,162,31.321138,181,38.191057,171,35.772358,186,36.331301,175,40.833333,163,31.575203,182,37.815041,171,35.823171,186,36.205179,180,40.258964,169,31.125498,188,37.241036,177,35.408367,192,34.762385,196,34.825071,191,31.666667,215,31.516393,213,34.281843,192,40.599593,193
8486,Brookline Village #4,Brookline,Brookline Village,,reliable,as_recorded,True,6247837.837837838,0.37,999.4285714285714,0.5009157509157509,544621.0,16.394429,200,22.496384,199,34.305225,160,34.799838,158,28.15811,172,16.394429,195,22.496384,194,34.305225,155,34.799838,153,28.15811,167,16.567921,195,22.856823,196,34.481564,155,34.730213,153,28.286006,167,25.569106,221,31.626016,193,38.617886,159,40.406504,164,34.756098,188,25.823171,221,32.296748,194,38.871951,159,40.477642,164,35.010163,188,25.308765,226,31.653386,202,38.09761,165,39.671315,169,34.312749,196,41.146039,168,41.261566,163,39.146341,181,39.221311,179,27.642276,213,31.453252,227
8388,Newton Centre #7,Newton,Newton Centre,,reliable,as_recorded,True,3147500.0,0.48,571.8571428571429,0.521259842519685,184739.0,16.027532,202,23.261245,196,23.245068,194,27.830136,181,22.639523,191,16.027532,197,23.261245,191,23.245068,189,27.830136,176,22.639523,186,16.252529,197,23.724693,191,23.535976,188,27.513211,176,22.759163,186,35.406504,178,37.845528,169,30.650407,188,36.95122,178,34.654472,190,35.619919,178,38.434959,170,30.965447,189,36.676829,177,34.806911,189,35.507968,182,37.908367,176,30.527888,194,36.125498,182,34.412351,194,34.168422,200,34.277343,195,31.138211,217,30.983607,215,32.926829,202,39.583333,199
8140,Eliot #5,Newton,Eliot,,reliable,as_recorded,True,2275044.2477876106,1.13,344.0,0.5721518987341773,90535.0,20.148796,177,33.486129,125,12.798682,236,19.671271,222,19.372305,208,20.148796,172,33.486129,120,12.798682,231,19.671271,217,19.372305,203,20.283694,172,33.76938,121,13.007642,231,19.363848,217,19.421767,203,45.50813,133,52.195122,111,22.052846,223,31.077236,202,34.756098,188,45.599593,135,52.54065,111,22.26626,223,30.78252,204,34.806911,189,45.687251,139,52.211155,116,22.181275,228,30.60757,207,34.711155,193,30.167593,228,30.253397,223,29.227642,221,28.97541,219,44.579946,144,57.063008,72
10065,Davis #14,Somerville,Davis,,reliable,as_recorded,True,8063448.27586207,0.29,11228.142857142857,0.5234490702649334,735911.0,18.06021,192,23.603144,192,45.160452,136,33.151631,166,31.708322,162,18.06021,187,23.603144,187,45.160452,131,33.151631,161,31.708322,157,18.454724,187,24.405626,187,45.62279,131,32.755218,160,31.947678,157,21.768293,233,26.666667,214,46.646341,142,35.182927,181,34.146341,192,22.337398,233,27.96748,212,47.245935,142,35.010163,181,34.603659,191,22.191235,236,27.808765,217,47.101594,145,34.711155,185,34.412351,194,45.082642,154,45.280732,148,45.813008,156,45.860656,155,34.485095,190,42.123984,175
10118,Davis #12,Somerville,Davis,,reliable,as_recorded,True,8177586.206896552,0.29,11228.142857142857,0.5234490702649334,665958.0,18.043392,193,23.596417,193,45.155406,137,33.146585,167,31.699913,163,18.043392,188,23.596417,188,45.155406,132,33.146585,162,31.699913,158,18.437906,188,24.398898,188,45.617745,132,32.750173,161,31.939269,158,21.565041,234,26.585366,215,46.585366,143,35.121951,182,34.044715,193,22.134146,234,27.886179,213,47.184959,143,34.949187,182,34.502033,192,21.992032,238,27.729084,218,47.041833,146,34.651394,186,34.312749,196,44.613563,156,44.80835,151,42.357724,166,42.377049,166,34.349593,191,42.022358,177
8568,Washington Square #1,Brookline,Washington Square,,reliable,as_recorded,True,5661157.894736842,0.95,659.2857142857143,0.5327868852459017,442993.0,20.232335,176,34.962871,118,23.354328,191,27.125597,185,25.079258,182,20.232335,171,34.962871,113,23.354328,186,27.125597,180,25.079258,177,20.309177,171,35.130007,116,23.458732,189,27.009121,180,25.120463,178,32.743902,189,48.861789,123,29.02439,193,34.95935,184,34.247967,191,32.73374,190,49.004065,129,29.105691,195,34.817073,183,34.247967,193,32.280876,197,48.426295,134,28.645418,201,34.322709,190,33.76494,198,38.101715,179,38.144587,174,35.813008,197,35.778689,195,38.617886,173,48.678862,123
8229,Newton Highlands #3,Newton,Newton Highlands,recorded_area_differs_from_decoded,reliable,as_recorded,True,2581058.823529412,0.85,477.57142857142856,0.5533807829181495,150122.0,18.325816,191,30.028143,150,14.735657,229,19.86031,221,19.114541,209,18.325816,186,30.028143,145,14.735657,224,19.86031,216,19.114541,204,18.461435,186,30.312834,146,14.917161,224,19.65321,215,19.184643,204,41.95122,150,47.96748,132,23.51626,222,30.752033,204,33.638211,194,42.022358,149,48.272358,132,23.689024,222,30.538618,205,33.689024,194,42.181275,153,48.027888,137,23.575697,227,30.368526,210,33.615538,199,30.978555,225,31.044544,220,29.756098,219,29.508197,217,41.598916,163,53.70935,91
8383,Brookline Hills #3,Brookline,Brookline Hills,,reliable,as_recorded,True,2157222.222222222,0.54,507.85714285714283,0.536283185840708,560637.0,16.511365,198,23.494787,194,16.287162,222,20.049563,219,18.34713,215,16.511365,193,23.494787,189,16.287162,217,20.049563,214,18.34713,210,16.622935,194,23.731381,190,16.426348,217,19.918016,213,18.413103,212,42.052846,148,41.138211,159,25.50813,213,31.117886,201,33.536585,195,42.154472,148,41.504065,161,25.670732,212,31.036585,201,33.638211,195,42.111554,154,40.996016,166,25.398406,219,30.657371,206,33.366534,200,33.39633,212,33.455714,207,38.699187,183,38.565574,181,38.414634,175,48.98374,121
8281,Chestnut Hill #2,Brookline,Chestnut Hill,,reliable,as_recorded,True,3832823.529411765,0.85,568.0,0.5273311897106109,133759.0,18.625432,189,31.645997,138,20.032713,210,25.237048,190,22.630883,192,18.625432,184,31.645997,133,20.032713,205,25.237048,185,22.630883,187,18.73117,184,31.870928,134,20.154456,205,25.149469,185,22.700985,187,34.878049,182,46.666667,136,26.707317,204,34.02439,192,33.536585,195,34.918699,182,46.910569,136,26.819106,206,33.932927,192,33.587398,196,34.621514,187,46.454183,141,26.464143,211,33.515936,197,33.217131,201,33.527428,210,33.590114,206,29.308943,220,29.139344,218,37.195122,182,47.205285,138
8600,Coolidge Corner #11,Brookline,Coolidge Corner,,reliable,as_recorded,True,9664333.333333334,0.3,1973.5714285714287,0.48815399802566634,583332.0,15.453966,207,19.682668,209,38.584475,154,37.24859,148,29.612904,166,15.453966,202,19.682668,204,38.584475,149,37.24859,143,29.612904,161,15.787998,200,20.364187,203,38.954748,149,36.990899,142,29.831618,161,18.292683,238,23.455285,222,40.569106,153,39.796748,166,32.215447,197,18.871951,237,24.776423,221,41.117886,153,39.837398,165,32.723577,197,18.496016,242,24.282869,227,40.298805,158,39.043825,171,32.071713,203,42.488209,163,42.676391,158,38.333333,186,38.483607,183,22.086721,235,25.406504,241
8419,Brookline Village #5,Brookline,Brookline Village,,reliable,as_recorded,True,3632857.1428571427,0.28,999.4285714285714,0.5009157509157509,560637.0,13.777478,216,15.782497,219,32.457557,161,31.535394,173,25.078664,183,13.777478,211,15.782497,214,32.457557,156,31.535394,168,25.078664,178,14.054174,211,16.349343,214,32.695818,156,31.568972,168,25.309764,177,26.686992,215,21.504065,227,36.971545,167,36.117886,179,32.012195,199,27.245935,213,22.784553,226,37.408537,167,36.493902,179,32.571138,198,27.300797,218,22.569721,231,36.842629,172,35.946215,184,32.221116,202,38.781558,177,38.973042,172,37.845528,188,37.827869,186,24.390244,222,29.014228,232
9608,Union Square #10,Somerville,Union Square,,reliable,as_recorded,True,3400952.380952381,0.42,769.5714285714286,0.5254629629629629,702421.0,14.877792,209,21.193102,205,24.006469,185,24.279117,192,21.285682,198,14.877792,204,21.193102,200,24.006469,180,24.279117,187,21.285682,193,15.175917,204,21.802808,200,24.466751,180,23.587113,189,21.388809,193,32.398374,190,34.552846,183,30.792683,186,32.581301,198,32.215447,197,32.601626,192,35.121951,184,31.229675,185,31.839431,198,32.26626,199,32.549801,195,34.661355,189,30.786853,192,31.384462,203,31.922311,205,36.480329,188,36.585948,183,41.869919,169,41.803279,167,33.807588,195,43.445122,164
9382,Union Square #20,Cambridge,Union Square,,reliable,as_recorded,True,1892758.6206896552,0.29,769.5714285714286,0.5254629629629629,788100.0,13.849365,214,13.727571,229,22.375285,201,20.884393,214,18.567043,212,13.849365,209,13.727571,224,22.375285,196,20.884393,209,18.567043,207,14.283719,209,14.609733,221,22.917305,196,20.328618,210,18.806398,207,38.902439,158,25.447154,218,30.54878,189,29.410569,208,31.808943,201,39.512195,157,26.829268,218,31.229675,185,29.075203,209,32.26626,199,39.521912,161,26.613546,223,30.846614,190,28.73506,213,32.021912,204,34.728139,197,34.922926,190,45.203252,160,45.245902,158,33.807588,195,43.445122,164
10211,Ball Square #2,Medford,Ball Square,,reliable,as_recorded,True,954516.1290322581,0.31,745.4285714285714,0.5854189336235038,510366.0,19.624784,182,15.442823,222,15.760309,225,12.371684,237,15.775814,230,19.624784,177,15.442823,217,15.760309,220,12.371684,232,15.775814,225,19.87599,177,15.95869,217,16.011165,220,12.280171,232,15.961503,224,49.512195,113,30.97561,197,25.569106,211,22.96748,227,31.910569,200,49.786585,112,31.686992,200,25.863821,211,22.957317,226,32.164634,201,49.591633,119,31.374502,205,25.587649,216,22.739044,231,31.922311,205,30.989211,224,31.14767,219,35.691057,198,35.614754,196,42.411924,157,56.453252,77
8399,Brookline Hills #2,Brookline,Brookline Hills,,reliable,as_recorded,True,3104677.419354839,0.62,507.85714285714283,0.536283185840708,617706.0,15.830107,203,25.41515,178,16.493947,221,20.804565,215,18.691772,211,15.830107,198,25.41515,173,16.493947,216,20.804565,210,18.691772,206,15.999471,198,25.767333,176,16.66781,216,20.730811,209,18.815539,206,36.463415,173,42.317073,152,24.471545,219,30.934959,203,31.808943,201,36.615854,174,42.784553,153,24.664634,219,30.904472,202,31.961382,202,36.533865,176,42.270916,158,24.38247,225,30.517928,208,31.673307,207,33.995689,202,34.098006,197,38.780488,182,38.606557,180,36.178862,184,47.306911,136
8410,Newton Centre #6,Newton,Newton Centre,,reliable,as_recorded,True,4712745.098039215,0.51,571.8571428571429,0.521259842519685,149233.0,15.678647,205,24.204914,187,23.343507,192,28.199381,180,22.803588,188,15.678647,200,24.204914,182,23.343507,187,28.199381,175,22.803588,183,15.878875,199,24.618824,186,23.619553,187,27.857687,174,22.898459,183,28.800813,208,36.666667,177,28.943089,194,35.609756,180,31.808943,201,28.963415,209,37.154472,179,29.227642,194,35.284553,180,31.910569,203,28.585657,214,36.494024,185,28.705179,200,34.641434,187,31.374502,210,33.903372,203,33.992479,198,28.170732,222,28.07377,220,29.065041,207,36.686992,209
9887,Gilman Square #8,Somerville,Gilman Square,,reliable,as_recorded,True,2029333.3333333335,0.3,1544.857142857143,0.5510835913312694,516401.0,14.290111,212,15.575692,220,23.273167,193,18.112581,226,18.403486,214,14.290111,207,15.575692,215,23.273167,188,18.112581,221,18.403486,209,14.614183,207,16.237291,216,23.62352,186,17.894731,222,18.622201,208,38.150407,163,27.682927,210,31.260163,182,26.585366,216,31.300813,205,38.719512,161,28.98374,209,31.788618,181,26.666667,215,31.808943,204,38.74502,166,28.7251,214,31.394422,186,26.374502,219,31.573705,208,33.150794,213,33.329069,208,35.97561,196,35.942623,194,37.330623,181,49.186992,120
9640,Union Square #11,Somerville,Union Square,,reliable,as_recorded,True,3469024.390243903,0.41,769.5714285714286,0.5254629629629629,679229.0,14.562831,210,20.670817,206,23.837674,189,24.011247,194,21.004357,202,14.562831,205,20.670817,201,23.837674,184,24.011247,189,21.004357,197,14.877469,205,21.313548,201,24.307864,183,23.335755,190,21.123997,197,31.686992,195,33.455285,188,30.426829,190,32.012195,199,31.605691,204,32.042683,195,34.329268,188,30.955285,190,31.422764,200,31.808943,204,32.001992,201,33.884462,193,30.517928,195,30.976096,205,31.474104,209,36.136379,189,36.235393,184,40.691057,178,40.614754,175,33.197832,199,42.987805,170
9890,Gilman Square #9,Somerville,Gilman Square,,reliable,as_recorded,True,1951034.4827586208,0.29,1544.857142857143,0.5510835913312694,651214.0,14.07208,213,14.709087,224,23.061622,196,17.706188,228,18.05091,218,14.07208,208,14.709087,219,23.061622,191,17.706188,223,18.05091,213,14.416792,208,15.411967,219,23.424359,191,17.508978,223,18.290266,213,38.353659,160,26.138211,216,31.01626,184,25.934959,219,30.894309,206,38.871951,159,27.337398,216,31.514228,184,25.965447,219,31.351626,206,38.894422,165,27.111554,221,31.125498,188,25.687251,223,31.125498,211,33.661336,205,33.856123,199,39.593496,180,39.590164,178,36.720867,183,48.729675,122
9867,Gilman Square #10,Somerville,Gilman Square,,reliable,as_recorded,True,2027241.379310345,0.29,1544.857142857143,0.5510835913312694,507699.0,13.836627,215,14.614906,225,22.990986,198,17.635552,229,17.933184,220,13.836627,210,14.614906,220,22.990986,193,17.635552,224,17.933184,215,14.18134,210,15.317786,220,23.353723,194,17.438342,224,18.17254,215,37.337398,167,25.731707,217,30.711382,187,25.630081,220,30.386179,208,37.855691,166,26.930894,217,31.20935,187,25.660569,220,30.843496,207,37.898406,172,26.713147,222,30.826693,191,25.388446,225,30.62749,212,32.675477,218,32.873567,212,34.268293,204,34.221311,202,36.04336,185,48.221545,127
9877,Gilman Square #4,Somerville,Gilman Square,,reliable,as_recorded,True,3827674.418604651,0.43,1544.857142857143,0.5510835913312694,507699.0,15.113353,208,22.523218,198,24.761058,183,21.255029,212,20.883304,203,15.113353,203,22.523218,193,24.761058,178,21.255029,207,20.883304,198,15.346606,203,23.003179,194,25.056919,178,20.94636,206,21.0112,198,30.223577,201,34.918699,181,30.833333,185,28.760163,211,30.589431,207,30.487805,201,35.609756,183,31.178862,188,28.536585,211,30.792683,208,30.079681,207,34.98008,188,30.61753,193,28.027888,216,30.278884,213,35.035573,193,35.144495,188,34.227642,205,34.180328,203,35.97561,186,48.170732,128
8624,Coolidge Corner #12,Brookline,Coolidge Corner,,reliable,as_recorded,True,11843571.428571427,0.28,1973.5714285714287,0.48815399802566634,632698.0,14.445784,211,17.74703,214,37.994702,155,36.275726,153,28.629949,168,14.445784,206,17.74703,209,37.994702,150,36.275726,148,28.629949,163,14.792201,206,18.453318,210,38.372406,150,36.03042,147,28.861048,163,15.447154,243,18.739837,235,39.044715,157,37.378049,174,29.674797,210,16.077236,243,20.162602,235,39.623984,157,37.469512,172,30.23374,209,15.756972,248,19.760956,240,38.834661,163,36.723108,179,29.631474,215,42.032096,165,42.233488,159,38.373984,185,38.52459,182,18.766938,240,22.916667,243
8115,Eliot #7,Newton,Eliot,,reliable,as_recorded,True,2317500.0,0.67,344.0,0.5721518987341773,90535.0,15.505714,206,24.469055,184,10.063287,246,15.145916,234,14.813314,232,15.505714,201,24.469055,179,10.063287,241,15.145916,229,14.813314,227,15.686022,202,24.843125,180,10.299493,241,14.883903,229,14.908185,227,40.325203,154,43.130081,148,19.186992,230,26.463415,217,29.979675,209,40.46748,155,43.577236,147,19.430894,230,26.219512,216,30.081301,210,40.557769,160,43.227092,152,19.342629,235,26.035857,221,29.98008,214,26.5204,238,26.642532,233,25.447154,228,25.163934,226,38.279133,178,52.337398,100
9639,Union Square #12,Somerville,Union Square,,reliable,as_recorded,True,3608888.888888889,0.36,769.5714285714286,0.5254629629629629,619365.0,13.000868,217,17.681435,215,22.925723,199,22.508147,203,19.484439,207,13.000868,212,17.681435,210,22.925723,194,22.508147,198,19.484439,202,13.385684,212,18.464522,209,23.43802,190,21.902834,199,19.674257,202,28.841463,207,28.739837,208,28.902439,195,29.593496,206,29.065041,211,29.349593,206,29.918699,207,29.522358,192,29.156504,207,29.420732,211,29.36255,210,29.561753,211,29.113546,197,28.75498,212,29.133466,216,34.636428,198,34.808098,193,37.03252,192,36.92623,190,30.01355,205,40.599593,193
9905,Gilman Square #7,Somerville,Gilman Square,,reliable,as_recorded,True,3074062.5,0.32,1544.857142857143,0.5510835913312694,648967.0,12.626671,220,16.231319,217,23.021823,197,18.191488,225,17.98458,219,12.626671,215,16.231319,212,23.021823,192,18.191488,220,17.98458,214,12.921846,214,16.835124,213,23.354838,193,17.944741,221,18.174398,214,30.934959,200,27.560976,211,29.613821,191,25.630081,220,28.556911,212,31.300813,200,28.455285,211,30.020325,191,25.50813,221,28.861789,212,31.2749,202,28.12749,216,29.601594,196,25.179283,226,28.585657,217,33.601666,207,33.756823,202,37.520325,190,37.418033,188,33.401084,198,46.239837,149
8500,Newton Centre #10,Newton,Newton Centre,,reliable,as_recorded,True,2789666.666666667,0.3,571.8571428571429,0.521259842519685,161995.0,11.010763,229,12.23208,235,20.048327,209,22.377781,204,17.311621,224,11.010763,224,12.23208,230,20.048327,204,22.377781,199,17.311621,219,11.334835,224,12.893679,230,20.39868,203,22.159931,198,17.530336,219,29.918699,202,22.317073,225,26.504065,206,29.471545,207,27.743902,213,30.487805,201,23.617886,225,27.03252,204,29.552846,206,28.252033,213,30.677291,206,23.466135,229,26.733068,209,29.203187,211,28.087649,218,29.648504,230,29.836686,225,25.609756,227,25.491803,225,24.186992,223,33.028455,223
9643,Union Square #14,Somerville,Union Square,,reliable,as_recorded,True,3746470.588235294,0.34,769.5714285714286,0.5254629629629629,620888.0,12.221418,223,16.418532,216,22.513553,200,21.858195,208,18.797488,210,12.221418,218,16.418532,211,22.513553,195,21.858195,203,18.797488,205,12.560825,217,17.1108,211,22.998604,195,21.207473,203,18.941897,205,26.707317,214,27.073171,213,28.109756,198,28.597561,212,27.743902,213,27.012195,215,27.845528,214,28.607724,197,27.957317,213,27.896341,214,27.071713,220,27.52988,220,28.217131,202,27.579681,217,27.639442,219,34.133103,201,34.251932,196,36.178862,194,36.065574,192,27.98103,212,39.075203,201
9850,Gilman Square #11,Somerville,Gilman Square,,reliable,as_recorded,True,2123846.153846154,0.26,1544.857142857143,0.5510835913312694,594369.0,12.029733,224,11.620021,236,22.022894,204,16.099428,232,16.319697,227,12.029733,219,11.620021,231,22.022894,199,16.099428,227,16.319697,222,12.378574,219,12.331158,231,22.388108,199,15.906347,227,16.563181,222,33.577236,187,20.487805,228,28.882114,196,22.865854,228,27.337398,215,33.993902,187,21.48374,230,29.319106,193,22.794715,228,27.693089,215,34.113546,191,21.374502,234,28.974104,198,22.579681,233,27.539841,220,31.9263,222,32.124389,217,34.634146,202,34.590164,200,31.842818,204,45.071138,157
8553,Washington Square #2,Brookline,Washington Square,,reliable,as_recorded,True,7899666.666666667,0.6,659.2857142857143,0.5327868852459017,464618.0,15.691698,204,26.581226,168,20.761126,206,22.891047,199,20.757255,204,15.691698,199,26.581226,163,20.761126,201,22.891047,194,20.757255,199,15.785052,201,26.781388,164,20.875438,201,22.791084,193,20.814973,199,23.699187,226,37.601626,171,24.878049,216,28.902439,210,27.337398,215,23.841463,228,38.04878,171,25.050813,217,28.912602,210,27.489837,216,23.366534,233,37.290837,181,24.551793,223,28.336653,215,26.942231,223,34.769608,195,34.822388,192,30.691057,218,30.614754,216,29.607046,206,41.920732,181
9548,East Somerville #5,Somerville,East Somerville,,reliable,as_recorded,True,3379687.5,0.32,457.85714285714283,0.5063520871143375,702779.0,10.460743,231,12.544231,234,19.210691,211,24.69908,191,17.608787,222,10.460743,226,12.544231,229,19.210691,206,24.69908,186,17.608787,217,10.706117,227,13.048434,229,19.444103,206,24.651536,186,17.798605,217,26.646341,216,22.96748,223,25.101626,215,31.646341,200,27.134146,217,26.961382,217,23.760163,223,25.406504,215,31.727642,199,27.439024,217,27.021912,222,23.525896,228,25.079681,220,31.2749,204,27.191235,221,33.585048,208,33.753415,203,38.495935,184,38.401639,184,19.647696,237,27.03252,238
8214,Newton Highlands #4,Newton,Newton Highlands,,reliable,as_recorded,True,2011500.0,0.4,477.57142857142856,0.5533807829181495,244733.0,12.296258,222,15.278143,223,10.613382,244,12.653491,236,12.244082,236,12.296258,217,15.278143,218,10.613382,239,12.653491,231,12.244082,231,12.51444,218,15.72796,218,10.844423,239,12.528953,231,12.396747,231,38.394309,159,31.422764,195,19.613821,229,23.069106,226,27.134146,217,38.567073,162,31.930894,197,19.847561,229,22.957317,226,27.286585,218,38.595618,168,31.613546,203,19.691235,234,22.739044,231,27.141434,222,26.472941,239,26.608283,234,25.813008,226,25.614754,224,33.062331,201,47.306911,136
8175,Eliot #8,Newton,Eliot,,reliable,as_recorded,True,1614615.3846153845,0.39,344.0,0.5721518987341773,123828.0,12.814111,218,14.000075,226,7.494743,250,10.229287,240,10.532407,240,12.814111,213,14.000075,221,7.494743,245,10.229287,235,10.532407,235,13.023315,213,14.431939,222,7.748286,244,9.996171,236,10.656174,235,42.154472,147,31.504065,194,17.418699,234,21.605691,230,27.03252,219,42.245935,147,31.849593,198,17.632114,234,21.310976,230,27.083333,219,42.201195,152,31.533865,204,17.51992,239,21.125498,235,26.942231,223,23.670311,247,23.772628,242,23.821138,235,23.606557,233,34.281843,192,49.339431,118
8408,Newton Centre #9,Newton,Newton Centre,,reliable,as_recorded,True,3348064.5161290322,0.31,571.8571428571429,0.521259842519685,161995.0,10.649337,230,12.800852,233,20.073651,208,22.58144,202,17.353827,223,10.649337,225,12.800852,228,20.073651,203,22.58144,197,17.353827,218,10.940384,225,13.3964,228,20.404188,202,22.330565,197,17.539517,218,26.768293,213,22.845528,224,25.894309,208,29.308943,209,26.727642,220,27.083333,214,23.638211,224,26.270325,209,29.136179,208,26.981707,220,27.141434,219,23.406375,230,25.926295,214,28.73506,213,26.743028,225,29.682269,229,29.844031,224,24.593496,231,24.42623,229,22.493225,233,31.75813,225
9628,East Somerville #6,Somerville,East Somerville,,reliable,as_recorded,True,3085666.666666667,0.3,457.85714285714283,0.5063520871143375,702421.0,9.93784,234,11.014066,239,18.806131,213,23.96427,195,16.934522,226,9.93784,229,11.014066,234,18.806131,208,23.96427,190,16.934522,221,10.212111,228,11.576063,233,19.056882,209,23.945623,188,17.153237,221,26.95122,212,20.325203,230,24.674797,217,30.528455,205,26.422764,221,27.469512,212,21.52439,229,25.101626,216,30.813008,203,26.930894,221,27.51992,217,21.334661,235,24.780876,222,30.378486,209,26.693227,226,32.999401,214,33.19749,209,37.601626,189,37.581967,187,18.97019,239,26.52439,239
8487,Brookline Hills #4,Brookline,Brookline Hills,,reliable,as_recorded,True,3656250.0,0.48,507.85714285714283,0.536283185840708,544621.0,12.708021,219,20.005154,208,14.777104,228,18.047431,227,15.830366,229,12.708021,214,20.005154,203,14.777104,223,18.047431,222,15.830366,224,12.873257,215,20.34908,204,14.948489,223,17.969549,220,15.950005,225,29.247967,204,33.414634,189,21.178862,225,26.138211,218,26.321138,222,29.400407,204,33.882114,190,21.371951,225,26.107724,218,26.473577,222,29.412351,208,33.446215,196,21.125498,230,25.766932,222,26.24502,227,31.283843,223,31.392765,218,32.317073,212,32.172131,209,28.861789,208,41.819106,182
9696,Union Square #18,Somerville,Union Square,,reliable,as_recorded,True,4463636.363636363,0.33,769.5714285714286,0.5254629629629629,619365.0,11.497012,227,15.507898,221,22.179818,203,21.369242,211,18.241263,217,11.497012,222,15.507898,216,22.179818,198,21.369242,206,18.241263,212,11.881829,222,16.290985,215,22.692115,198,20.763929,208,18.431081,211,23.658537,227,24.878049,219,27.012195,202,27.256098,214,25.914634,223,24.065041,226,25.853659,219,27.571138,200,26.71748,214,26.168699,223,23.784861,232,25.418327,224,27.081673,205,26.24502,220,25.747012,228,33.641888,206,33.813557,200,34.430894,203,34.385246,201,25.677507,218,37.347561,206
9463,Union Square #15,Somerville,Union Square,,reliable,as_recorded,True,5839117.647058823,0.34,769.5714285714286,0.5254629629629629,702421.0,11.548697,226,16.149443,218,22.311736,202,21.656379,209,18.461128,213,11.548697,221,16.149443,213,22.311736,197,21.656379,204,18.461128,208,11.888104,221,16.841712,212,22.796788,197,21.005656,205,18.605536,209,20.813008,235,24.715447,220,26.341463,207,26.829268,215,24.796748,224,21.117886,235,25.487805,220,26.839431,205,26.189024,217,24.949187,224,20.697211,240,24.98008,225,26.304781,212,25.667331,224,24.452191,229,34.220685,199,34.35933,194,36.01626,195,36.065574,192,24.051491,224,36.128049,211
9700,Union Square #19,Somerville,Union Square,,reliable,as_recorded,True,4199666.666666667,0.3,769.5714285714286,0.5254629629629629,619365.0,10.36743,232,13.114189,231,21.476841,205,20.180797,217,17.069636,225,10.36743,227,13.114189,226,21.476841,200,20.180797,212,17.069636,220,10.781144,226,13.955071,226,22.006476,200,19.604381,216,17.288351,220,22.03252,232,20.325203,230,25.792683,209,25.060976,223,23.882114,226,22.693089,230,21.808943,228,26.504065,208,24.776423,224,24.390244,225,22.440239,235,21.454183,233,26.035857,213,24.342629,229,24.003984,230,32.704586,217,32.899373,211,33.00813,208,33.032787,206,23.306233,227,35.569106,217
10031,Magoun Square #3,Somerville,Magoun Square,,reliable,as_recorded,True,4061923.076923077,0.26,672.8571428571429,0.5166051660516605,595520.0,9.526621,236,10.116784,241,23.61459,190,24.105467,193,18.275313,216,9.526621,231,10.116784,236,23.61459,185,24.105467,188,18.275313,211,9.795781,231,10.668558,236,23.820441,185,24.23111,187,18.518796,210,20.325203,236,14.674797,243,27.296748,200,27.825203,213,23.98374,225,20.660569,236,15.50813,242,27.571138,200,28.079268,212,24.339431,226,20.448207,241,15.278884,248,27.081673,205,27.579681,217,23.954183,231,33.497397,211,33.702091,204,32.113821,214,32.131148,212,16.395664,244,25.254065,242
8394,Newton Centre #11,Newton,Newton Centre,,reliable,as_recorded,True,3079230.769230769,0.26,571.8571428571429,0.521259842519685,149233.0,8.582205,240,8.209138,244,18.7476,214,20.314174,216,15.143742,231,8.582205,235,8.209138,239,18.7476,209,20.314174,211,15.143742,226,8.931046,234,8.920274,238,19.112814,207,20.121092,211,15.387226,226,24.329268,223,14.715447,242,23.821138,221,25.447154,222,23.272358,228,24.745935,222,15.711382,240,24.25813,221,25.376016,222,23.628049,227,24.850598,227,15.63745,245,23.954183,226,25.049801,227,23.456175,232,27.775496,234,27.983493,229,21.544715,238,21.393443,236,18.02168,243,28.404472,235
8255,Chestnut Hill #3,Brookline,Chestnut Hill,,reliable,as_recorded,True,5821111.111111111,0.45,568.0,0.5273311897106109,133759.0,11.696898,225,18.650013,212,16.037046,224,18.685238,224,15.971438,228,11.696898,220,18.650013,207,16.037046,219,18.685238,219,15.971438,223,11.897583,220,19.064838,207,16.215757,218,18.692606,219,16.136487,223,22.174797,230,29.390244,205,20.609756,226,24.878049,224,23.373984,227,22.418699,232,30.04065,206,20.843496,226,24.989837,223,23.628049,227,21.972112,239,29.442231,213,20.428287,231,24.492032,228,23.157371,234,28.199872,233,28.338516,228,21.341463,240,21.270492,237,23.915989,225,37.245935,207
8143,Newton Highlands #5,Newton,Newton Highlands,,reliable,as_recorded,True,2523243.243243243,0.37,477.57142857142856,0.5533807829181495,90535.0,9.989728,233,13.113787,232,9.688595,247,11.418269,239,10.702772,239,9.989728,228,13.113787,227,9.688595,242,11.418269,234,10.702772,234,10.18314,229,13.514066,227,9.904775,242,11.268962,234,10.830668,234,31.686992,195,27.113821,212,17.296748,235,20.345528,233,23.272358,228,31.961382,196,27.825203,215,17.591463,235,20.335366,233,23.526423,229,32.121514,200,27.589641,219,17.48008,240,20.169323,238,23.456175,232,23.231967,249,23.380518,244,20.203252,242,19.959016,240,28.04878,211,43.546748,163
8558,Washington Square #3,Brookline,Washington Square,,reliable,as_recorded,True,11623617.021276597,0.46,659.2857142857143,0.5327868852459017,464618.0,12.491938,221,20.585338,207,18.916951,212,19.867876,220,17.68363,221,12.491938,216,20.585338,202,18.916951,207,19.867876,215,17.68363,216,12.684367,216,20.98365,202,19.090708,208,19.866988,214,17.840423,216,17.601626,240,29.634146,203,22.012195,224,24.654472,225,22.560976,230,17.743902,240,30.081301,205,22.184959,224,24.664634,225,22.713415,230,17.390438,245,29.482072,212,21.743028,229,24.173307,230,22.260956,235,32.310708,221,32.442748,216,26.869919,224,26.844262,222,23.238482,228,37.144309,208
8274,Chestnut Hill #4,Brookline,Chestnut Hill,,reliable,as_recorded,True,4063611.1111111115,0.36,568.0,0.5273311897106109,214384.0,9.649028,235,13.854643,228,14.677143,230,16.33128,231,13.704934,235,9.649028,230,13.854643,223,14.677143,225,16.33128,226,13.704934,230,9.874482,230,14.319006,223,14.870715,225,16.363417,226,13.894751,230,22.987805,229,23.861789,221,19.756098,228,22.560976,229,21.95122,231,23.333333,229,24.715447,222,20.050813,228,22.77439,229,22.306911,231,23.067729,234,24.302789,226,19.711155,233,22.380478,234,21.962151,236,27.291556,236,27.446713,231,21.382114,239,21.229508,238,22.154472,234,35.924797,212
8213,Newton Highlands #6,Newton,Newton Highlands,,reliable,as_recorded,True,1806785.714285714,0.28,477.57142857142856,0.5533807829181495,244733.0,8.852764,238,6.991894,248,8.284924,248,8.59782,245,8.363319,247,8.852764,233,6.991894,243,8.284924,243,8.59782,240,8.363319,242,9.14938,233,7.598581,243,8.563026,243,8.551717,240,8.594419,242,34.02439,185,17.479675,237,16.01626,242,16.422764,235,21.138211,232,34.603659,184,18.800813,237,16.493902,242,16.71748,235,21.697154,232,34.711155,185,18.74502,242,16.404382,245,16.623506,240,21.663347,237,23.36833,248,23.56642,243,21.341463,240,21.188525,239,25.609756,219,41.71748,185
8169,Eliot #9,Newton,Eliot,,reliable,as_recorded,True,1875000.0,0.3,344.0,0.5721518987341773,66445.0,8.145675,242,7.165726,247,5.162904,251,6.655704,251,6.646009,251,8.145675,237,7.165726,242,5.162904,246,6.655704,246,6.646009,246,8.449826,237,7.787484,242,5.473416,246,6.517535,246,6.864724,246,33.922764,186,19.918699,233,13.394309,244,15.50813,237,20.325203,234,34.471545,185,21.178862,232,13.882114,244,15.670732,237,20.833333,233,34.581673,188,21.075697,236,13.844622,249,15.59761,242,20.816733,238,19.458155,251,19.646337,246,16.99187,246,16.803279,244,25.948509,217,43.089431,169
8672,Summit Avenue #1,Brookline,Summit Avenue,,reliable,as_recorded,True,7848222.222222222,0.45,594.1428571428571,0.5519877675840978,554692.0,11.187459,228,18.661377,211,15.208916,226,15.626032,233,14.690822,233,11.187459,223,18.661377,206,15.208916,221,15.626032,228,14.690822,228,11.388144,223,19.076202,206,15.387626,221,15.6334,228,14.855871,228,18.577236,237,28.170732,209,18.841463,231,20.833333,232,20.528455,233,18.821138,238,28.821138,210,19.075203,231,20.945122,232,20.78252,234,18.446215,243,28.247012,215,18.695219,236,20.527888,237,20.368526,239,30.405234,227,30.54718,222,28.04878,223,28.032787,221,23.644986,226,39.684959,198
10123,Ball Square #3,Somerville,Ball Square,,reliable,as_recorded,True,2923000.0,0.3,745.4285714285714,0.5854189336235038,511186.0,8.314498,241,10.205367,240,12.233472,238,8.666511,244,9.897751,242,8.314498,236,10.205367,235,12.233472,233,8.666511,239,9.897751,237,8.59873,236,10.787284,235,12.504143,233,8.608023,239,10.116466,237,26.443089,219,19.95935,232,18.313008,232,15.264228,238,19.817073,235,26.971545,216,21.178862,232,18.760163,232,15.50813,238,20.325203,235,27.031873,221,20.996016,237,18.565737,237,15.378486,243,20.219124,240,26.306576,241,26.488153,236,26.422764,225,26.311475,223,26.626016,215,44.613821,158
8575,Washington Square #4,Brookline,Washington Square,,reliable,as_recorded,True,7090294.117647058,0.34,659.2857142857143,0.5327868852459017,442993.0,9.427018,237,13.890414,227,16.972046,218,16.555732,230,14.442121,234,9.427018,232,13.890414,222,16.972046,213,16.555732,225,14.442121,229,9.607063,232,14.263957,224,17.138372,213,16.54246,225,14.58653,229,16.48374,241,21.544715,226,20.243902,227,20.97561,231,19.613821,236,16.626016,241,21.99187,227,20.416667,227,20.985772,231,19.76626,236,16.294821,246,21.553785,232,20.00996,232,20.567729,236,19.37251,242,29.592006,231,29.71744,226,24.227642,232,24.180328,230,19.308943,238,34.197154,220
8217,Newton Highlands #7,Newton,Newton Highlands,,reliable,as_recorded,True,1852692.3076923075,0.25,477.57142857142856,0.5533807829181495,244733.0,7.453482,246,4.543146,251,7.510945,249,7.351583,248,7.073355,250,7.453482,241,4.543146,246,7.510945,244,7.351583,243,7.073355,245,7.630382,241,4.9104,246,7.717217,245,7.185763,245,7.184738,245,31.99187,193,14.390244,244,14.979675,243,14.817073,239,19.410569,237,32.113821,194,14.796748,244,15.182927,243,14.654472,239,19.512195,237,32.270916,198,14.820717,249,15.119522,248,14.601594,244,19.521912,241,22.336359,250,22.438676,245,19.593496,243,19.42623,241,22.696477,232,39.53252,200
10230,Ball Square #5,Medford,Ball Square,,reliable,as_recorded,True,2656785.714285714,0.28,745.4285714285714,0.5854189336235038,510366.0,7.878129,243,8.498455,242,11.815242,239,7.865191,246,9.200703,243,7.878129,238,8.498455,237,11.815242,234,7.865191,241,9.200703,238,8.174745,238,9.105141,237,12.093344,234,7.819087,241,9.431802,238,26.036585,220,16.219512,238,17.520325,233,13.577236,241,18.495935,238,26.615854,220,17.54065,238,17.997967,233,13.871951,241,19.054878,238,26.88247,223,17.50996,243,17.878486,238,13.834661,245,19.073705,243,25.729122,242,25.923909,237,25.203252,229,25.081967,227,24.932249,220,43.343496,166
10143,Ball Square #4,Somerville,Ball Square,,reliable,as_recorded,True,3052857.1428571427,0.28,745.4285714285714,0.5854189336235038,735911.0,7.154954,247,8.209185,243,11.59829,240,7.648238,247,8.839115,244,7.154954,242,8.209185,238,11.59829,235,7.648238,242,8.839115,239,7.45157,242,8.815871,239,11.876392,235,7.602135,242,9.070215,239,23.394309,228,15.162602,239,16.727642,238,12.784553,243,17.174797,241,23.973577,227,16.48374,239,17.205285,236,13.079268,242,17.73374,239,24.093625,230,16.394422,244,17.041833,241,12.998008,247,17.679283,244,26.787276,237,26.978761,232,32.317073,212,32.254098,208,23.170732,229,42.022358,177
10140,Ball Square #6,Somerville,Ball Square,,reliable,as_recorded,True,2838888.8888888885,0.27,745.4285714285714,0.5854189336235038,510366.0,7.037219,248,7.435539,245,11.426741,241,7.295051,249,8.553201,245,7.037219,243,7.435539,240,11.426741,236,7.295051,244,8.553201,240,7.325579,243,8.025712,240,11.699889,236,7.240692,243,8.776044,240,24.512195,222,15.121951,240,16.971545,236,12.906504,242,17.581301,239,24.634146,223,15.528455,241,17.174797,237,12.743902,243,17.682927,240,24.741036,228,15.458167,246,17.011952,242,12.669323,248,17.629482,245,25.211121,243,25.399302,238,24.105691,234,23.97541,232,23.102981,230,41.971545,179
10231,Ball Square #7,Medford,Ball Square,,reliable,as_recorded,True,2916666.6666666665,0.27,745.4285714285714,0.5854189336235038,431598.0,6.919493,249,7.388448,246,11.391423,242,7.259733,250,8.494337,246,6.919493,244,7.388448,241,11.391423,237,7.259733,245,8.494337,241,7.207853,244,7.978622,241,11.664571,237,7.205374,244,8.71718,241,24.105691,225,14.95935,241,16.849593,237,12.784553,243,17.378049,240,24.227642,225,15.365854,243,17.052846,238,12.621951,244,17.479675,241,24.342629,229,15.298805,247,16.89243,243,12.549801,249,17.430279,246,24.787544,244,24.975726,239,22.154472,237,22.008197,235,22.831978,231,41.768293,183
10126,Ball Square #1,Somerville,Ball Square,,reliable,as_recorded,True,5206250.0,0.32,745.4285714285714,0.5854189336235038,511186.0,7.727411,244,11.291536,237,12.305034,237,9.068324,242,10.017022,241,7.727411,239,11.291536,232,12.305034,232,9.068324,237,10.017022,236,7.982746,239,11.81566,232,12.558367,232,8.980939,237,10.20684,236,18.211382,239,19.430894,234,16.361789,240,14.004065,240,16.565041,242,18.536585,239,20.243902,234,16.686992,240,14.044715,240,16.869919,242,18.366534,244,19.920319,239,16.414343,244,13.824701,246,16.633466,247,26.401992,240,26.560452,235,23.658537,236,23.606557,233,22.01897,236,41.158537,189
8680,Summit Avenue #3,Brookline,Summit Avenue,,reliable,as_recorded,True,6075625.0,0.32,594.1428571428571,0.5519877675840978,555350.0,7.634503,245,11.071106,238,12.986325,235,11.861169,238,10.986504,238,7.634503,240,11.071106,233,12.986325,230,11.861169,233,10.986504,233,7.859957,240,11.535469,234,13.179897,230,11.893306,233,11.176322,233,16.138211,242,18.414634,236,16.463415,239,16.260163,236,16.565041,242,16.432927,242,19.166667,236,16.727642,239,16.422764,236,16.869919,242,16.105578,247,18.784861,241,16.394422,246,16.095618,241,16.533865,248,27.461594,235,27.620054,230,25.121951,230,25.081967,227,18.428184,241,35.772358,214
8596,Summit Avenue #2,Brookline,Summit Avenue,,reliable,as_recorded,True,8215555.555555556,0.36,594.1428571428571,0.5519877675840978,539350.0,8.601412,239,13.650736,230,13.68756,233,13.110621,235,12.155229,237,8.601412,234,13.650736,225,13.68756,228,13.110621,230,12.155229,232,8.826866,235,14.115099,225,13.881132,228,13.142758,230,12.345047,232,13.699187,244,20.365854,229,16.280488,241,16.808943,234,16.260163,244,14.044715,244,21.219512,231,16.575203,241,17.022358,234,16.615854,244,13.76494,249,20.796813,238,16.24502,247,16.683267,239,16.284861,249,28.310709,232,28.465866,227,24.227642,232,24.180328,230,18.089431,242,35.518293,218
8555,Tappan Street #2,Brookline,Tappan Street,,reliable,as_recorded,True,5679615.384615384,0.26,539.0,0.5398981324278438,442993.0,4.504577,250,4.809162,250,10.221522,245,9.875746,241,7.905725,248,4.504577,245,4.809162,245,10.221522,240,9.875746,236,7.905725,243,4.763776,245,5.341015,245,10.407453,240,10.04123,235,8.149208,243,11.361789,245,7.723577,245,12.479675,245,12.154472,245,11.48374,245,11.686992,245,8.536585,245,12.73374,245,12.449187,245,11.839431,245,11.454183,250,8.366534,250,12.48008,250,12.201195,250,11.603586,250,24.362889,246,24.567583,241,17.886179,244,17.868852,242,9.823848,245,27.896341,237
8598,Summit Avenue #4,Brookline,Summit Avenue,,reliable,as_recorded,True,7526428.571428571,0.25,594.1428571428571,0.5519877675840978,506374.0,4.401412,251,5.035465,249,11.127197,243,8.81644,243,7.887957,249,4.401412,246,5.035465,244,11.127197,238,8.81644,238,7.887957,244,4.548432,246,5.342959,244,11.273708,238,8.770142,238,7.99934,244,8.109756,246,6.585366,246,12.439024,246,10.081301,246,9.857724,246,8.20122,246,6.930894,246,12.581301,246,10.04065,246,9.95935,246,8.037849,251,6.792829,251,12.330677,251,9.840637,251,9.760956,251,24.626086,245,24.718495,240,17.439024,245,17.418033,243,9.214092,246,28.861789,234
9967,Assembly #1,Somerville,Assembly,3_whole_parcel_value_repeated;4_nparcels_field_anomaly,unreliable,as_recorded,False,3774355.5555555555,2.25,8828.42857142857,0.4617740471869328,700445.0,41.537105,40,64.413502,16,69.269496,18,71.109599,12,61.763901,16,,,,,,,,,,,,,,,,,,,,,,,,,,,,,,,,,,,,,,,,,55.727092,92,74.920319,28,74.501992,29,77.231076,20,70.318725,39,68.829879,14,,,,,,,,,,
9949,Assembly #3,Somerville,Assembly,3_whole_parcel_value_repeated,unreliable,as_recorded,False,5307687.5,1.6,8828.42857142857,0.4617740471869328,700445.0,39.192332,53,60.450494,23,67.998858,23,69.082686,15,59.646171,24,,,,,,,,,,,,,,,,,,,,,,,,,,,,,,,,,,,,,,,,,50.996016,110,71.992032,38,72.888446,37,75.358566,29,67.629482,48,67.135695,18,,,,,,,,,,
9971,Assembly #2,Somerville,Assembly,3_whole_parcel_value_repeated;4_nparcels_field_anomaly,unreliable,as_recorded,False,3774355.5555555555,2.25,8828.42857142857,0.4617740471869328,700445.0,41.537105,40,64.413502,16,69.269496,18,71.109599,12,61.763901,16,,,,,,,,,,,,,,,,,,,,,,,,,,,,,,,,,,,,,,,,,55.727092,92,74.920319,28,74.501992,29,77.231076,20,70.318725,39,68.829879,14,,,,,,,,,,
6766,Quincy Center #8,Quincy,Quincy Center,2_sites_share_a_parcel;4_nparcels_field_anomaly,unverifiable,as_recorded,False,698064.5161290322,0.62,7972.285714285715,0.4712013165112452,245645.0,48.987373,25,50.462917,50,64.024793,32,63.634215,33,58.168811,30,,,,,,,,,,,,,,,,,,,,,,,,,,,,,,,,,,,,,,,,,78.874502,26,71.135458,43,74.820717,27,75.717131,27,75.697211,24,63.239144,33,,,,,,,,,,
6758,Quincy Center #6,Quincy,Quincy Center,2_sites_share_a_parcel;recorded_area_differs_from_decoded,unverifiable,as_recorded,False,2804520.5479452056,0.73,7972.285714285715,0.4712013165112452,245645.0,32.979698,85,46.701855,66,59.717867,55,59.987791,47,50.990601,54,,,,,,,,,,,,,,,,,,,,,,,,,,,,,,,,,,,,,,,,,55.667331,94,64.243028,59,68.306773,57,69.800797,49,64.840637,64,57.496576,60,,,,,,,,,,
