setting,indicators,alpha,seed,n_draws,site_oid,sid,municipal,on_frontier,split_share,unique_win_share,joint_win_share,argmax_share,top5_share,mc_se
M3,3,"(1,1,1)",7,200000,9475,East Somerville #1,Somerville,False,0.0,0.0,0.0,0.0,0.0002,0.0
M3,3,"(1,1,1)",7,200000,9577,Union Square #1,Somerville,False,0.0,0.0,0.0,0.0,0.0,0.0
M3,3,"(1,1,1)",7,200000,9695,Union Square #2,Somerville,False,0.0,0.0,0.0,0.0,0.0,0.0
M3,3,"(1,1,1)",7,200000,9766,Porter #2,Somerville,False,0.0,0.0,0.0,0.0,0.0,0.0
M3,3,"(1,1,1)",7,200000,9986,Gilman Square #1,Somerville,False,0.0,0.0,0.0,0.0,0.0,0.0
M3,3,"(1,1,1)",7,200000,9457,Lechmere #1,Somerville,False,0.0,0.0,0.0,0.0,0.0,0.0
M3,3,"(1,1,1)",7,200000,9588,East Somerville #3,Somerville,False,0.0,0.0,0.0,0.0,0.0,0.0
M3,3,"(1,1,1)",7,200000,10038,Davis #1,Somerville,False,0.0,0.0,0.0,0.0,0.0,0.0
M3,3,"(1,1,1)",7,200000,9679,Union Square #3,Somerville,False,0.0,0.0,0.0,0.0,0.0,0.0
M3,3,"(1,1,1)",7,200000,9653,East Somerville #2,Somerville,False,0.0,0.0,0.0,0.0,0.0,0.0
M3,3,"(1,1,1)",7,200000,9620,Union Square #4,Somerville,False,0.0,0.0,0.0,0.0,0.0,0.0
M3,3,"(1,1,1)",7,200000,9660,Union Square #9,Somerville,False,0.0,0.0,0.0,0.0,0.0,0.0
M3,3,"(1,1,1)",7,200000,9525,Union Square #6,Somerville,False,0.0,0.0,0.0,0.0,0.0,0.0
M3,3,"(1,1,1)",7,200000,9471,Union Square #7,Somerville,False,0.0,0.0,0.0,0.0,0.0,0.0
M3,3,"(1,1,1)",7,200000,10018,Davis #2,Somerville,False,0.0,0.0,0.0,0.0,0.0,0.0
M3,3,"(1,1,1)",7,200000,10040,Davis #5,Somerville,False,0.0,0.0,0.0,0.0,0.0,0.0
M3,3,"(1,1,1)",7,200000,9608,Union Square #10,Somerville,False,0.0,0.0,0.0,0.0,0.0,0.0
M3,3,"(1,1,1)",7,200000,10034,Davis #3,Somerville,False,0.0,0.0,0.0,0.0,0.0,0.0
M3,3,"(1,1,1)",7,200000,9548,East Somerville #5,Somerville,False,0.0,0.0,0.0,0.0,0.0,0.0
M3,3,"(1,1,1)",7,200000,9591,Union Square #8,Somerville,False,0.0,0.0,0.0,0.0,0.0,0.0
M3,3,"(1,1,1)",7,200000,10021,Davis #8,Somerville,False,0.0,0.0,0.0,0.0,0.0,0.0
M3,3,"(1,1,1)",7,200000,9817,Porter #4,Somerville,False,0.0,0.0,0.0,0.0,0.0,0.0
M3,3,"(1,1,1)",7,200000,9640,Union Square #11,Somerville,False,0.0,0.0,0.0,0.0,0.0,0.0
M3,3,"(1,1,1)",7,200000,10054,Davis #10,Somerville,False,0.0,0.0,0.0,0.0,0.0,0.0
M3,3,"(1,1,1)",7,200000,9818,Sullivan Square #3,Somerville,False,0.0,0.0,0.0,0.0,0.0,0.0
M3,3,"(1,1,1)",7,200000,9863,Sullivan Square #1,Somerville,False,0.0,0.0,0.0,0.0,0.0,0.0
M3,3,"(1,1,1)",7,200000,9643,Union Square #14,Somerville,False,0.0,0.0,0.0,0.0,0.0,0.0
M3,3,"(1,1,1)",7,200000,9667,East Somerville #4,Somerville,False,0.0,0.0,0.0,0.0,0.0,0.0
M3,3,"(1,1,1)",7,200000,10006,Gilman Square #2,Somerville,False,0.0,0.0,0.0,0.0,0.0,0.0
M3,3,"(1,1,1)",7,200000,9905,Gilman Square #7,Somerville,False,0.0,0.0,0.0,0.0,0.0,0.0
M3,3,"(1,1,1)",7,200000,10043,Davis #6,Somerville,False,0.0,0.0,0.0,0.0,0.0,0.0
M3,3,"(1,1,1)",7,200000,9810,Sullivan Square #2,Somerville,False,0.0,0.0,0.0,0.0,0.0,0.0
M3,3,"(1,1,1)",7,200000,9463,Union Square #15,Somerville,False,0.0,0.0,0.0,0.0,0.0,0.0
M3,3,"(1,1,1)",7,200000,10118,Davis #12,Somerville,False,0.0,0.0,0.0,0.0,0.0,0.0
M3,3,"(1,1,1)",7,200000,9700,Union Square #19,Somerville,False,0.0,0.0,0.0,0.0,0.0,0.0
M3,3,"(1,1,1)",7,200000,9696,Union Square #18,Somerville,False,0.0,0.0,0.0,0.0,0.0,0.0
M3,3,"(1,1,1)",7,200000,10042,Davis #15,Somerville,False,0.0,0.0,0.0,0.0,0.0,0.0
M3,3,"(1,1,1)",7,200000,10046,Davis #9,Somerville,False,0.0,0.0,0.0,0.0,0.0,0.0
M3,3,"(1,1,1)",7,200000,9877,Gilman Square #4,Somerville,False,0.0,0.0,0.0,0.0,0.0,0.0
M3,3,"(1,1,1)",7,200000,9639,Union Square #12,Somerville,False,0.0,0.0,0.0,0.0,0.0,0.0
M3,3,"(1,1,1)",7,200000,10059,Magoun Square #1,Somerville,False,0.0,0.0,0.0,0.0,0.0,0.0
M3,3,"(1,1,1)",7,200000,9850,Gilman Square #11,Somerville,False,0.0,0.0,0.0,0.0,0.0,0.0
M3,3,"(1,1,1)",7,200000,10064,Magoun Square #2,Somerville,False,0.0,0.0,0.0,0.0,0.0,0.0
M3,3,"(1,1,1)",7,200000,10065,Davis #14,Somerville,False,0.0,0.0,0.0,0.0,0.0,0.0
M3,3,"(1,1,1)",7,200000,9842,Sullivan Square #4,Somerville,False,0.0,0.0,0.0,0.0,0.0,0.0
M3,3,"(1,1,1)",7,200000,10126,Ball Square #1,Somerville,False,0.0,0.0,0.0,0.0,0.0,0.0
M3,3,"(1,1,1)",7,200000,9890,Gilman Square #9,Somerville,False,0.0,0.0,0.0,0.0,0.0,0.0
M3,3,"(1,1,1)",7,200000,9989,Gilman Square #3,Somerville,False,0.0,0.0,0.0,0.0,0.0,0.0
M3,3,"(1,1,1)",7,200000,10123,Ball Square #3,Somerville,False,0.0,0.0,0.0,0.0,0.0,0.0
M3,3,"(1,1,1)",7,200000,9628,East Somerville #6,Somerville,False,0.0,0.0,0.0,0.0,0.0,0.0
M3,3,"(1,1,1)",7,200000,9867,Gilman Square #10,Somerville,False,0.0,0.0,0.0,0.0,0.0,0.0
M3,3,"(1,1,1)",7,200000,9872,Gilman Square #6,Somerville,False,0.0,0.0,0.0,0.0,0.0,0.0
M3,3,"(1,1,1)",7,200000,10143,Ball Square #4,Somerville,False,0.0,0.0,0.0,0.0,0.0,0.0
M3,3,"(1,1,1)",7,200000,9976,Gilman Square #5,Somerville,False,0.0,0.0,0.0,0.0,0.0,0.0
M3,3,"(1,1,1)",7,200000,9845,Sullivan Square #5,Somerville,False,0.0,0.0,0.0,0.0,0.0,0.0
M3,3,"(1,1,1)",7,200000,10031,Magoun Square #3,Somerville,False,0.0,0.0,0.0,0.0,0.0,0.0
M3,3,"(1,1,1)",7,200000,10140,Ball Square #6,Somerville,False,0.0,0.0,0.0,0.0,0.0,0.0
M3,3,"(1,1,1)",7,200000,9887,Gilman Square #8,Somerville,False,0.0,0.0,0.0,0.0,0.0,0.0
M3,3,"(1,1,1)",7,200000,10012,Assembly #4,Somerville,False,0.0,0.0,0.0,0.0,0.0,0.0
M3,3,"(1,1,1)",7,200000,9995,Assembly #5,Somerville,False,0.0,0.0,0.0,0.0,0.0,0.0
M3,3,"(1,1,1)",7,200000,9921,Porter #1,Cambridge,False,0.0,0.0,0.0,0.0,0.00372,0.0
M3,3,"(1,1,1)",7,200000,9427,Union Square #5,Cambridge,False,0.0,0.0,0.0,0.0,0.0,0.0
M3,3,"(1,1,1)",7,200000,9397,Harvard #1,Cambridge,True,0.00855,0.00855,0.0,0.00855,0.01801,0.00020587493169397773
M3,3,"(1,1,1)",7,200000,9441,Harvard #2,Cambridge,True,0.0,0.0,0.0,0.0,0.011915,0.0
M3,3,"(1,1,1)",7,200000,9965,Alewife #1,Cambridge,True,0.023125,0.023125,0.0,0.023125,0.22526,0.00033608209097629705
M3,3,"(1,1,1)",7,200000,9206,Central #2,Cambridge,False,0.0,0.0,0.0,0.0,0.000135,0.0
M3,3,"(1,1,1)",7,200000,9289,Central #1,Cambridge,True,0.00302,0.00302,0.0,0.00302,0.02026,0.00012269636506433268
M3,3,"(1,1,1)",7,200000,9325,Harvard #3,Cambridge,True,0.000475,0.000475,0.0,0.000475,0.01296,4.872239603098353e-05
M3,3,"(1,1,1)",7,200000,9179,Central #3,Cambridge,False,0.0,0.0,0.0,0.0,0.0,0.0
M3,3,"(1,1,1)",7,200000,9382,Union Square #20,Cambridge,False,0.0,0.0,0.0,0.0,0.0,0.0
M3,3,"(1,1,1)",7,200000,9928,Alewife #2,Cambridge,False,0.0,0.0,0.0,0.0,0.02805,0.0
M3,3,"(1,1,1)",7,200000,9768,Porter #3,Cambridge,False,0.0,0.0,0.0,0.0,0.0,0.0
M3,3,"(1,1,1)",7,200000,9208,Central #6,Cambridge,False,0.0,0.0,0.0,0.0,0.0,0.0
M3,3,"(1,1,1)",7,200000,9168,Central #4,Cambridge,False,0.0,0.0,0.0,0.0,0.0,0.0
M3,3,"(1,1,1)",7,200000,9975,Davis #4,Cambridge,False,0.0,0.0,0.0,0.0,0.0,0.0
M3,3,"(1,1,1)",7,200000,9278,Lechmere #3,Cambridge,False,0.0,0.0,0.0,0.0,0.0,0.0
M3,3,"(1,1,1)",7,200000,9239,Central #7,Cambridge,False,0.0,0.0,0.0,0.0,0.0,0.0
M3,3,"(1,1,1)",7,200000,9449,Union Square #17,Cambridge,False,0.0,0.0,0.0,0.0,0.0,0.0
M3,3,"(1,1,1)",7,200000,9298,Lechmere #2,Cambridge,False,0.0,0.0,0.0,0.0,0.0,0.0
M3,3,"(1,1,1)",7,200000,9895,Porter #6,Cambridge,False,0.0,0.0,0.0,0.0,0.0,0.0
M3,3,"(1,1,1)",7,200000,9237,Central #5,Cambridge,False,0.0,0.0,0.0,0.0,0.00045,0.0
M3,3,"(1,1,1)",7,200000,9706,Porter #8,Cambridge,False,0.0,0.0,0.0,0.0,0.0,0.0
M3,3,"(1,1,1)",7,200000,9447,Harvard #4,Cambridge,True,0.00556,0.00556,0.0,0.00556,0.01229,0.0001662691552874435
M3,3,"(1,1,1)",7,200000,9862,Porter #9,Cambridge,False,0.0,0.0,0.0,0.0,0.0,0.0
M3,3,"(1,1,1)",7,200000,9406,Union Square #13,Cambridge,False,0.0,0.0,0.0,0.0,0.0,0.0
M3,3,"(1,1,1)",7,200000,10017,Davis #13,Cambridge,False,0.0,0.0,0.0,0.0,0.0,0.0
M3,3,"(1,1,1)",7,200000,10015,Davis #11,Cambridge,False,0.0,0.0,0.0,0.0,0.0,0.0
M3,3,"(1,1,1)",7,200000,10116,Davis #7,Cambridge,False,0.0,0.0,0.0,0.0,0.0,0.0
M3,3,"(1,1,1)",7,200000,9808,Porter #5,Cambridge,False,0.0,0.0,0.0,0.0,0.0,0.0
M3,3,"(1,1,1)",7,200000,9438,Union Square #16,Cambridge,False,0.0,0.0,0.0,0.0,0.0,0.0
M3,3,"(1,1,1)",7,200000,9919,Porter #7,Cambridge,False,0.0,0.0,0.0,0.0,0.0,0.0
M3,3,"(1,1,1)",7,200000,9957,Porter #10,Cambridge,False,0.0,0.0,0.0,0.0,0.0,0.0
M3,3,"(1,1,1)",7,200000,9704,Porter #11,Cambridge,False,0.0,0.0,0.0,0.0,0.0,0.0
M3,3,"(1,1,1)",7,200000,9784,Porter #12,Cambridge,False,0.0,0.0,0.0,0.0,0.0,0.0
M3,3,"(1,1,1)",7,200000,10060,Davis #16,Cambridge,False,0.0,0.0,0.0,0.0,0.0,0.0
M3,3,"(1,1,1)",7,200000,8547,Coolidge Corner #1,Brookline,False,0.0,0.0,0.0,0.0,0.0,0.0
M3,3,"(1,1,1)",7,200000,8787,Harvard Avenue #1,Brookline,False,0.0,0.0,0.0,0.0,0.0,0.0
M3,3,"(1,1,1)",7,200000,8527,Brookline Village #2,Brookline,False,0.0,0.0,0.0,0.0,0.0,0.0
M3,3,"(1,1,1)",7,200000,8650,Coolidge Corner #4,Brookline,False,0.0,0.0,0.0,0.0,0.0,0.0
M3,3,"(1,1,1)",7,200000,8640,Coolidge Corner #3,Brookline,False,0.0,0.0,0.0,0.0,0.0,0.0
M3,3,"(1,1,1)",7,200000,8568,Washington Square #1,Brookline,False,0.0,0.0,0.0,0.0,0.0,0.0
M3,3,"(1,1,1)",7,200000,8539,Tappan Street #1,Brookline,False,0.0,0.0,0.0,0.0,0.0,0.0
M3,3,"(1,1,1)",7,200000,8466,Brookline Village #3,Brookline,False,0.0,0.0,0.0,0.0,0.0,0.0
M3,3,"(1,1,1)",7,200000,8865,Amory Street #1,Brookline,False,0.0,0.0,0.0,0.0,0.0,0.0
M3,3,"(1,1,1)",7,200000,8704,Saint Mary's Street #1,Brookline,False,0.0,0.0,0.0,0.0,0.0,0.0
M3,3,"(1,1,1)",7,200000,8452,Brookline Village #1,Brookline,False,0.0,0.0,0.0,0.0,0.0,0.0
M3,3,"(1,1,1)",7,200000,8617,Coolidge Corner #2,Brookline,False,0.0,0.0,0.0,0.0,0.0,0.0
M3,3,"(1,1,1)",7,200000,8624,Coolidge Corner #12,Brookline,False,0.0,0.0,0.0,0.0,0.0,0.0
M3,3,"(1,1,1)",7,200000,8728,Harvard Avenue #2,Brookline,False,0.0,0.0,0.0,0.0,0.0,0.0
M3,3,"(1,1,1)",7,200000,8902,Babcock Street #1,Brookline,False,0.0,0.0,0.0,0.0,0.0,0.0
M3,3,"(1,1,1)",7,200000,8708,Saint Mary's Street #2,Brookline,False,0.0,0.0,0.0,0.0,0.0,0.0
M3,3,"(1,1,1)",7,200000,8553,Washington Square #2,Brookline,False,0.0,0.0,0.0,0.0,0.0,0.0
M3,3,"(1,1,1)",7,200000,8487,Brookline Hills #4,Brookline,False,0.0,0.0,0.0,0.0,0.0,0.0
M3,3,"(1,1,1)",7,200000,8647,Coolidge Corner #8,Brookline,False,0.0,0.0,0.0,0.0,0.0,0.0
M3,3,"(1,1,1)",7,200000,8593,Coolidge Corner #9,Brookline,False,0.0,0.0,0.0,0.0,0.0,0.0
M3,3,"(1,1,1)",7,200000,8672,Summit Avenue #1,Brookline,False,0.0,0.0,0.0,0.0,0.0,0.0
M3,3,"(1,1,1)",7,200000,8399,Brookline Hills #2,Brookline,False,0.0,0.0,0.0,0.0,0.0,0.0
M3,3,"(1,1,1)",7,200000,8281,Chestnut Hill #2,Brookline,False,0.0,0.0,0.0,0.0,0.0,0.0
M3,3,"(1,1,1)",7,200000,8476,Brookline Hills #1,Brookline,False,0.0,0.0,0.0,0.0,0.0,0.0
M3,3,"(1,1,1)",7,200000,8626,Coolidge Corner #5,Brookline,False,0.0,0.0,0.0,0.0,0.0,0.0
M3,3,"(1,1,1)",7,200000,8685,Saint Mary's Street #3,Brookline,False,0.0,0.0,0.0,0.0,0.0,0.0
M3,3,"(1,1,1)",7,200000,8596,Summit Avenue #2,Brookline,False,0.0,0.0,0.0,0.0,0.0,0.0
M3,3,"(1,1,1)",7,200000,8657,Coolidge Corner #7,Brookline,False,0.0,0.0,0.0,0.0,0.0,0.0
M3,3,"(1,1,1)",7,200000,8575,Washington Square #4,Brookline,False,0.0,0.0,0.0,0.0,0.0,0.0
M3,3,"(1,1,1)",7,200000,8383,Brookline Hills #3,Brookline,False,0.0,0.0,0.0,0.0,0.0,0.0
M3,3,"(1,1,1)",7,200000,8680,Summit Avenue #3,Brookline,False,0.0,0.0,0.0,0.0,0.0,0.0
M3,3,"(1,1,1)",7,200000,8649,Coolidge Corner #6,Brookline,False,0.0,0.0,0.0,0.0,0.0,0.0
M3,3,"(1,1,1)",7,200000,8600,Coolidge Corner #11,Brookline,False,0.0,0.0,0.0,0.0,0.0,0.0
M3,3,"(1,1,1)",7,200000,8486,Brookline Village #4,Brookline,False,0.0,0.0,0.0,0.0,0.0,0.0
M3,3,"(1,1,1)",7,200000,8558,Washington Square #3,Brookline,False,0.0,0.0,0.0,0.0,0.0,0.0
M3,3,"(1,1,1)",7,200000,8419,Brookline Village #5,Brookline,False,0.0,0.0,0.0,0.0,0.0,0.0
M3,3,"(1,1,1)",7,200000,8598,Summit Avenue #4,Brookline,False,0.0,0.0,0.0,0.0,0.0,0.0
M3,3,"(1,1,1)",7,200000,8611,Coolidge Corner #10,Brookline,False,0.0,0.0,0.0,0.0,0.0,0.0
M3,3,"(1,1,1)",7,200000,8555,Tappan Street #2,Brookline,False,0.0,0.0,0.0,0.0,0.0,0.0
M3,3,"(1,1,1)",7,200000,8878,Amory Street #2,Brookline,False,0.0,0.0,0.0,0.0,0.0,0.0
M3,3,"(1,1,1)",7,200000,8411,Brookline Hills #5,Brookline,False,0.0,0.0,0.0,0.0,0.0,0.0
M3,3,"(1,1,1)",7,200000,8255,Chestnut Hill #3,Brookline,False,0.0,0.0,0.0,0.0,0.0,0.0
M3,3,"(1,1,1)",7,200000,8274,Chestnut Hill #4,Brookline,False,0.0,0.0,0.0,0.0,0.0,0.0
M3,3,"(1,1,1)",7,200000,10667,Malden Center #1,Malden,True,0.416355,0.416355,0.0,0.416355,0.92516,0.0011022783540807649
M3,3,"(1,1,1)",7,200000,10682,Malden Center #5,Malden,False,0.0,0.0,0.0,0.0,0.33857,0.0
M3,3,"(1,1,1)",7,200000,10616,Malden Center #2,Malden,True,0.319785,0.319785,0.0,0.319785,0.96397,0.0010428867478662293
M3,3,"(1,1,1)",7,200000,10664,Malden Center #3,Malden,False,0.0,0.0,0.0,0.0,0.421825,0.0
M3,3,"(1,1,1)",7,200000,10665,Malden Center #4,Malden,True,0.090165,0.090165,0.0,0.090165,0.749965,0.0006404501259856226
M3,3,"(1,1,1)",7,200000,10691,Malden Center #9,Malden,False,0.0,0.0,0.0,0.0,0.0,0.0
M3,3,"(1,1,1)",7,200000,10648,Malden Center #6,Malden,False,0.0,0.0,0.0,0.0,0.170445,0.0
M3,3,"(1,1,1)",7,200000,10687,Malden Center #7,Malden,False,0.0,0.0,0.0,0.0,0.0,0.0
M3,3,"(1,1,1)",7,200000,10779,Oak Grove #1,Malden,False,0.0,0.0,0.0,0.0,0.0,0.0
M3,3,"(1,1,1)",7,200000,10771,Oak Grove #2,Malden,False,0.0,0.0,0.0,0.0,0.0,0.0
M3,3,"(1,1,1)",7,200000,10710,Malden Center #10,Malden,False,0.0,0.0,0.0,0.0,0.033865,0.0
M3,3,"(1,1,1)",7,200000,10657,Malden Center #14,Malden,False,0.0,0.0,0.0,0.0,0.0,0.0
M3,3,"(1,1,1)",7,200000,10670,Malden Center #13,Malden,False,0.0,0.0,0.0,0.0,0.0,0.0
M3,3,"(1,1,1)",7,200000,10701,Malden Center #11,Malden,False,0.0,0.0,0.0,0.0,0.0,0.0
M3,3,"(1,1,1)",7,200000,10696,Malden Center #12,Malden,False,0.0,0.0,0.0,0.0,0.0,0.0
M3,3,"(1,1,1)",7,200000,10692,Malden Center #8,Malden,False,0.0,0.0,0.0,0.0,0.1191,0.0
M3,3,"(1,1,1)",7,200000,10676,Malden Center #15,Malden,False,0.0,0.0,0.0,0.0,0.0,0.0
M3,3,"(1,1,1)",7,200000,10618,Malden Center #16,Malden,False,0.0,0.0,0.0,0.0,0.0,0.0
M3,3,"(1,1,1)",7,200000,8128,Eliot #2,Newton,False,0.0,0.0,0.0,0.0,0.0,0.0
M3,3,"(1,1,1)",7,200000,8427,Newton Centre #1,Newton,False,0.0,0.0,0.0,0.0,0.0,0.0
M3,3,"(1,1,1)",7,200000,8298,Chestnut Hill #1,Newton,False,0.0,0.0,0.0,0.0,0.00199,0.0
M3,3,"(1,1,1)",7,200000,8165,Eliot #1,Newton,False,0.0,0.0,0.0,0.0,0.0,0.0
M3,3,"(1,1,1)",7,200000,8140,Eliot #5,Newton,False,0.0,0.0,0.0,0.0,0.0,0.0
M3,3,"(1,1,1)",7,200000,8116,Eliot #6,Newton,False,0.0,0.0,0.0,0.0,0.0,0.0
M3,3,"(1,1,1)",7,200000,8205,Newton Highlands #2,Newton,False,0.0,0.0,0.0,0.0,0.0,0.0
M3,3,"(1,1,1)",7,200000,8136,Eliot #3,Newton,False,0.0,0.0,0.0,0.0,0.0,0.0
M3,3,"(1,1,1)",7,200000,8385,Newton Centre #2,Newton,False,0.0,0.0,0.0,0.0,0.0,0.0
M3,3,"(1,1,1)",7,200000,8159,Newton Highlands #1,Newton,False,0.0,0.0,0.0,0.0,0.0,0.0
M3,3,"(1,1,1)",7,200000,8229,Newton Highlands #3,Newton,False,0.0,0.0,0.0,0.0,0.0,0.0
M3,3,"(1,1,1)",7,200000,8175,Eliot #8,Newton,False,0.0,0.0,0.0,0.0,0.0,0.0
M3,3,"(1,1,1)",7,200000,8379,Newton Centre #4,Newton,False,0.0,0.0,0.0,0.0,0.0,0.0
M3,3,"(1,1,1)",7,200000,8341,Waban #1,Newton,False,0.0,0.0,0.0,0.0,0.0,0.0
M3,3,"(1,1,1)",7,200000,8407,Newton Centre #5,Newton,False,0.0,0.0,0.0,0.0,0.0,0.0
M3,3,"(1,1,1)",7,200000,8388,Newton Centre #7,Newton,False,0.0,0.0,0.0,0.0,0.0,0.0
M3,3,"(1,1,1)",7,200000,8500,Newton Centre #10,Newton,False,0.0,0.0,0.0,0.0,0.0,0.0
M3,3,"(1,1,1)",7,200000,8143,Newton Highlands #5,Newton,False,0.0,0.0,0.0,0.0,0.0,0.0
M3,3,"(1,1,1)",7,200000,8408,Newton Centre #9,Newton,False,0.0,0.0,0.0,0.0,0.0,0.0
M3,3,"(1,1,1)",7,200000,8410,Newton Centre #6,Newton,False,0.0,0.0,0.0,0.0,0.0,0.0
M3,3,"(1,1,1)",7,200000,8102,Eliot #4,Newton,False,0.0,0.0,0.0,0.0,0.0,0.0
M3,3,"(1,1,1)",7,200000,8115,Eliot #7,Newton,False,0.0,0.0,0.0,0.0,0.0,0.0
M3,3,"(1,1,1)",7,200000,8418,Newton Centre #8,Newton,False,0.0,0.0,0.0,0.0,0.0,0.0
M3,3,"(1,1,1)",7,200000,8169,Eliot #9,Newton,False,0.0,0.0,0.0,0.0,0.0,0.0
M3,3,"(1,1,1)",7,200000,8214,Newton Highlands #4,Newton,False,0.0,0.0,0.0,0.0,0.0,0.0
M3,3,"(1,1,1)",7,200000,8400,Newton Centre #3,Newton,False,0.0,0.0,0.0,0.0,0.0,0.0
M3,3,"(1,1,1)",7,200000,8213,Newton Highlands #6,Newton,False,0.0,0.0,0.0,0.0,0.0,0.0
M3,3,"(1,1,1)",7,200000,8217,Newton Highlands #7,Newton,False,0.0,0.0,0.0,0.0,0.0,0.0
M3,3,"(1,1,1)",7,200000,8394,Newton Centre #11,Newton,False,0.0,0.0,0.0,0.0,0.0,0.0
M3,3,"(1,1,1)",7,200000,10236,Wellington #1,Medford,False,0.0,0.0,0.0,0.0,0.0,0.0
M3,3,"(1,1,1)",7,200000,10364,Medford/Tufts #1,Medford,False,0.0,0.0,0.0,0.0,0.0,0.0
M3,3,"(1,1,1)",7,200000,10200,Wellington #2,Medford,False,0.0,0.0,0.0,0.0,0.0,0.0
M3,3,"(1,1,1)",7,200000,10366,Medford/Tufts #2,Medford,False,0.0,0.0,0.0,0.0,0.0,0.0
M3,3,"(1,1,1)",7,200000,10230,Ball Square #5,Medford,False,0.0,0.0,0.0,0.0,0.0,0.0
M3,3,"(1,1,1)",7,200000,10211,Ball Square #2,Medford,False,0.0,0.0,0.0,0.0,0.0,0.0
M3,3,"(1,1,1)",7,200000,10231,Ball Square #7,Medford,False,0.0,0.0,0.0,0.0,0.0,0.0
M3,3,"(1,1,1)",7,200000,10316,Medford/Tufts #3,Medford,False,0.0,0.0,0.0,0.0,0.0,0.0
M3,3,"(1,1,1)",7,200000,10369,Revere Beach #1,Revere,False,0.0,0.0,0.0,0.0,0.0,0.0
M3,3,"(1,1,1)",7,200000,10358,Revere Beach #2,Revere,False,0.0,0.0,0.0,0.0,0.0,0.0
M3,3,"(1,1,1)",7,200000,10381,Wonderland #1,Revere,True,0.00293,0.00293,0.0,0.00293,0.025415,0.00012085973481685288
M3,3,"(1,1,1)",7,200000,10326,Revere Beach #4,Revere,False,0.0,0.0,0.0,0.0,0.0,0.0
M3,3,"(1,1,1)",7,200000,10520,Wonderland #2,Revere,False,0.0,0.0,0.0,0.0,0.0,0.0
M3,3,"(1,1,1)",7,200000,10273,Revere Beach #3,Revere,False,0.0,0.0,0.0,0.0,0.0,0.0
M3,3,"(1,1,1)",7,200000,10281,Revere Beach #5,Revere,False,0.0,0.0,0.0,0.0,0.0,0.0
M3,3,"(1,1,1)",7,200000,10262,Revere Beach #6,Revere,False,0.0,0.0,0.0,0.0,0.0,0.0
M3,3,"(1,1,1)",7,200000,10285,Revere Beach #7,Revere,False,0.0,0.0,0.0,0.0,0.0,0.0
M3,3,"(1,1,1)",7,200000,6730,Quincy Center #2,Quincy,False,0.0,0.0,0.0,0.0,0.0,0.0
M3,3,"(1,1,1)",7,200000,6771,Quincy Center #4,Quincy,False,0.0,0.0,0.0,0.0,0.0,0.0
M3,3,"(1,1,1)",7,200000,6760,Quincy Center #1,Quincy,False,0.0,0.0,0.0,0.0,0.0,0.0
M3,3,"(1,1,1)",7,200000,6886,Quincy Center #12,Quincy,False,0.0,0.0,0.0,0.0,0.0,0.0
M3,3,"(1,1,1)",7,200000,6782,Quincy Center #3,Quincy,False,0.0,0.0,0.0,0.0,0.0,0.0
M3,3,"(1,1,1)",7,200000,7340,North Quincy #5,Quincy,False,0.0,0.0,0.0,0.0,0.0,0.0
M3,3,"(1,1,1)",7,200000,7424,North Quincy #3,Quincy,False,0.0,0.0,0.0,0.0,0.0,0.0
M3,3,"(1,1,1)",7,200000,7487,North Quincy #1,Quincy,False,0.0,0.0,0.0,0.0,0.0,0.0
M3,3,"(1,1,1)",7,200000,7173,Wollaston #2,Quincy,True,0.0,0.0,0.0,0.0,0.080475,0.0
M3,3,"(1,1,1)",7,200000,7176,Wollaston #5,Quincy,False,0.0,0.0,0.0,0.0,0.0,0.0
M3,3,"(1,1,1)",7,200000,7529,North Quincy #2,Quincy,True,0.0,0.0,0.0,0.0,0.0012,0.0
M3,3,"(1,1,1)",7,200000,6755,Quincy Center #9,Quincy,False,0.0,0.0,0.0,0.0,0.0,0.0
M3,3,"(1,1,1)",7,200000,7196,Wollaston #3,Quincy,False,0.0,0.0,0.0,0.0,0.0,0.0
M3,3,"(1,1,1)",7,200000,6710,Quincy Center #10,Quincy,False,0.0,0.0,0.0,0.0,0.0,0.0
M3,3,"(1,1,1)",7,200000,6729,Quincy Center #7,Quincy,False,0.0,0.0,0.0,0.0,0.0,0.0
M3,3,"(1,1,1)",7,200000,7300,Wollaston #1,Quincy,True,0.0,0.0,0.0,0.0,0.33065,0.0
M3,3,"(1,1,1)",7,200000,6736,Quincy Center #5,Quincy,False,0.0,0.0,0.0,0.0,0.0,0.0
M3,3,"(1,1,1)",7,200000,7180,Wollaston #4,Quincy,False,0.0,0.0,0.0,0.0,0.0,0.0
M3,3,"(1,1,1)",7,200000,7310,North Quincy #7,Quincy,False,0.0,0.0,0.0,0.0,0.0,0.0
M3,3,"(1,1,1)",7,200000,7346,North Quincy #6,Quincy,False,0.0,0.0,0.0,0.0,0.0,0.0
M3,3,"(1,1,1)",7,200000,6857,Quincy Center #11,Quincy,False,0.0,0.0,0.0,0.0,0.0,0.0
M3,3,"(1,1,1)",7,200000,6472,Quincy Adams #2,Quincy,False,0.0,0.0,0.0,0.0,0.0,0.0
M3,3,"(1,1,1)",7,200000,7329,North Quincy #8,Quincy,False,0.0,0.0,0.0,0.0,0.0,0.0
M3,3,"(1,1,1)",7,200000,7338,North Quincy #4,Quincy,False,0.0,0.0,0.0,0.0,0.0,0.0
M3,3,"(1,1,1)",7,200000,6762,Quincy Center #13,Quincy,False,0.0,0.0,0.0,0.0,0.0,0.0
M3,3,"(1,1,1)",7,200000,7241,North Quincy #9,Quincy,False,0.0,0.0,0.0,0.0,0.0,0.0
M3,3,"(1,1,1)",7,200000,6781,Quincy Center #14,Quincy,False,0.0,0.0,0.0,0.0,0.0,0.0
M3,3,"(1,1,1)",7,200000,7183,Wollaston #8,Quincy,False,0.0,0.0,0.0,0.0,0.0,0.0
M3,3,"(1,1,1)",7,200000,7360,North Quincy #10,Quincy,False,0.0,0.0,0.0,0.0,0.0,0.0
M3,3,"(1,1,1)",7,200000,7163,Wollaston #6,Quincy,False,0.0,0.0,0.0,0.0,0.0,0.0
M3,3,"(1,1,1)",7,200000,6474,Quincy Adams #1,Quincy,True,0.00151,0.00151,0.0,0.00151,0.01882,8.682510869558413e-05
M3,3,"(1,1,1)",7,200000,7088,Wollaston #10,Quincy,False,0.0,0.0,0.0,0.0,0.0,0.0
M3,3,"(1,1,1)",7,200000,6465,Quincy Adams #3,Quincy,False,0.0,0.0,0.0,0.0,0.0,0.0
M3,3,"(1,1,1)",7,200000,7190,Wollaston #7,Quincy,False,0.0,0.0,0.0,0.0,0.0,0.0
M3,3,"(1,1,1)",7,200000,7194,Wollaston #9,Quincy,False,0.0,0.0,0.0,0.0,0.0,0.0
M3,3,"(1,1,1)",7,200000,5973,Braintree #1,Braintree,True,0.128525,0.128525,0.0,0.128525,0.32402,0.0007483526053104913
M3,3,"(1,1,1)",7,200000,6019,Braintree #2,Braintree,False,0.0,0.0,0.0,0.0,0.16128,0.0
M3,3,"(1,1,1)",7,200000,5982,Braintree #5,Braintree,False,0.0,0.0,0.0,0.0,0.0,0.0
M3,3,"(1,1,1)",7,200000,5965,Braintree #4,Braintree,False,0.0,0.0,0.0,0.0,0.0,0.0
M3,3,"(1,1,1)",7,200000,5966,Braintree #3,Braintree,False,0.0,0.0,0.0,0.0,0.0,0.0
M3,3,"(1,1,1)",7,200000,5992,Braintree #7,Braintree,False,0.0,0.0,0.0,0.0,0.0,0.0
M3,3,"(1,1,1)",7,200000,5999,Braintree #6,Braintree,False,0.0,0.0,0.0,0.0,0.0,0.0
M3,3,"(1,1,1)",7,200000,5967,Braintree #8,Braintree,False,0.0,0.0,0.0,0.0,0.0,0.0
M3,3,"(1,1,1)",7,200000,5991,Braintree #9,Braintree,False,0.0,0.0,0.0,0.0,0.0,0.0
S0,4,"(1,1,1,1)",7,200000,9475,East Somerville #1,Somerville,False,0.0,0.0,0.0,0.0,0.00021,0.0
S0,4,"(1,1,1,1)",7,200000,9577,Union Square #1,Somerville,False,0.0,0.0,0.0,0.0,0.0,0.0
S0,4,"(1,1,1,1)",7,200000,9967,Assembly #1,Somerville,True,0.0,0.0,0.0,0.0,0.039185,0.0
S0,4,"(1,1,1,1)",7,200000,9695,Union Square #2,Somerville,False,0.0,0.0,0.0,0.0,0.0,0.0
S0,4,"(1,1,1,1)",7,200000,9766,Porter #2,Somerville,False,0.0,0.0,0.0,0.0,0.0,0.0
S0,4,"(1,1,1,1)",7,200000,9986,Gilman Square #1,Somerville,False,0.0,0.0,0.0,0.0,0.0,0.0
S0,4,"(1,1,1,1)",7,200000,9949,Assembly #3,Somerville,False,0.0,0.0,0.0,0.0,0.00086,0.0
S0,4,"(1,1,1,1)",7,200000,9457,Lechmere #1,Somerville,False,0.0,0.0,0.0,0.0,0.0,0.0
S0,4,"(1,1,1,1)",7,200000,9588,East Somerville #3,Somerville,False,0.0,0.0,0.0,0.0,0.0,0.0
S0,4,"(1,1,1,1)",7,200000,10038,Davis #1,Somerville,False,0.0,0.0,0.0,0.0,0.0,0.0
S0,4,"(1,1,1,1)",7,200000,9679,Union Square #3,Somerville,False,0.0,0.0,0.0,0.0,0.0,0.0
S0,4,"(1,1,1,1)",7,200000,9971,Assembly #2,Somerville,True,0.0,0.0,0.0,0.0,0.039185,0.0
S0,4,"(1,1,1,1)",7,200000,9653,East Somerville #2,Somerville,False,0.0,0.0,0.0,0.0,0.0,0.0
S0,4,"(1,1,1,1)",7,200000,9620,Union Square #4,Somerville,False,0.0,0.0,0.0,0.0,0.0,0.0
S0,4,"(1,1,1,1)",7,200000,9660,Union Square #9,Somerville,False,0.0,0.0,0.0,0.0,0.0,0.0
S0,4,"(1,1,1,1)",7,200000,9525,Union Square #6,Somerville,False,0.0,0.0,0.0,0.0,0.0,0.0
S0,4,"(1,1,1,1)",7,200000,9471,Union Square #7,Somerville,False,0.0,0.0,0.0,0.0,0.0,0.0
S0,4,"(1,1,1,1)",7,200000,10018,Davis #2,Somerville,False,0.0,0.0,0.0,0.0,0.0,0.0
S0,4,"(1,1,1,1)",7,200000,10040,Davis #5,Somerville,False,0.0,0.0,0.0,0.0,0.0,0.0
S0,4,"(1,1,1,1)",7,200000,9608,Union Square #10,Somerville,False,0.0,0.0,0.0,0.0,0.0,0.0
S0,4,"(1,1,1,1)",7,200000,10034,Davis #3,Somerville,False,0.0,0.0,0.0,0.0,0.0,0.0
S0,4,"(1,1,1,1)",7,200000,9548,East Somerville #5,Somerville,False,0.0,0.0,0.0,0.0,0.0,0.0
S0,4,"(1,1,1,1)",7,200000,9591,Union Square #8,Somerville,False,0.0,0.0,0.0,0.0,0.0,0.0
S0,4,"(1,1,1,1)",7,200000,10021,Davis #8,Somerville,False,0.0,0.0,0.0,0.0,0.0,0.0
S0,4,"(1,1,1,1)",7,200000,9817,Porter #4,Somerville,False,0.0,0.0,0.0,0.0,0.0,0.0
S0,4,"(1,1,1,1)",7,200000,9640,Union Square #11,Somerville,False,0.0,0.0,0.0,0.0,0.0,0.0
S0,4,"(1,1,1,1)",7,200000,10054,Davis #10,Somerville,False,0.0,0.0,0.0,0.0,0.0,0.0
S0,4,"(1,1,1,1)",7,200000,9818,Sullivan Square #3,Somerville,False,0.0,0.0,0.0,0.0,0.0,0.0
S0,4,"(1,1,1,1)",7,200000,9863,Sullivan Square #1,Somerville,True,0.0,0.0,0.0,0.0,0.003275,0.0
S0,4,"(1,1,1,1)",7,200000,9643,Union Square #14,Somerville,False,0.0,0.0,0.0,0.0,0.0,0.0
S0,4,"(1,1,1,1)",7,200000,9667,East Somerville #4,Somerville,False,0.0,0.0,0.0,0.0,0.0,0.0
S0,4,"(1,1,1,1)",7,200000,10006,Gilman Square #2,Somerville,False,0.0,0.0,0.0,0.0,0.0,0.0
S0,4,"(1,1,1,1)",7,200000,9905,Gilman Square #7,Somerville,False,0.0,0.0,0.0,0.0,0.0,0.0
S0,4,"(1,1,1,1)",7,200000,10043,Davis #6,Somerville,False,0.0,0.0,0.0,0.0,0.0,0.0
S0,4,"(1,1,1,1)",7,200000,9810,Sullivan Square #2,Somerville,False,0.0,0.0,0.0,0.0,0.0,0.0
S0,4,"(1,1,1,1)",7,200000,9463,Union Square #15,Somerville,False,0.0,0.0,0.0,0.0,0.0,0.0
S0,4,"(1,1,1,1)",7,200000,10118,Davis #12,Somerville,False,0.0,0.0,0.0,0.0,0.0,0.0
S0,4,"(1,1,1,1)",7,200000,9700,Union Square #19,Somerville,False,0.0,0.0,0.0,0.0,0.0,0.0
S0,4,"(1,1,1,1)",7,200000,9696,Union Square #18,Somerville,False,0.0,0.0,0.0,0.0,0.0,0.0
S0,4,"(1,1,1,1)",7,200000,10042,Davis #15,Somerville,False,0.0,0.0,0.0,0.0,0.0,0.0
S0,4,"(1,1,1,1)",7,200000,10046,Davis #9,Somerville,False,0.0,0.0,0.0,0.0,0.0,0.0
S0,4,"(1,1,1,1)",7,200000,9877,Gilman Square #4,Somerville,False,0.0,0.0,0.0,0.0,0.0,0.0
S0,4,"(1,1,1,1)",7,200000,9639,Union Square #12,Somerville,False,0.0,0.0,0.0,0.0,0.0,0.0
S0,4,"(1,1,1,1)",7,200000,10059,Magoun Square #1,Somerville,False,0.0,0.0,0.0,0.0,0.0,0.0
S0,4,"(1,1,1,1)",7,200000,9850,Gilman Square #11,Somerville,False,0.0,0.0,0.0,0.0,0.0,0.0
S0,4,"(1,1,1,1)",7,200000,10064,Magoun Square #2,Somerville,False,0.0,0.0,0.0,0.0,0.0,0.0
S0,4,"(1,1,1,1)",7,200000,10065,Davis #14,Somerville,False,0.0,0.0,0.0,0.0,0.0,0.0
S0,4,"(1,1,1,1)",7,200000,9842,Sullivan Square #4,Somerville,False,0.0,0.0,0.0,0.0,0.0,0.0
S0,4,"(1,1,1,1)",7,200000,10126,Ball Square #1,Somerville,False,0.0,0.0,0.0,0.0,0.0,0.0
S0,4,"(1,1,1,1)",7,200000,9890,Gilman Square #9,Somerville,False,0.0,0.0,0.0,0.0,0.0,0.0
S0,4,"(1,1,1,1)",7,200000,9989,Gilman Square #3,Somerville,False,0.0,0.0,0.0,0.0,0.0,0.0
S0,4,"(1,1,1,1)",7,200000,10123,Ball Square #3,Somerville,False,0.0,0.0,0.0,0.0,0.0,0.0
S0,4,"(1,1,1,1)",7,200000,9628,East Somerville #6,Somerville,False,0.0,0.0,0.0,0.0,0.0,0.0
S0,4,"(1,1,1,1)",7,200000,9867,Gilman Square #10,Somerville,False,0.0,0.0,0.0,0.0,0.0,0.0
S0,4,"(1,1,1,1)",7,200000,9872,Gilman Square #6,Somerville,False,0.0,0.0,0.0,0.0,0.0,0.0
S0,4,"(1,1,1,1)",7,200000,10143,Ball Square #4,Somerville,False,0.0,0.0,0.0,0.0,0.0,0.0
S0,4,"(1,1,1,1)",7,200000,9976,Gilman Square #5,Somerville,False,0.0,0.0,0.0,0.0,0.0,0.0
S0,4,"(1,1,1,1)",7,200000,9845,Sullivan Square #5,Somerville,False,0.0,0.0,0.0,0.0,0.0,0.0
S0,4,"(1,1,1,1)",7,200000,10031,Magoun Square #3,Somerville,False,0.0,0.0,0.0,0.0,0.0,0.0
S0,4,"(1,1,1,1)",7,200000,10140,Ball Square #6,Somerville,False,0.0,0.0,0.0,0.0,0.0,0.0
S0,4,"(1,1,1,1)",7,200000,9887,Gilman Square #8,Somerville,False,0.0,0.0,0.0,0.0,0.0,0.0
S0,4,"(1,1,1,1)",7,200000,10012,Assembly #4,Somerville,True,0.0,0.0,0.0,0.0,0.0,0.0
S0,4,"(1,1,1,1)",7,200000,9995,Assembly #5,Somerville,False,0.0,0.0,0.0,0.0,0.0,0.0
S0,4,"(1,1,1,1)",7,200000,9921,Porter #1,Cambridge,False,0.0,0.0,0.0,0.0,0.003685,0.0
S0,4,"(1,1,1,1)",7,200000,9427,Union Square #5,Cambridge,False,0.0,0.0,0.0,0.0,0.0,0.0
S0,4,"(1,1,1,1)",7,200000,9397,Harvard #1,Cambridge,True,0.0592,0.0592,0.0,0.0592,0.136575,0.0005277090107246606
S0,4,"(1,1,1,1)",7,200000,9441,Harvard #2,Cambridge,True,0.0,0.0,0.0,0.0,0.104285,0.0
S0,4,"(1,1,1,1)",7,200000,9965,Alewife #1,Cambridge,True,0.00175,0.00175,0.0,0.00175,0.062605,9.345955007381536e-05
S0,4,"(1,1,1,1)",7,200000,9206,Central #2,Cambridge,False,0.0,0.0,0.0,0.0,0.0,0.0
S0,4,"(1,1,1,1)",7,200000,9289,Central #1,Cambridge,True,0.0,0.0,0.0,0.0,0.00565,0.0
S0,4,"(1,1,1,1)",7,200000,9325,Harvard #3,Cambridge,True,0.0,0.0,0.0,0.0,0.0946,0.0
S0,4,"(1,1,1,1)",7,200000,9179,Central #3,Cambridge,False,0.0,0.0,0.0,0.0,0.0,0.0
S0,4,"(1,1,1,1)",7,200000,9382,Union Square #20,Cambridge,False,0.0,0.0,0.0,0.0,0.0,0.0
S0,4,"(1,1,1,1)",7,200000,9928,Alewife #2,Cambridge,False,0.0,0.0,0.0,0.0,0.01303,0.0
S0,4,"(1,1,1,1)",7,200000,9768,Porter #3,Cambridge,False,0.0,0.0,0.0,0.0,0.0,0.0
S0,4,"(1,1,1,1)",7,200000,9208,Central #6,Cambridge,False,0.0,0.0,0.0,0.0,0.0,0.0
S0,4,"(1,1,1,1)",7,200000,9168,Central #4,Cambridge,False,0.0,0.0,0.0,0.0,0.0,0.0
S0,4,"(1,1,1,1)",7,200000,9975,Davis #4,Cambridge,False,0.0,0.0,0.0,0.0,0.0,0.0
S0,4,"(1,1,1,1)",7,200000,9278,Lechmere #3,Cambridge,False,0.0,0.0,0.0,0.0,0.0,0.0
S0,4,"(1,1,1,1)",7,200000,9239,Central #7,Cambridge,False,0.0,0.0,0.0,0.0,0.0,0.0
S0,4,"(1,1,1,1)",7,200000,9449,Union Square #17,Cambridge,False,0.0,0.0,0.0,0.0,0.0,0.0
S0,4,"(1,1,1,1)",7,200000,9298,Lechmere #2,Cambridge,False,0.0,0.0,0.0,0.0,0.0,0.0
S0,4,"(1,1,1,1)",7,200000,9895,Porter #6,Cambridge,False,0.0,0.0,0.0,0.0,0.0,0.0
S0,4,"(1,1,1,1)",7,200000,9237,Central #5,Cambridge,False,0.0,0.0,0.0,0.0,0.0,0.0
S0,4,"(1,1,1,1)",7,200000,9706,Porter #8,Cambridge,False,0.0,0.0,0.0,0.0,0.0,0.0
S0,4,"(1,1,1,1)",7,200000,9447,Harvard #4,Cambridge,True,0.013795,0.013795,0.0,0.013795,0.0651,0.0002608131320984432
S0,4,"(1,1,1,1)",7,200000,9862,Porter #9,Cambridge,False,0.0,0.0,0.0,0.0,0.0,0.0
S0,4,"(1,1,1,1)",7,200000,9406,Union Square #13,Cambridge,False,0.0,0.0,0.0,0.0,0.0,0.0
S0,4,"(1,1,1,1)",7,200000,10017,Davis #13,Cambridge,False,0.0,0.0,0.0,0.0,0.0,0.0
S0,4,"(1,1,1,1)",7,200000,10015,Davis #11,Cambridge,False,0.0,0.0,0.0,0.0,0.0,0.0
S0,4,"(1,1,1,1)",7,200000,10116,Davis #7,Cambridge,False,0.0,0.0,0.0,0.0,0.0,0.0
S0,4,"(1,1,1,1)",7,200000,9808,Porter #5,Cambridge,False,0.0,0.0,0.0,0.0,0.0,0.0
S0,4,"(1,1,1,1)",7,200000,9438,Union Square #16,Cambridge,False,0.0,0.0,0.0,0.0,0.0,0.0
S0,4,"(1,1,1,1)",7,200000,9919,Porter #7,Cambridge,False,0.0,0.0,0.0,0.0,0.0,0.0
S0,4,"(1,1,1,1)",7,200000,9957,Porter #10,Cambridge,False,0.0,0.0,0.0,0.0,0.0,0.0
S0,4,"(1,1,1,1)",7,200000,9704,Porter #11,Cambridge,False,0.0,0.0,0.0,0.0,0.0,0.0
S0,4,"(1,1,1,1)",7,200000,9784,Porter #12,Cambridge,False,0.0,0.0,0.0,0.0,0.0,0.0
S0,4,"(1,1,1,1)",7,200000,10060,Davis #16,Cambridge,False,0.0,0.0,0.0,0.0,0.0,0.0
S0,4,"(1,1,1,1)",7,200000,8547,Coolidge Corner #1,Brookline,False,0.0,0.0,0.0,0.0,0.0,0.0
S0,4,"(1,1,1,1)",7,200000,8787,Harvard Avenue #1,Brookline,False,0.0,0.0,0.0,0.0,0.03446,0.0
S0,4,"(1,1,1,1)",7,200000,8527,Brookline Village #2,Brookline,False,0.0,0.0,0.0,0.0,0.0,0.0
S0,4,"(1,1,1,1)",7,200000,8650,Coolidge Corner #4,Brookline,False,0.0,0.0,0.0,0.0,0.0,0.0
S0,4,"(1,1,1,1)",7,200000,8640,Coolidge Corner #3,Brookline,False,0.0,0.0,0.0,0.0,0.0,0.0
S0,4,"(1,1,1,1)",7,200000,8568,Washington Square #1,Brookline,False,0.0,0.0,0.0,0.0,0.0,0.0
S0,4,"(1,1,1,1)",7,200000,8539,Tappan Street #1,Brookline,False,0.0,0.0,0.0,0.0,0.0,0.0
S0,4,"(1,1,1,1)",7,200000,8466,Brookline Village #3,Brookline,False,0.0,0.0,0.0,0.0,0.0,0.0
S0,4,"(1,1,1,1)",7,200000,8865,Amory Street #1,Brookline,False,0.0,0.0,0.0,0.0,0.010045,0.0
S0,4,"(1,1,1,1)",7,200000,8704,Saint Mary's Street #1,Brookline,False,0.0,0.0,0.0,0.0,0.0,0.0
S0,4,"(1,1,1,1)",7,200000,8452,Brookline Village #1,Brookline,False,0.0,0.0,0.0,0.0,0.0,0.0
S0,4,"(1,1,1,1)",7,200000,8617,Coolidge Corner #2,Brookline,False,0.0,0.0,0.0,0.0,0.0,0.0
S0,4,"(1,1,1,1)",7,200000,8624,Coolidge Corner #12,Brookline,False,0.0,0.0,0.0,0.0,0.0,0.0
S0,4,"(1,1,1,1)",7,200000,8728,Harvard Avenue #2,Brookline,False,0.0,0.0,0.0,0.0,0.0,0.0
S0,4,"(1,1,1,1)",7,200000,8902,Babcock Street #1,Brookline,False,0.0,0.0,0.0,0.0,0.0,0.0
S0,4,"(1,1,1,1)",7,200000,8708,Saint Mary's Street #2,Brookline,False,0.0,0.0,0.0,0.0,0.0,0.0
S0,4,"(1,1,1,1)",7,200000,8553,Washington Square #2,Brookline,False,0.0,0.0,0.0,0.0,0.0,0.0
S0,4,"(1,1,1,1)",7,200000,8487,Brookline Hills #4,Brookline,False,0.0,0.0,0.0,0.0,0.0,0.0
S0,4,"(1,1,1,1)",7,200000,8647,Coolidge Corner #8,Brookline,False,0.0,0.0,0.0,0.0,0.0,0.0
S0,4,"(1,1,1,1)",7,200000,8593,Coolidge Corner #9,Brookline,False,0.0,0.0,0.0,0.0,0.0,0.0
S0,4,"(1,1,1,1)",7,200000,8672,Summit Avenue #1,Brookline,False,0.0,0.0,0.0,0.0,0.0,0.0
S0,4,"(1,1,1,1)",7,200000,8399,Brookline Hills #2,Brookline,False,0.0,0.0,0.0,0.0,0.0,0.0
S0,4,"(1,1,1,1)",7,200000,8281,Chestnut Hill #2,Brookline,False,0.0,0.0,0.0,0.0,0.0,0.0
S0,4,"(1,1,1,1)",7,200000,8476,Brookline Hills #1,Brookline,False,0.0,0.0,0.0,0.0,0.0,0.0
S0,4,"(1,1,1,1)",7,200000,8626,Coolidge Corner #5,Brookline,False,0.0,0.0,0.0,0.0,0.0,0.0
S0,4,"(1,1,1,1)",7,200000,8685,Saint Mary's Street #3,Brookline,False,0.0,0.0,0.0,0.0,0.0,0.0
S0,4,"(1,1,1,1)",7,200000,8596,Summit Avenue #2,Brookline,False,0.0,0.0,0.0,0.0,0.0,0.0
S0,4,"(1,1,1,1)",7,200000,8657,Coolidge Corner #7,Brookline,False,0.0,0.0,0.0,0.0,0.0,0.0
S0,4,"(1,1,1,1)",7,200000,8575,Washington Square #4,Brookline,False,0.0,0.0,0.0,0.0,0.0,0.0
S0,4,"(1,1,1,1)",7,200000,8383,Brookline Hills #3,Brookline,False,0.0,0.0,0.0,0.0,0.0,0.0
S0,4,"(1,1,1,1)",7,200000,8680,Summit Avenue #3,Brookline,False,0.0,0.0,0.0,0.0,0.0,0.0
S0,4,"(1,1,1,1)",7,200000,8649,Coolidge Corner #6,Brookline,False,0.0,0.0,0.0,0.0,0.0,0.0
S0,4,"(1,1,1,1)",7,200000,8600,Coolidge Corner #11,Brookline,False,0.0,0.0,0.0,0.0,0.0,0.0
S0,4,"(1,1,1,1)",7,200000,8486,Brookline Village #4,Brookline,False,0.0,0.0,0.0,0.0,0.0,0.0
S0,4,"(1,1,1,1)",7,200000,8558,Washington Square #3,Brookline,False,0.0,0.0,0.0,0.0,0.0,0.0
S0,4,"(1,1,1,1)",7,200000,8419,Brookline Village #5,Brookline,False,0.0,0.0,0.0,0.0,0.0,0.0
S0,4,"(1,1,1,1)",7,200000,8598,Summit Avenue #4,Brookline,False,0.0,0.0,0.0,0.0,0.0,0.0
S0,4,"(1,1,1,1)",7,200000,8611,Coolidge Corner #10,Brookline,False,0.0,0.0,0.0,0.0,0.0,0.0
S0,4,"(1,1,1,1)",7,200000,8555,Tappan Street #2,Brookline,False,0.0,0.0,0.0,0.0,0.0,0.0
S0,4,"(1,1,1,1)",7,200000,8878,Amory Street #2,Brookline,False,0.0,0.0,0.0,0.0,0.0,0.0
S0,4,"(1,1,1,1)",7,200000,8411,Brookline Hills #5,Brookline,False,0.0,0.0,0.0,0.0,0.0,0.0
S0,4,"(1,1,1,1)",7,200000,8255,Chestnut Hill #3,Brookline,False,0.0,0.0,0.0,0.0,0.0,0.0
S0,4,"(1,1,1,1)",7,200000,8274,Chestnut Hill #4,Brookline,False,0.0,0.0,0.0,0.0,0.0,0.0
S0,4,"(1,1,1,1)",7,200000,10667,Malden Center #1,Malden,True,0.31075,0.31075,0.0,0.31075,0.65266,0.0010348537034286537
S0,4,"(1,1,1,1)",7,200000,10682,Malden Center #5,Malden,False,0.0,0.0,0.0,0.0,0.066595,0.0
S0,4,"(1,1,1,1)",7,200000,10616,Malden Center #2,Malden,True,0.026495,0.026495,0.0,0.026495,0.54302,0.00035911707683567486
S0,4,"(1,1,1,1)",7,200000,10664,Malden Center #3,Malden,False,0.0,0.0,0.0,0.0,0.116315,0.0
S0,4,"(1,1,1,1)",7,200000,10665,Malden Center #4,Malden,True,0.004285,0.004285,0.0,0.004285,0.245965,0.00014605887126429535
S0,4,"(1,1,1,1)",7,200000,10691,Malden Center #9,Malden,False,0.0,0.0,0.0,0.0,0.0,0.0
S0,4,"(1,1,1,1)",7,200000,10648,Malden Center #6,Malden,False,0.0,0.0,0.0,0.0,0.02114,0.0
S0,4,"(1,1,1,1)",7,200000,10687,Malden Center #7,Malden,False,0.0,0.0,0.0,0.0,0.0,0.0
S0,4,"(1,1,1,1)",7,200000,10779,Oak Grove #1,Malden,False,0.0,0.0,0.0,0.0,0.0,0.0
S0,4,"(1,1,1,1)",7,200000,10771,Oak Grove #2,Malden,False,0.0,0.0,0.0,0.0,0.0,0.0
S0,4,"(1,1,1,1)",7,200000,10710,Malden Center #10,Malden,False,0.0,0.0,0.0,0.0,0.007185,0.0
S0,4,"(1,1,1,1)",7,200000,10657,Malden Center #14,Malden,False,0.0,0.0,0.0,0.0,0.0,0.0
S0,4,"(1,1,1,1)",7,200000,10670,Malden Center #13,Malden,False,0.0,0.0,0.0,0.0,0.0,0.0
S0,4,"(1,1,1,1)",7,200000,10701,Malden Center #11,Malden,False,0.0,0.0,0.0,0.0,0.0,0.0
S0,4,"(1,1,1,1)",7,200000,10696,Malden Center #12,Malden,False,0.0,0.0,0.0,0.0,0.0,0.0
S0,4,"(1,1,1,1)",7,200000,10692,Malden Center #8,Malden,False,0.0,0.0,0.0,0.0,0.038015,0.0
S0,4,"(1,1,1,1)",7,200000,10676,Malden Center #15,Malden,False,0.0,0.0,0.0,0.0,0.0,0.0
S0,4,"(1,1,1,1)",7,200000,10618,Malden Center #16,Malden,False,0.0,0.0,0.0,0.0,0.0,0.0
S0,4,"(1,1,1,1)",7,200000,8128,Eliot #2,Newton,False,0.0,0.0,0.0,0.0,0.0,0.0
S0,4,"(1,1,1,1)",7,200000,8427,Newton Centre #1,Newton,False,0.0,0.0,0.0,0.0,0.0,0.0
S0,4,"(1,1,1,1)",7,200000,8298,Chestnut Hill #1,Newton,True,0.0,0.0,0.0,0.0,9.5e-05,0.0
S0,4,"(1,1,1,1)",7,200000,8165,Eliot #1,Newton,False,0.0,0.0,0.0,0.0,0.0,0.0
S0,4,"(1,1,1,1)",7,200000,8140,Eliot #5,Newton,False,0.0,0.0,0.0,0.0,0.0,0.0
S0,4,"(1,1,1,1)",7,200000,8116,Eliot #6,Newton,False,0.0,0.0,0.0,0.0,0.0,0.0
S0,4,"(1,1,1,1)",7,200000,8205,Newton Highlands #2,Newton,False,0.0,0.0,0.0,0.0,0.0,0.0
S0,4,"(1,1,1,1)",7,200000,8136,Eliot #3,Newton,False,0.0,0.0,0.0,0.0,0.0,0.0
S0,4,"(1,1,1,1)",7,200000,8385,Newton Centre #2,Newton,False,0.0,0.0,0.0,0.0,0.0,0.0
S0,4,"(1,1,1,1)",7,200000,8159,Newton Highlands #1,Newton,False,0.0,0.0,0.0,0.0,0.0,0.0
S0,4,"(1,1,1,1)",7,200000,8229,Newton Highlands #3,Newton,False,0.0,0.0,0.0,0.0,0.0,0.0
S0,4,"(1,1,1,1)",7,200000,8175,Eliot #8,Newton,False,0.0,0.0,0.0,0.0,0.0,0.0
S0,4,"(1,1,1,1)",7,200000,8379,Newton Centre #4,Newton,False,0.0,0.0,0.0,0.0,0.0,0.0
S0,4,"(1,1,1,1)",7,200000,8341,Waban #1,Newton,False,0.0,0.0,0.0,0.0,0.0,0.0
S0,4,"(1,1,1,1)",7,200000,8407,Newton Centre #5,Newton,False,0.0,0.0,0.0,0.0,0.0,0.0
S0,4,"(1,1,1,1)",7,200000,8388,Newton Centre #7,Newton,False,0.0,0.0,0.0,0.0,0.0,0.0
S0,4,"(1,1,1,1)",7,200000,8500,Newton Centre #10,Newton,False,0.0,0.0,0.0,0.0,0.0,0.0
S0,4,"(1,1,1,1)",7,200000,8143,Newton Highlands #5,Newton,False,0.0,0.0,0.0,0.0,0.0,0.0
S0,4,"(1,1,1,1)",7,200000,8408,Newton Centre #9,Newton,False,0.0,0.0,0.0,0.0,0.0,0.0
S0,4,"(1,1,1,1)",7,200000,8410,Newton Centre #6,Newton,False,0.0,0.0,0.0,0.0,0.0,0.0
S0,4,"(1,1,1,1)",7,200000,8102,Eliot #4,Newton,False,0.0,0.0,0.0,0.0,0.0,0.0
S0,4,"(1,1,1,1)",7,200000,8115,Eliot #7,Newton,False,0.0,0.0,0.0,0.0,0.0,0.0
S0,4,"(1,1,1,1)",7,200000,8418,Newton Centre #8,Newton,False,0.0,0.0,0.0,0.0,0.0,0.0
S0,4,"(1,1,1,1)",7,200000,8169,Eliot #9,Newton,False,0.0,0.0,0.0,0.0,0.0,0.0
S0,4,"(1,1,1,1)",7,200000,8214,Newton Highlands #4,Newton,False,0.0,0.0,0.0,0.0,0.0,0.0
S0,4,"(1,1,1,1)",7,200000,8400,Newton Centre #3,Newton,False,0.0,0.0,0.0,0.0,0.0,0.0
S0,4,"(1,1,1,1)",7,200000,8213,Newton Highlands #6,Newton,False,0.0,0.0,0.0,0.0,0.0,0.0
S0,4,"(1,1,1,1)",7,200000,8217,Newton Highlands #7,Newton,False,0.0,0.0,0.0,0.0,0.0,0.0
S0,4,"(1,1,1,1)",7,200000,8394,Newton Centre #11,Newton,False,0.0,0.0,0.0,0.0,0.0,0.0
S0,4,"(1,1,1,1)",7,200000,10236,Wellington #1,Medford,False,0.0,0.0,0.0,0.0,0.0,0.0
S0,4,"(1,1,1,1)",7,200000,10364,Medford/Tufts #1,Medford,False,0.0,0.0,0.0,0.0,0.00213,0.0
S0,4,"(1,1,1,1)",7,200000,10200,Wellington #2,Medford,False,0.0,0.0,0.0,0.0,0.0,0.0
S0,4,"(1,1,1,1)",7,200000,10366,Medford/Tufts #2,Medford,False,0.0,0.0,0.0,0.0,0.0,0.0
S0,4,"(1,1,1,1)",7,200000,10230,Ball Square #5,Medford,False,0.0,0.0,0.0,0.0,0.0,0.0
S0,4,"(1,1,1,1)",7,200000,10211,Ball Square #2,Medford,False,0.0,0.0,0.0,0.0,0.0,0.0
S0,4,"(1,1,1,1)",7,200000,10231,Ball Square #7,Medford,False,0.0,0.0,0.0,0.0,0.0,0.0
S0,4,"(1,1,1,1)",7,200000,10316,Medford/Tufts #3,Medford,False,0.0,0.0,0.0,0.0,0.0,0.0
S0,4,"(1,1,1,1)",7,200000,10369,Revere Beach #1,Revere,True,0.14403,0.14403,0.0,0.14403,0.293005,0.000785128521644705
S0,4,"(1,1,1,1)",7,200000,10358,Revere Beach #2,Revere,False,0.0,0.0,0.0,0.0,0.051275,0.0
S0,4,"(1,1,1,1)",7,200000,10381,Wonderland #1,Revere,True,0.10183,0.10183,0.0,0.10183,0.297795,0.0006762420095646233
S0,4,"(1,1,1,1)",7,200000,10326,Revere Beach #4,Revere,False,0.0,0.0,0.0,0.0,0.009455,0.0
S0,4,"(1,1,1,1)",7,200000,10520,Wonderland #2,Revere,False,0.0,0.0,0.0,0.0,0.0,0.0
S0,4,"(1,1,1,1)",7,200000,10273,Revere Beach #3,Revere,False,0.0,0.0,0.0,0.0,0.024415,0.0
S0,4,"(1,1,1,1)",7,200000,10281,Revere Beach #5,Revere,False,0.0,0.0,0.0,0.0,0.014445,0.0
S0,4,"(1,1,1,1)",7,200000,10262,Revere Beach #6,Revere,False,0.0,0.0,0.0,0.0,0.0,0.0
S0,4,"(1,1,1,1)",7,200000,10285,Revere Beach #7,Revere,False,0.0,0.0,0.0,0.0,0.0021,0.0
S0,4,"(1,1,1,1)",7,200000,6730,Quincy Center #2,Quincy,False,0.0,0.0,0.0,0.0,0.0,0.0
S0,4,"(1,1,1,1)",7,200000,6771,Quincy Center #4,Quincy,False,0.0,0.0,0.0,0.0,0.0,0.0
S0,4,"(1,1,1,1)",7,200000,6760,Quincy Center #1,Quincy,True,0.0,0.0,0.0,0.0,0.167905,0.0
S0,4,"(1,1,1,1)",7,200000,6766,Quincy Center #8,Quincy,False,0.0,0.0,0.0,0.0,0.0,0.0
S0,4,"(1,1,1,1)",7,200000,6886,Quincy Center #12,Quincy,False,0.0,0.0,0.0,0.0,0.0,0.0
S0,4,"(1,1,1,1)",7,200000,6782,Quincy Center #3,Quincy,False,0.0,0.0,0.0,0.0,0.0,0.0
S0,4,"(1,1,1,1)",7,200000,7340,North Quincy #5,Quincy,False,0.0,0.0,0.0,0.0,0.0,0.0
S0,4,"(1,1,1,1)",7,200000,7424,North Quincy #3,Quincy,False,0.0,0.0,0.0,0.0,0.0,0.0
S0,4,"(1,1,1,1)",7,200000,7487,North Quincy #1,Quincy,False,0.0,0.0,0.0,0.0,0.0,0.0
S0,4,"(1,1,1,1)",7,200000,7173,Wollaston #2,Quincy,True,0.0,0.0,0.0,0.0,0.26056,0.0
S0,4,"(1,1,1,1)",7,200000,7176,Wollaston #5,Quincy,False,0.0,0.0,0.0,0.0,0.0,0.0
S0,4,"(1,1,1,1)",7,200000,7529,North Quincy #2,Quincy,True,0.0,0.0,0.0,0.0,0.0,0.0
S0,4,"(1,1,1,1)",7,200000,6755,Quincy Center #9,Quincy,False,0.0,0.0,0.0,0.0,1.5e-05,0.0
S0,4,"(1,1,1,1)",7,200000,7196,Wollaston #3,Quincy,False,0.0,0.0,0.0,0.0,0.0,0.0
S0,4,"(1,1,1,1)",7,200000,6710,Quincy Center #10,Quincy,False,0.0,0.0,0.0,0.0,0.0,0.0
S0,4,"(1,1,1,1)",7,200000,6758,Quincy Center #6,Quincy,False,0.0,0.0,0.0,0.0,0.0,0.0
S0,4,"(1,1,1,1)",7,200000,6729,Quincy Center #7,Quincy,False,0.0,0.0,0.0,0.0,0.0,0.0
S0,4,"(1,1,1,1)",7,200000,7300,Wollaston #1,Quincy,True,0.0,0.0,0.0,0.0,0.397815,0.0
S0,4,"(1,1,1,1)",7,200000,6736,Quincy Center #5,Quincy,False,0.0,0.0,0.0,0.0,0.0,0.0
S0,4,"(1,1,1,1)",7,200000,7180,Wollaston #4,Quincy,False,0.0,0.0,0.0,0.0,0.0,0.0
S0,4,"(1,1,1,1)",7,200000,7310,North Quincy #7,Quincy,False,0.0,0.0,0.0,0.0,0.0,0.0
S0,4,"(1,1,1,1)",7,200000,7346,North Quincy #6,Quincy,False,0.0,0.0,0.0,0.0,0.0,0.0
S0,4,"(1,1,1,1)",7,200000,6857,Quincy Center #11,Quincy,False,0.0,0.0,0.0,0.0,0.0,0.0
S0,4,"(1,1,1,1)",7,200000,6472,Quincy Adams #2,Quincy,False,0.0,0.0,0.0,0.0,0.0,0.0
S0,4,"(1,1,1,1)",7,200000,7329,North Quincy #8,Quincy,False,0.0,0.0,0.0,0.0,0.0,0.0
S0,4,"(1,1,1,1)",7,200000,7338,North Quincy #4,Quincy,False,0.0,0.0,0.0,0.0,0.0,0.0
S0,4,"(1,1,1,1)",7,200000,6762,Quincy Center #13,Quincy,False,0.0,0.0,0.0,0.0,0.0,0.0
S0,4,"(1,1,1,1)",7,200000,7241,North Quincy #9,Quincy,False,0.0,0.0,0.0,0.0,0.0,0.0
S0,4,"(1,1,1,1)",7,200000,6781,Quincy Center #14,Quincy,False,0.0,0.0,0.0,0.0,0.0,0.0
S0,4,"(1,1,1,1)",7,200000,7183,Wollaston #8,Quincy,False,0.0,0.0,0.0,0.0,0.0,0.0
S0,4,"(1,1,1,1)",7,200000,7360,North Quincy #10,Quincy,False,0.0,0.0,0.0,0.0,0.0,0.0
S0,4,"(1,1,1,1)",7,200000,7163,Wollaston #6,Quincy,False,0.0,0.0,0.0,0.0,0.0,0.0
S0,4,"(1,1,1,1)",7,200000,6474,Quincy Adams #1,Quincy,True,0.00372,0.00372,0.0,0.00372,0.08183,0.0001361279104372061
S0,4,"(1,1,1,1)",7,200000,7088,Wollaston #10,Quincy,False,0.0,0.0,0.0,0.0,0.0,0.0
S0,4,"(1,1,1,1)",7,200000,6465,Quincy Adams #3,Quincy,False,0.0,0.0,0.0,0.0,0.0,0.0
S0,4,"(1,1,1,1)",7,200000,7190,Wollaston #7,Quincy,False,0.0,0.0,0.0,0.0,0.0,0.0
S0,4,"(1,1,1,1)",7,200000,7194,Wollaston #9,Quincy,False,0.0,0.0,0.0,0.0,0.0,0.0
S0,4,"(1,1,1,1)",7,200000,5973,Braintree #1,Braintree,True,0.334145,0.334145,0.0,0.334145,0.64256,0.0010547324755003043
S0,4,"(1,1,1,1)",7,200000,6019,Braintree #2,Braintree,False,0.0,0.0,0.0,0.0,0.470055,0.0
S0,4,"(1,1,1,1)",7,200000,5982,Braintree #5,Braintree,False,0.0,0.0,0.0,0.0,0.0,0.0
S0,4,"(1,1,1,1)",7,200000,5965,Braintree #4,Braintree,False,0.0,0.0,0.0,0.0,0.0,0.0
S0,4,"(1,1,1,1)",7,200000,5966,Braintree #3,Braintree,False,0.0,0.0,0.0,0.0,0.0,0.0
S0,4,"(1,1,1,1)",7,200000,5992,Braintree #7,Braintree,False,0.0,0.0,0.0,0.0,0.0,0.0
S0,4,"(1,1,1,1)",7,200000,5999,Braintree #6,Braintree,False,0.0,0.0,0.0,0.0,0.0,0.0
S0,4,"(1,1,1,1)",7,200000,5967,Braintree #8,Braintree,False,0.0,0.0,0.0,0.0,0.0,0.0
S0,4,"(1,1,1,1)",7,200000,5991,Braintree #9,Braintree,False,0.0,0.0,0.0,0.0,0.0,0.0
S1,4,"(1,1,1,1)",7,200000,9475,East Somerville #1,Somerville,False,0.0,0.0,0.0,0.0,0.00021,0.0
S1,4,"(1,1,1,1)",7,200000,9577,Union Square #1,Somerville,False,0.0,0.0,0.0,0.0,0.0,0.0
S1,4,"(1,1,1,1)",7,200000,9695,Union Square #2,Somerville,False,0.0,0.0,0.0,0.0,0.0,0.0
S1,4,"(1,1,1,1)",7,200000,9766,Porter #2,Somerville,False,0.0,0.0,0.0,0.0,0.0,0.0
S1,4,"(1,1,1,1)",7,200000,9986,Gilman Square #1,Somerville,False,0.0,0.0,0.0,0.0,0.0,0.0
S1,4,"(1,1,1,1)",7,200000,9457,Lechmere #1,Somerville,False,0.0,0.0,0.0,0.0,0.0,0.0
S1,4,"(1,1,1,1)",7,200000,9588,East Somerville #3,Somerville,False,0.0,0.0,0.0,0.0,0.0,0.0
S1,4,"(1,1,1,1)",7,200000,10038,Davis #1,Somerville,False,0.0,0.0,0.0,0.0,0.0,0.0
S1,4,"(1,1,1,1)",7,200000,9679,Union Square #3,Somerville,False,0.0,0.0,0.0,0.0,0.0,0.0
S1,4,"(1,1,1,1)",7,200000,9653,East Somerville #2,Somerville,False,0.0,0.0,0.0,0.0,0.0,0.0
S1,4,"(1,1,1,1)",7,200000,9620,Union Square #4,Somerville,False,0.0,0.0,0.0,0.0,0.0,0.0
S1,4,"(1,1,1,1)",7,200000,9660,Union Square #9,Somerville,False,0.0,0.0,0.0,0.0,0.0,0.0
S1,4,"(1,1,1,1)",7,200000,9525,Union Square #6,Somerville,False,0.0,0.0,0.0,0.0,0.0,0.0
S1,4,"(1,1,1,1)",7,200000,9471,Union Square #7,Somerville,False,0.0,0.0,0.0,0.0,0.0,0.0
S1,4,"(1,1,1,1)",7,200000,10018,Davis #2,Somerville,False,0.0,0.0,0.0,0.0,0.0,0.0
S1,4,"(1,1,1,1)",7,200000,10040,Davis #5,Somerville,False,0.0,0.0,0.0,0.0,0.0,0.0
S1,4,"(1,1,1,1)",7,200000,9608,Union Square #10,Somerville,False,0.0,0.0,0.0,0.0,0.0,0.0
S1,4,"(1,1,1,1)",7,200000,10034,Davis #3,Somerville,False,0.0,0.0,0.0,0.0,0.0,0.0
S1,4,"(1,1,1,1)",7,200000,9548,East Somerville #5,Somerville,False,0.0,0.0,0.0,0.0,0.0,0.0
S1,4,"(1,1,1,1)",7,200000,9591,Union Square #8,Somerville,False,0.0,0.0,0.0,0.0,0.0,0.0
S1,4,"(1,1,1,1)",7,200000,10021,Davis #8,Somerville,False,0.0,0.0,0.0,0.0,0.0,0.0
S1,4,"(1,1,1,1)",7,200000,9817,Porter #4,Somerville,False,0.0,0.0,0.0,0.0,0.0,0.0
S1,4,"(1,1,1,1)",7,200000,9640,Union Square #11,Somerville,False,0.0,0.0,0.0,0.0,0.0,0.0
S1,4,"(1,1,1,1)",7,200000,10054,Davis #10,Somerville,False,0.0,0.0,0.0,0.0,0.0,0.0
S1,4,"(1,1,1,1)",7,200000,9818,Sullivan Square #3,Somerville,False,0.0,0.0,0.0,0.0,0.0,0.0
S1,4,"(1,1,1,1)",7,200000,9863,Sullivan Square #1,Somerville,True,0.0,0.0,0.0,0.0,0.00399,0.0
S1,4,"(1,1,1,1)",7,200000,9643,Union Square #14,Somerville,False,0.0,0.0,0.0,0.0,0.0,0.0
S1,4,"(1,1,1,1)",7,200000,9667,East Somerville #4,Somerville,False,0.0,0.0,0.0,0.0,0.0,0.0
S1,4,"(1,1,1,1)",7,200000,10006,Gilman Square #2,Somerville,False,0.0,0.0,0.0,0.0,0.0,0.0
S1,4,"(1,1,1,1)",7,200000,9905,Gilman Square #7,Somerville,False,0.0,0.0,0.0,0.0,0.0,0.0
S1,4,"(1,1,1,1)",7,200000,10043,Davis #6,Somerville,False,0.0,0.0,0.0,0.0,0.0,0.0
S1,4,"(1,1,1,1)",7,200000,9810,Sullivan Square #2,Somerville,False,0.0,0.0,0.0,0.0,0.0,0.0
S1,4,"(1,1,1,1)",7,200000,9463,Union Square #15,Somerville,False,0.0,0.0,0.0,0.0,0.0,0.0
S1,4,"(1,1,1,1)",7,200000,10118,Davis #12,Somerville,False,0.0,0.0,0.0,0.0,0.0,0.0
S1,4,"(1,1,1,1)",7,200000,9700,Union Square #19,Somerville,False,0.0,0.0,0.0,0.0,0.0,0.0
S1,4,"(1,1,1,1)",7,200000,9696,Union Square #18,Somerville,False,0.0,0.0,0.0,0.0,0.0,0.0
S1,4,"(1,1,1,1)",7,200000,10042,Davis #15,Somerville,False,0.0,0.0,0.0,0.0,0.0,0.0
S1,4,"(1,1,1,1)",7,200000,10046,Davis #9,Somerville,False,0.0,0.0,0.0,0.0,0.0,0.0
S1,4,"(1,1,1,1)",7,200000,9877,Gilman Square #4,Somerville,False,0.0,0.0,0.0,0.0,0.0,0.0
S1,4,"(1,1,1,1)",7,200000,9639,Union Square #12,Somerville,False,0.0,0.0,0.0,0.0,0.0,0.0
S1,4,"(1,1,1,1)",7,200000,10059,Magoun Square #1,Somerville,False,0.0,0.0,0.0,0.0,0.0,0.0
S1,4,"(1,1,1,1)",7,200000,9850,Gilman Square #11,Somerville,False,0.0,0.0,0.0,0.0,0.0,0.0
S1,4,"(1,1,1,1)",7,200000,10064,Magoun Square #2,Somerville,False,0.0,0.0,0.0,0.0,0.0,0.0
S1,4,"(1,1,1,1)",7,200000,10065,Davis #14,Somerville,False,0.0,0.0,0.0,0.0,0.0,0.0
S1,4,"(1,1,1,1)",7,200000,9842,Sullivan Square #4,Somerville,False,0.0,0.0,0.0,0.0,0.0,0.0
S1,4,"(1,1,1,1)",7,200000,10126,Ball Square #1,Somerville,False,0.0,0.0,0.0,0.0,0.0,0.0
S1,4,"(1,1,1,1)",7,200000,9890,Gilman Square #9,Somerville,False,0.0,0.0,0.0,0.0,0.0,0.0
S1,4,"(1,1,1,1)",7,200000,9989,Gilman Square #3,Somerville,False,0.0,0.0,0.0,0.0,0.0,0.0
S1,4,"(1,1,1,1)",7,200000,10123,Ball Square #3,Somerville,False,0.0,0.0,0.0,0.0,0.0,0.0
S1,4,"(1,1,1,1)",7,200000,9628,East Somerville #6,Somerville,False,0.0,0.0,0.0,0.0,0.0,0.0
S1,4,"(1,1,1,1)",7,200000,9867,Gilman Square #10,Somerville,False,0.0,0.0,0.0,0.0,0.0,0.0
S1,4,"(1,1,1,1)",7,200000,9872,Gilman Square #6,Somerville,False,0.0,0.0,0.0,0.0,0.0,0.0
S1,4,"(1,1,1,1)",7,200000,10143,Ball Square #4,Somerville,False,0.0,0.0,0.0,0.0,0.0,0.0
S1,4,"(1,1,1,1)",7,200000,9976,Gilman Square #5,Somerville,False,0.0,0.0,0.0,0.0,0.0,0.0
S1,4,"(1,1,1,1)",7,200000,9845,Sullivan Square #5,Somerville,False,0.0,0.0,0.0,0.0,0.0,0.0
S1,4,"(1,1,1,1)",7,200000,10031,Magoun Square #3,Somerville,False,0.0,0.0,0.0,0.0,0.0,0.0
S1,4,"(1,1,1,1)",7,200000,10140,Ball Square #6,Somerville,False,0.0,0.0,0.0,0.0,0.0,0.0
S1,4,"(1,1,1,1)",7,200000,9887,Gilman Square #8,Somerville,False,0.0,0.0,0.0,0.0,0.0,0.0
S1,4,"(1,1,1,1)",7,200000,10012,Assembly #4,Somerville,True,0.0,0.0,0.0,0.0,0.0,0.0
S1,4,"(1,1,1,1)",7,200000,9995,Assembly #5,Somerville,False,0.0,0.0,0.0,0.0,0.0,0.0
S1,4,"(1,1,1,1)",7,200000,9921,Porter #1,Cambridge,False,0.0,0.0,0.0,0.0,0.003685,0.0
S1,4,"(1,1,1,1)",7,200000,9427,Union Square #5,Cambridge,False,0.0,0.0,0.0,0.0,0.0,0.0
S1,4,"(1,1,1,1)",7,200000,9397,Harvard #1,Cambridge,True,0.0592,0.0592,0.0,0.0592,0.143265,0.0005277090107246606
S1,4,"(1,1,1,1)",7,200000,9441,Harvard #2,Cambridge,True,0.0,0.0,0.0,0.0,0.10749,0.0
S1,4,"(1,1,1,1)",7,200000,9965,Alewife #1,Cambridge,True,0.00175,0.00175,0.0,0.00175,0.062675,9.345955007381536e-05
S1,4,"(1,1,1,1)",7,200000,9206,Central #2,Cambridge,False,0.0,0.0,0.0,0.0,0.0,0.0
S1,4,"(1,1,1,1)",7,200000,9289,Central #1,Cambridge,True,0.0,0.0,0.0,0.0,0.00565,0.0
S1,4,"(1,1,1,1)",7,200000,9325,Harvard #3,Cambridge,True,0.0,0.0,0.0,0.0,0.09665,0.0
S1,4,"(1,1,1,1)",7,200000,9179,Central #3,Cambridge,False,0.0,0.0,0.0,0.0,0.0,0.0
S1,4,"(1,1,1,1)",7,200000,9382,Union Square #20,Cambridge,False,0.0,0.0,0.0,0.0,0.0,0.0
S1,4,"(1,1,1,1)",7,200000,9928,Alewife #2,Cambridge,False,0.0,0.0,0.0,0.0,0.01303,0.0
S1,4,"(1,1,1,1)",7,200000,9768,Porter #3,Cambridge,False,0.0,0.0,0.0,0.0,0.0,0.0
S1,4,"(1,1,1,1)",7,200000,9208,Central #6,Cambridge,False,0.0,0.0,0.0,0.0,0.0,0.0
S1,4,"(1,1,1,1)",7,200000,9168,Central #4,Cambridge,False,0.0,0.0,0.0,0.0,0.0,0.0
S1,4,"(1,1,1,1)",7,200000,9975,Davis #4,Cambridge,False,0.0,0.0,0.0,0.0,0.0,0.0
S1,4,"(1,1,1,1)",7,200000,9278,Lechmere #3,Cambridge,False,0.0,0.0,0.0,0.0,0.0,0.0
S1,4,"(1,1,1,1)",7,200000,9239,Central #7,Cambridge,False,0.0,0.0,0.0,0.0,0.0,0.0
S1,4,"(1,1,1,1)",7,200000,9449,Union Square #17,Cambridge,False,0.0,0.0,0.0,0.0,0.0,0.0
S1,4,"(1,1,1,1)",7,200000,9298,Lechmere #2,Cambridge,False,0.0,0.0,0.0,0.0,0.0,0.0
S1,4,"(1,1,1,1)",7,200000,9895,Porter #6,Cambridge,False,0.0,0.0,0.0,0.0,0.0,0.0
S1,4,"(1,1,1,1)",7,200000,9237,Central #5,Cambridge,False,0.0,0.0,0.0,0.0,0.0,0.0
S1,4,"(1,1,1,1)",7,200000,9706,Porter #8,Cambridge,False,0.0,0.0,0.0,0.0,0.0,0.0
S1,4,"(1,1,1,1)",7,200000,9447,Harvard #4,Cambridge,True,0.013795,0.013795,0.0,0.013795,0.06617,0.0002608131320984432
S1,4,"(1,1,1,1)",7,200000,9862,Porter #9,Cambridge,False,0.0,0.0,0.0,0.0,0.0,0.0
S1,4,"(1,1,1,1)",7,200000,9406,Union Square #13,Cambridge,False,0.0,0.0,0.0,0.0,0.0,0.0
S1,4,"(1,1,1,1)",7,200000,10017,Davis #13,Cambridge,False,0.0,0.0,0.0,0.0,0.0,0.0
S1,4,"(1,1,1,1)",7,200000,10015,Davis #11,Cambridge,False,0.0,0.0,0.0,0.0,0.0,0.0
S1,4,"(1,1,1,1)",7,200000,10116,Davis #7,Cambridge,False,0.0,0.0,0.0,0.0,0.0,0.0
S1,4,"(1,1,1,1)",7,200000,9808,Porter #5,Cambridge,False,0.0,0.0,0.0,0.0,0.0,0.0
S1,4,"(1,1,1,1)",7,200000,9438,Union Square #16,Cambridge,False,0.0,0.0,0.0,0.0,0.0,0.0
S1,4,"(1,1,1,1)",7,200000,9919,Porter #7,Cambridge,False,0.0,0.0,0.0,0.0,0.0,0.0
S1,4,"(1,1,1,1)",7,200000,9957,Porter #10,Cambridge,False,0.0,0.0,0.0,0.0,0.0,0.0
S1,4,"(1,1,1,1)",7,200000,9704,Porter #11,Cambridge,False,0.0,0.0,0.0,0.0,0.0,0.0
S1,4,"(1,1,1,1)",7,200000,9784,Porter #12,Cambridge,False,0.0,0.0,0.0,0.0,0.0,0.0
S1,4,"(1,1,1,1)",7,200000,10060,Davis #16,Cambridge,False,0.0,0.0,0.0,0.0,0.0,0.0
S1,4,"(1,1,1,1)",7,200000,8547,Coolidge Corner #1,Brookline,False,0.0,0.0,0.0,0.0,0.0,0.0
S1,4,"(1,1,1,1)",7,200000,8787,Harvard Avenue #1,Brookline,False,0.0,0.0,0.0,0.0,0.037085,0.0
S1,4,"(1,1,1,1)",7,200000,8527,Brookline Village #2,Brookline,False,0.0,0.0,0.0,0.0,0.0,0.0
S1,4,"(1,1,1,1)",7,200000,8650,Coolidge Corner #4,Brookline,False,0.0,0.0,0.0,0.0,0.0,0.0
S1,4,"(1,1,1,1)",7,200000,8640,Coolidge Corner #3,Brookline,False,0.0,0.0,0.0,0.0,0.0,0.0
S1,4,"(1,1,1,1)",7,200000,8568,Washington Square #1,Brookline,False,0.0,0.0,0.0,0.0,0.0,0.0
S1,4,"(1,1,1,1)",7,200000,8539,Tappan Street #1,Brookline,False,0.0,0.0,0.0,0.0,0.0,0.0
S1,4,"(1,1,1,1)",7,200000,8466,Brookline Village #3,Brookline,False,0.0,0.0,0.0,0.0,0.0,0.0
S1,4,"(1,1,1,1)",7,200000,8865,Amory Street #1,Brookline,False,0.0,0.0,0.0,0.0,0.01232,0.0
S1,4,"(1,1,1,1)",7,200000,8704,Saint Mary's Street #1,Brookline,False,0.0,0.0,0.0,0.0,0.0,0.0
S1,4,"(1,1,1,1)",7,200000,8452,Brookline Village #1,Brookline,False,0.0,0.0,0.0,0.0,0.0,0.0
S1,4,"(1,1,1,1)",7,200000,8617,Coolidge Corner #2,Brookline,False,0.0,0.0,0.0,0.0,0.0,0.0
S1,4,"(1,1,1,1)",7,200000,8624,Coolidge Corner #12,Brookline,False,0.0,0.0,0.0,0.0,0.0,0.0
S1,4,"(1,1,1,1)",7,200000,8728,Harvard Avenue #2,Brookline,False,0.0,0.0,0.0,0.0,0.0,0.0
S1,4,"(1,1,1,1)",7,200000,8902,Babcock Street #1,Brookline,False,0.0,0.0,0.0,0.0,0.0,0.0
S1,4,"(1,1,1,1)",7,200000,8708,Saint Mary's Street #2,Brookline,False,0.0,0.0,0.0,0.0,0.0,0.0
S1,4,"(1,1,1,1)",7,200000,8553,Washington Square #2,Brookline,False,0.0,0.0,0.0,0.0,0.0,0.0
S1,4,"(1,1,1,1)",7,200000,8487,Brookline Hills #4,Brookline,False,0.0,0.0,0.0,0.0,0.0,0.0
S1,4,"(1,1,1,1)",7,200000,8647,Coolidge Corner #8,Brookline,False,0.0,0.0,0.0,0.0,0.0,0.0
S1,4,"(1,1,1,1)",7,200000,8593,Coolidge Corner #9,Brookline,False,0.0,0.0,0.0,0.0,0.0,0.0
S1,4,"(1,1,1,1)",7,200000,8672,Summit Avenue #1,Brookline,False,0.0,0.0,0.0,0.0,0.0,0.0
S1,4,"(1,1,1,1)",7,200000,8399,Brookline Hills #2,Brookline,False,0.0,0.0,0.0,0.0,0.0,0.0
S1,4,"(1,1,1,1)",7,200000,8281,Chestnut Hill #2,Brookline,False,0.0,0.0,0.0,0.0,0.0,0.0
S1,4,"(1,1,1,1)",7,200000,8476,Brookline Hills #1,Brookline,False,0.0,0.0,0.0,0.0,0.0,0.0
S1,4,"(1,1,1,1)",7,200000,8626,Coolidge Corner #5,Brookline,False,0.0,0.0,0.0,0.0,0.0,0.0
S1,4,"(1,1,1,1)",7,200000,8685,Saint Mary's Street #3,Brookline,False,0.0,0.0,0.0,0.0,0.0,0.0
S1,4,"(1,1,1,1)",7,200000,8596,Summit Avenue #2,Brookline,False,0.0,0.0,0.0,0.0,0.0,0.0
S1,4,"(1,1,1,1)",7,200000,8657,Coolidge Corner #7,Brookline,False,0.0,0.0,0.0,0.0,0.0,0.0
S1,4,"(1,1,1,1)",7,200000,8575,Washington Square #4,Brookline,False,0.0,0.0,0.0,0.0,0.0,0.0
S1,4,"(1,1,1,1)",7,200000,8383,Brookline Hills #3,Brookline,False,0.0,0.0,0.0,0.0,0.0,0.0
S1,4,"(1,1,1,1)",7,200000,8680,Summit Avenue #3,Brookline,False,0.0,0.0,0.0,0.0,0.0,0.0
S1,4,"(1,1,1,1)",7,200000,8649,Coolidge Corner #6,Brookline,False,0.0,0.0,0.0,0.0,0.0,0.0
S1,4,"(1,1,1,1)",7,200000,8600,Coolidge Corner #11,Brookline,False,0.0,0.0,0.0,0.0,0.0,0.0
S1,4,"(1,1,1,1)",7,200000,8486,Brookline Village #4,Brookline,False,0.0,0.0,0.0,0.0,0.0,0.0
S1,4,"(1,1,1,1)",7,200000,8558,Washington Square #3,Brookline,False,0.0,0.0,0.0,0.0,0.0,0.0
S1,4,"(1,1,1,1)",7,200000,8419,Brookline Village #5,Brookline,False,0.0,0.0,0.0,0.0,0.0,0.0
S1,4,"(1,1,1,1)",7,200000,8598,Summit Avenue #4,Brookline,False,0.0,0.0,0.0,0.0,0.0,0.0
S1,4,"(1,1,1,1)",7,200000,8611,Coolidge Corner #10,Brookline,False,0.0,0.0,0.0,0.0,0.0,0.0
S1,4,"(1,1,1,1)",7,200000,8555,Tappan Street #2,Brookline,False,0.0,0.0,0.0,0.0,0.0,0.0
S1,4,"(1,1,1,1)",7,200000,8878,Amory Street #2,Brookline,False,0.0,0.0,0.0,0.0,0.0,0.0
S1,4,"(1,1,1,1)",7,200000,8411,Brookline Hills #5,Brookline,False,0.0,0.0,0.0,0.0,0.0,0.0
S1,4,"(1,1,1,1)",7,200000,8255,Chestnut Hill #3,Brookline,False,0.0,0.0,0.0,0.0,0.0,0.0
S1,4,"(1,1,1,1)",7,200000,8274,Chestnut Hill #4,Brookline,False,0.0,0.0,0.0,0.0,0.0,0.0
S1,4,"(1,1,1,1)",7,200000,10667,Malden Center #1,Malden,True,0.31075,0.31075,0.0,0.31075,0.65758,0.0010348537034286537
S1,4,"(1,1,1,1)",7,200000,10682,Malden Center #5,Malden,False,0.0,0.0,0.0,0.0,0.066625,0.0
S1,4,"(1,1,1,1)",7,200000,10616,Malden Center #2,Malden,True,0.026495,0.026495,0.0,0.026495,0.54714,0.00035911707683567486
S1,4,"(1,1,1,1)",7,200000,10664,Malden Center #3,Malden,False,0.0,0.0,0.0,0.0,0.11969,0.0
S1,4,"(1,1,1,1)",7,200000,10665,Malden Center #4,Malden,True,0.004285,0.004285,0.0,0.004285,0.247105,0.00014605887126429535
S1,4,"(1,1,1,1)",7,200000,10691,Malden Center #9,Malden,False,0.0,0.0,0.0,0.0,0.0,0.0
S1,4,"(1,1,1,1)",7,200000,10648,Malden Center #6,Malden,False,0.0,0.0,0.0,0.0,0.02114,0.0
S1,4,"(1,1,1,1)",7,200000,10687,Malden Center #7,Malden,False,0.0,0.0,0.0,0.0,0.0,0.0
S1,4,"(1,1,1,1)",7,200000,10779,Oak Grove #1,Malden,False,0.0,0.0,0.0,0.0,0.0,0.0
S1,4,"(1,1,1,1)",7,200000,10771,Oak Grove #2,Malden,False,0.0,0.0,0.0,0.0,0.0,0.0
S1,4,"(1,1,1,1)",7,200000,10710,Malden Center #10,Malden,False,0.0,0.0,0.0,0.0,0.007185,0.0
S1,4,"(1,1,1,1)",7,200000,10657,Malden Center #14,Malden,False,0.0,0.0,0.0,0.0,0.0,0.0
S1,4,"(1,1,1,1)",7,200000,10670,Malden Center #13,Malden,False,0.0,0.0,0.0,0.0,0.0,0.0
S1,4,"(1,1,1,1)",7,200000,10701,Malden Center #11,Malden,False,0.0,0.0,0.0,0.0,0.0,0.0
S1,4,"(1,1,1,1)",7,200000,10696,Malden Center #12,Malden,False,0.0,0.0,0.0,0.0,0.0,0.0
S1,4,"(1,1,1,1)",7,200000,10692,Malden Center #8,Malden,False,0.0,0.0,0.0,0.0,0.038015,0.0
S1,4,"(1,1,1,1)",7,200000,10676,Malden Center #15,Malden,False,0.0,0.0,0.0,0.0,0.0,0.0
S1,4,"(1,1,1,1)",7,200000,10618,Malden Center #16,Malden,False,0.0,0.0,0.0,0.0,0.0,0.0
S1,4,"(1,1,1,1)",7,200000,8128,Eliot #2,Newton,False,0.0,0.0,0.0,0.0,0.0,0.0
S1,4,"(1,1,1,1)",7,200000,8427,Newton Centre #1,Newton,False,0.0,0.0,0.0,0.0,0.0,0.0
S1,4,"(1,1,1,1)",7,200000,8298,Chestnut Hill #1,Newton,True,0.0,0.0,0.0,0.0,9.5e-05,0.0
S1,4,"(1,1,1,1)",7,200000,8165,Eliot #1,Newton,False,0.0,0.0,0.0,0.0,0.0,0.0
S1,4,"(1,1,1,1)",7,200000,8140,Eliot #5,Newton,False,0.0,0.0,0.0,0.0,0.0,0.0
S1,4,"(1,1,1,1)",7,200000,8116,Eliot #6,Newton,False,0.0,0.0,0.0,0.0,0.0,0.0
S1,4,"(1,1,1,1)",7,200000,8205,Newton Highlands #2,Newton,False,0.0,0.0,0.0,0.0,0.0,0.0
S1,4,"(1,1,1,1)",7,200000,8136,Eliot #3,Newton,False,0.0,0.0,0.0,0.0,0.0,0.0
S1,4,"(1,1,1,1)",7,200000,8385,Newton Centre #2,Newton,False,0.0,0.0,0.0,0.0,0.0,0.0
S1,4,"(1,1,1,1)",7,200000,8159,Newton Highlands #1,Newton,False,0.0,0.0,0.0,0.0,0.0,0.0
S1,4,"(1,1,1,1)",7,200000,8229,Newton Highlands #3,Newton,False,0.0,0.0,0.0,0.0,0.0,0.0
S1,4,"(1,1,1,1)",7,200000,8175,Eliot #8,Newton,False,0.0,0.0,0.0,0.0,0.0,0.0
S1,4,"(1,1,1,1)",7,200000,8379,Newton Centre #4,Newton,False,0.0,0.0,0.0,0.0,0.0,0.0
S1,4,"(1,1,1,1)",7,200000,8341,Waban #1,Newton,False,0.0,0.0,0.0,0.0,0.0,0.0
S1,4,"(1,1,1,1)",7,200000,8407,Newton Centre #5,Newton,False,0.0,0.0,0.0,0.0,0.0,0.0
S1,4,"(1,1,1,1)",7,200000,8388,Newton Centre #7,Newton,False,0.0,0.0,0.0,0.0,0.0,0.0
S1,4,"(1,1,1,1)",7,200000,8500,Newton Centre #10,Newton,False,0.0,0.0,0.0,0.0,0.0,0.0
S1,4,"(1,1,1,1)",7,200000,8143,Newton Highlands #5,Newton,False,0.0,0.0,0.0,0.0,0.0,0.0
S1,4,"(1,1,1,1)",7,200000,8408,Newton Centre #9,Newton,False,0.0,0.0,0.0,0.0,0.0,0.0
S1,4,"(1,1,1,1)",7,200000,8410,Newton Centre #6,Newton,False,0.0,0.0,0.0,0.0,0.0,0.0
S1,4,"(1,1,1,1)",7,200000,8102,Eliot #4,Newton,False,0.0,0.0,0.0,0.0,0.0,0.0
S1,4,"(1,1,1,1)",7,200000,8115,Eliot #7,Newton,False,0.0,0.0,0.0,0.0,0.0,0.0
S1,4,"(1,1,1,1)",7,200000,8418,Newton Centre #8,Newton,False,0.0,0.0,0.0,0.0,0.0,0.0
S1,4,"(1,1,1,1)",7,200000,8169,Eliot #9,Newton,False,0.0,0.0,0.0,0.0,0.0,0.0
S1,4,"(1,1,1,1)",7,200000,8214,Newton Highlands #4,Newton,False,0.0,0.0,0.0,0.0,0.0,0.0
S1,4,"(1,1,1,1)",7,200000,8400,Newton Centre #3,Newton,False,0.0,0.0,0.0,0.0,0.0,0.0
S1,4,"(1,1,1,1)",7,200000,8213,Newton Highlands #6,Newton,False,0.0,0.0,0.0,0.0,0.0,0.0
S1,4,"(1,1,1,1)",7,200000,8217,Newton Highlands #7,Newton,False,0.0,0.0,0.0,0.0,0.0,0.0
S1,4,"(1,1,1,1)",7,200000,8394,Newton Centre #11,Newton,False,0.0,0.0,0.0,0.0,0.0,0.0
S1,4,"(1,1,1,1)",7,200000,10236,Wellington #1,Medford,False,0.0,0.0,0.0,0.0,0.0,0.0
S1,4,"(1,1,1,1)",7,200000,10364,Medford/Tufts #1,Medford,False,0.0,0.0,0.0,0.0,0.003155,0.0
S1,4,"(1,1,1,1)",7,200000,10200,Wellington #2,Medford,False,0.0,0.0,0.0,0.0,0.0,0.0
S1,4,"(1,1,1,1)",7,200000,10366,Medford/Tufts #2,Medford,False,0.0,0.0,0.0,0.0,0.0,0.0
S1,4,"(1,1,1,1)",7,200000,10230,Ball Square #5,Medford,False,0.0,0.0,0.0,0.0,0.0,0.0
S1,4,"(1,1,1,1)",7,200000,10211,Ball Square #2,Medford,False,0.0,0.0,0.0,0.0,0.0,0.0
S1,4,"(1,1,1,1)",7,200000,10231,Ball Square #7,Medford,False,0.0,0.0,0.0,0.0,0.0,0.0
S1,4,"(1,1,1,1)",7,200000,10316,Medford/Tufts #3,Medford,False,0.0,0.0,0.0,0.0,0.0,0.0
S1,4,"(1,1,1,1)",7,200000,10369,Revere Beach #1,Revere,True,0.14403,0.14403,0.0,0.14403,0.29449,0.000785128521644705
S1,4,"(1,1,1,1)",7,200000,10358,Revere Beach #2,Revere,False,0.0,0.0,0.0,0.0,0.05433,0.0
S1,4,"(1,1,1,1)",7,200000,10381,Wonderland #1,Revere,True,0.10183,0.10183,0.0,0.10183,0.29807,0.0006762420095646233
S1,4,"(1,1,1,1)",7,200000,10326,Revere Beach #4,Revere,False,0.0,0.0,0.0,0.0,0.009455,0.0
S1,4,"(1,1,1,1)",7,200000,10520,Wonderland #2,Revere,False,0.0,0.0,0.0,0.0,0.0,0.0
S1,4,"(1,1,1,1)",7,200000,10273,Revere Beach #3,Revere,False,0.0,0.0,0.0,0.0,0.024665,0.0
S1,4,"(1,1,1,1)",7,200000,10281,Revere Beach #5,Revere,False,0.0,0.0,0.0,0.0,0.014445,0.0
S1,4,"(1,1,1,1)",7,200000,10262,Revere Beach #6,Revere,False,0.0,0.0,0.0,0.0,0.0,0.0
S1,4,"(1,1,1,1)",7,200000,10285,Revere Beach #7,Revere,False,0.0,0.0,0.0,0.0,0.0021,0.0
S1,4,"(1,1,1,1)",7,200000,6730,Quincy Center #2,Quincy,False,0.0,0.0,0.0,0.0,0.0,0.0
S1,4,"(1,1,1,1)",7,200000,6771,Quincy Center #4,Quincy,False,0.0,0.0,0.0,0.0,0.0,0.0
S1,4,"(1,1,1,1)",7,200000,6760,Quincy Center #1,Quincy,True,0.0,0.0,0.0,0.0,0.17635,0.0
S1,4,"(1,1,1,1)",7,200000,6886,Quincy Center #12,Quincy,False,0.0,0.0,0.0,0.0,0.0,0.0
S1,4,"(1,1,1,1)",7,200000,6782,Quincy Center #3,Quincy,False,0.0,0.0,0.0,0.0,0.0,0.0
S1,4,"(1,1,1,1)",7,200000,7340,North Quincy #5,Quincy,False,0.0,0.0,0.0,0.0,0.0,0.0
S1,4,"(1,1,1,1)",7,200000,7424,North Quincy #3,Quincy,False,0.0,0.0,0.0,0.0,0.0,0.0
S1,4,"(1,1,1,1)",7,200000,7487,North Quincy #1,Quincy,False,0.0,0.0,0.0,0.0,0.0,0.0
S1,4,"(1,1,1,1)",7,200000,7173,Wollaston #2,Quincy,True,0.0,0.0,0.0,0.0,0.26056,0.0
S1,4,"(1,1,1,1)",7,200000,7176,Wollaston #5,Quincy,False,0.0,0.0,0.0,0.0,0.0,0.0
S1,4,"(1,1,1,1)",7,200000,7529,North Quincy #2,Quincy,True,0.0,0.0,0.0,0.0,0.0,0.0
S1,4,"(1,1,1,1)",7,200000,6755,Quincy Center #9,Quincy,False,0.0,0.0,0.0,0.0,1.5e-05,0.0
S1,4,"(1,1,1,1)",7,200000,7196,Wollaston #3,Quincy,False,0.0,0.0,0.0,0.0,0.0,0.0
S1,4,"(1,1,1,1)",7,200000,6710,Quincy Center #10,Quincy,False,0.0,0.0,0.0,0.0,0.0,0.0
S1,4,"(1,1,1,1)",7,200000,6729,Quincy Center #7,Quincy,False,0.0,0.0,0.0,0.0,0.0,0.0
S1,4,"(1,1,1,1)",7,200000,7300,Wollaston #1,Quincy,True,0.0,0.0,0.0,0.0,0.39804,0.0
S1,4,"(1,1,1,1)",7,200000,6736,Quincy Center #5,Quincy,False,0.0,0.0,0.0,0.0,0.0,0.0
S1,4,"(1,1,1,1)",7,200000,7180,Wollaston #4,Quincy,False,0.0,0.0,0.0,0.0,0.0,0.0
S1,4,"(1,1,1,1)",7,200000,7310,North Quincy #7,Quincy,False,0.0,0.0,0.0,0.0,0.0,0.0
S1,4,"(1,1,1,1)",7,200000,7346,North Quincy #6,Quincy,False,0.0,0.0,0.0,0.0,0.0,0.0
S1,4,"(1,1,1,1)",7,200000,6857,Quincy Center #11,Quincy,False,0.0,0.0,0.0,0.0,0.0,0.0
S1,4,"(1,1,1,1)",7,200000,6472,Quincy Adams #2,Quincy,False,0.0,0.0,0.0,0.0,0.0,0.0
S1,4,"(1,1,1,1)",7,200000,7329,North Quincy #8,Quincy,False,0.0,0.0,0.0,0.0,0.0,0.0
S1,4,"(1,1,1,1)",7,200000,7338,North Quincy #4,Quincy,False,0.0,0.0,0.0,0.0,0.0,0.0
S1,4,"(1,1,1,1)",7,200000,6762,Quincy Center #13,Quincy,False,0.0,0.0,0.0,0.0,0.0,0.0
S1,4,"(1,1,1,1)",7,200000,7241,North Quincy #9,Quincy,False,0.0,0.0,0.0,0.0,0.0,0.0
S1,4,"(1,1,1,1)",7,200000,6781,Quincy Center #14,Quincy,False,0.0,0.0,0.0,0.0,0.0,0.0
S1,4,"(1,1,1,1)",7,200000,7183,Wollaston #8,Quincy,False,0.0,0.0,0.0,0.0,0.0,0.0
S1,4,"(1,1,1,1)",7,200000,7360,North Quincy #10,Quincy,False,0.0,0.0,0.0,0.0,0.0,0.0
S1,4,"(1,1,1,1)",7,200000,7163,Wollaston #6,Quincy,False,0.0,0.0,0.0,0.0,0.0,0.0
S1,4,"(1,1,1,1)",7,200000,6474,Quincy Adams #1,Quincy,True,0.00372,0.00372,0.0,0.00372,0.08183,0.0001361279104372061
S1,4,"(1,1,1,1)",7,200000,7088,Wollaston #10,Quincy,False,0.0,0.0,0.0,0.0,0.0,0.0
S1,4,"(1,1,1,1)",7,200000,6465,Quincy Adams #3,Quincy,False,0.0,0.0,0.0,0.0,0.0,0.0
S1,4,"(1,1,1,1)",7,200000,7190,Wollaston #7,Quincy,False,0.0,0.0,0.0,0.0,0.0,0.0
S1,4,"(1,1,1,1)",7,200000,7194,Wollaston #9,Quincy,False,0.0,0.0,0.0,0.0,0.0,0.0
S1,4,"(1,1,1,1)",7,200000,5973,Braintree #1,Braintree,True,0.334145,0.334145,0.0,0.334145,0.653095,0.0010547324755003043
S1,4,"(1,1,1,1)",7,200000,6019,Braintree #2,Braintree,False,0.0,0.0,0.0,0.0,0.472605,0.0
S1,4,"(1,1,1,1)",7,200000,5982,Braintree #5,Braintree,False,0.0,0.0,0.0,0.0,0.0,0.0
S1,4,"(1,1,1,1)",7,200000,5965,Braintree #4,Braintree,False,0.0,0.0,0.0,0.0,0.0,0.0
S1,4,"(1,1,1,1)",7,200000,5966,Braintree #3,Braintree,False,0.0,0.0,0.0,0.0,0.0,0.0
S1,4,"(1,1,1,1)",7,200000,5992,Braintree #7,Braintree,False,0.0,0.0,0.0,0.0,0.0,0.0
S1,4,"(1,1,1,1)",7,200000,5999,Braintree #6,Braintree,False,0.0,0.0,0.0,0.0,0.0,0.0
S1,4,"(1,1,1,1)",7,200000,5967,Braintree #8,Braintree,False,0.0,0.0,0.0,0.0,0.0,0.0
S1,4,"(1,1,1,1)",7,200000,5991,Braintree #9,Braintree,False,0.0,0.0,0.0,0.0,0.0,0.0
S2,4,"(1,1,1,1)",7,200000,9475,East Somerville #1,Somerville,False,0.0,0.0,0.0,0.0,0.00021,0.0
S2,4,"(1,1,1,1)",7,200000,9577,Union Square #1,Somerville,False,0.0,0.0,0.0,0.0,0.0,0.0
S2,4,"(1,1,1,1)",7,200000,9695,Union Square #2,Somerville,False,0.0,0.0,0.0,0.0,0.0,0.0
S2,4,"(1,1,1,1)",7,200000,9766,Porter #2,Somerville,False,0.0,0.0,0.0,0.0,0.0,0.0
S2,4,"(1,1,1,1)",7,200000,9986,Gilman Square #1,Somerville,False,0.0,0.0,0.0,0.0,0.0,0.0
S2,4,"(1,1,1,1)",7,200000,9457,Lechmere #1,Somerville,False,0.0,0.0,0.0,0.0,0.0,0.0
S2,4,"(1,1,1,1)",7,200000,9588,East Somerville #3,Somerville,False,0.0,0.0,0.0,0.0,0.0,0.0
S2,4,"(1,1,1,1)",7,200000,10038,Davis #1,Somerville,False,0.0,0.0,0.0,0.0,0.0,0.0
S2,4,"(1,1,1,1)",7,200000,9679,Union Square #3,Somerville,False,0.0,0.0,0.0,0.0,0.0,0.0
S2,4,"(1,1,1,1)",7,200000,9653,East Somerville #2,Somerville,False,0.0,0.0,0.0,0.0,0.0,0.0
S2,4,"(1,1,1,1)",7,200000,9620,Union Square #4,Somerville,False,0.0,0.0,0.0,0.0,0.0,0.0
S2,4,"(1,1,1,1)",7,200000,9660,Union Square #9,Somerville,False,0.0,0.0,0.0,0.0,0.0,0.0
S2,4,"(1,1,1,1)",7,200000,9525,Union Square #6,Somerville,False,0.0,0.0,0.0,0.0,0.0,0.0
S2,4,"(1,1,1,1)",7,200000,9471,Union Square #7,Somerville,False,0.0,0.0,0.0,0.0,0.0,0.0
S2,4,"(1,1,1,1)",7,200000,10018,Davis #2,Somerville,False,0.0,0.0,0.0,0.0,0.0,0.0
S2,4,"(1,1,1,1)",7,200000,10040,Davis #5,Somerville,False,0.0,0.0,0.0,0.0,0.0,0.0
S2,4,"(1,1,1,1)",7,200000,9608,Union Square #10,Somerville,False,0.0,0.0,0.0,0.0,0.0,0.0
S2,4,"(1,1,1,1)",7,200000,10034,Davis #3,Somerville,False,0.0,0.0,0.0,0.0,0.0,0.0
S2,4,"(1,1,1,1)",7,200000,9548,East Somerville #5,Somerville,False,0.0,0.0,0.0,0.0,0.0,0.0
S2,4,"(1,1,1,1)",7,200000,9591,Union Square #8,Somerville,False,0.0,0.0,0.0,0.0,0.0,0.0
S2,4,"(1,1,1,1)",7,200000,10021,Davis #8,Somerville,False,0.0,0.0,0.0,0.0,0.0,0.0
S2,4,"(1,1,1,1)",7,200000,9817,Porter #4,Somerville,False,0.0,0.0,0.0,0.0,0.0,0.0
S2,4,"(1,1,1,1)",7,200000,9640,Union Square #11,Somerville,False,0.0,0.0,0.0,0.0,0.0,0.0
S2,4,"(1,1,1,1)",7,200000,10054,Davis #10,Somerville,False,0.0,0.0,0.0,0.0,0.0,0.0
S2,4,"(1,1,1,1)",7,200000,9818,Sullivan Square #3,Somerville,False,0.0,0.0,0.0,0.0,0.0,0.0
S2,4,"(1,1,1,1)",7,200000,9863,Sullivan Square #1,Somerville,True,0.0,0.0,0.0,0.0,0.004625,0.0
S2,4,"(1,1,1,1)",7,200000,9643,Union Square #14,Somerville,False,0.0,0.0,0.0,0.0,0.0,0.0
S2,4,"(1,1,1,1)",7,200000,9667,East Somerville #4,Somerville,False,0.0,0.0,0.0,0.0,0.0,0.0
S2,4,"(1,1,1,1)",7,200000,10006,Gilman Square #2,Somerville,False,0.0,0.0,0.0,0.0,0.0,0.0
S2,4,"(1,1,1,1)",7,200000,9905,Gilman Square #7,Somerville,False,0.0,0.0,0.0,0.0,0.0,0.0
S2,4,"(1,1,1,1)",7,200000,10043,Davis #6,Somerville,False,0.0,0.0,0.0,0.0,0.0,0.0
S2,4,"(1,1,1,1)",7,200000,9810,Sullivan Square #2,Somerville,False,0.0,0.0,0.0,0.0,0.0,0.0
S2,4,"(1,1,1,1)",7,200000,9463,Union Square #15,Somerville,False,0.0,0.0,0.0,0.0,0.0,0.0
S2,4,"(1,1,1,1)",7,200000,10118,Davis #12,Somerville,False,0.0,0.0,0.0,0.0,0.0,0.0
S2,4,"(1,1,1,1)",7,200000,9700,Union Square #19,Somerville,False,0.0,0.0,0.0,0.0,0.0,0.0
S2,4,"(1,1,1,1)",7,200000,9696,Union Square #18,Somerville,False,0.0,0.0,0.0,0.0,0.0,0.0
S2,4,"(1,1,1,1)",7,200000,10042,Davis #15,Somerville,False,0.0,0.0,0.0,0.0,0.0,0.0
S2,4,"(1,1,1,1)",7,200000,10046,Davis #9,Somerville,False,0.0,0.0,0.0,0.0,0.0,0.0
S2,4,"(1,1,1,1)",7,200000,9877,Gilman Square #4,Somerville,False,0.0,0.0,0.0,0.0,0.0,0.0
S2,4,"(1,1,1,1)",7,200000,9639,Union Square #12,Somerville,False,0.0,0.0,0.0,0.0,0.0,0.0
S2,4,"(1,1,1,1)",7,200000,10059,Magoun Square #1,Somerville,False,0.0,0.0,0.0,0.0,0.0,0.0
S2,4,"(1,1,1,1)",7,200000,9850,Gilman Square #11,Somerville,False,0.0,0.0,0.0,0.0,0.0,0.0
S2,4,"(1,1,1,1)",7,200000,10064,Magoun Square #2,Somerville,False,0.0,0.0,0.0,0.0,0.0,0.0
S2,4,"(1,1,1,1)",7,200000,10065,Davis #14,Somerville,False,0.0,0.0,0.0,0.0,0.0,0.0
S2,4,"(1,1,1,1)",7,200000,9842,Sullivan Square #4,Somerville,False,0.0,0.0,0.0,0.0,0.0,0.0
S2,4,"(1,1,1,1)",7,200000,10126,Ball Square #1,Somerville,False,0.0,0.0,0.0,0.0,0.0,0.0
S2,4,"(1,1,1,1)",7,200000,9890,Gilman Square #9,Somerville,False,0.0,0.0,0.0,0.0,0.0,0.0
S2,4,"(1,1,1,1)",7,200000,9989,Gilman Square #3,Somerville,False,0.0,0.0,0.0,0.0,0.0,0.0
S2,4,"(1,1,1,1)",7,200000,10123,Ball Square #3,Somerville,False,0.0,0.0,0.0,0.0,0.0,0.0
S2,4,"(1,1,1,1)",7,200000,9628,East Somerville #6,Somerville,False,0.0,0.0,0.0,0.0,0.0,0.0
S2,4,"(1,1,1,1)",7,200000,9867,Gilman Square #10,Somerville,False,0.0,0.0,0.0,0.0,0.0,0.0
S2,4,"(1,1,1,1)",7,200000,9872,Gilman Square #6,Somerville,False,0.0,0.0,0.0,0.0,0.0,0.0
S2,4,"(1,1,1,1)",7,200000,10143,Ball Square #4,Somerville,False,0.0,0.0,0.0,0.0,0.0,0.0
S2,4,"(1,1,1,1)",7,200000,9976,Gilman Square #5,Somerville,False,0.0,0.0,0.0,0.0,0.0,0.0
S2,4,"(1,1,1,1)",7,200000,9845,Sullivan Square #5,Somerville,False,0.0,0.0,0.0,0.0,0.0,0.0
S2,4,"(1,1,1,1)",7,200000,10031,Magoun Square #3,Somerville,False,0.0,0.0,0.0,0.0,0.0,0.0
S2,4,"(1,1,1,1)",7,200000,10140,Ball Square #6,Somerville,False,0.0,0.0,0.0,0.0,0.0,0.0
S2,4,"(1,1,1,1)",7,200000,9887,Gilman Square #8,Somerville,False,0.0,0.0,0.0,0.0,0.0,0.0
S2,4,"(1,1,1,1)",7,200000,10012,Assembly #4,Somerville,True,0.0,0.0,0.0,0.0,0.0,0.0
S2,4,"(1,1,1,1)",7,200000,9995,Assembly #5,Somerville,False,0.0,0.0,0.0,0.0,0.0,0.0
S2,4,"(1,1,1,1)",7,200000,9921,Porter #1,Cambridge,False,0.0,0.0,0.0,0.0,0.003655,0.0
S2,4,"(1,1,1,1)",7,200000,9427,Union Square #5,Cambridge,False,0.0,0.0,0.0,0.0,0.0,0.0
S2,4,"(1,1,1,1)",7,200000,9397,Harvard #1,Cambridge,True,0.05392,0.05392,0.0,0.05392,0.13646,0.0005050377886851637
S2,4,"(1,1,1,1)",7,200000,9441,Harvard #2,Cambridge,True,0.0,0.0,0.0,0.0,0.10114,0.0
S2,4,"(1,1,1,1)",7,200000,9965,Alewife #1,Cambridge,True,0.00088,0.00088,0.0,0.00088,0.055605,6.630330308514049e-05
S2,4,"(1,1,1,1)",7,200000,9206,Central #2,Cambridge,False,0.0,0.0,0.0,0.0,0.0,0.0
S2,4,"(1,1,1,1)",7,200000,9289,Central #1,Cambridge,True,0.0,0.0,0.0,0.0,0.002705,0.0
S2,4,"(1,1,1,1)",7,200000,9325,Harvard #3,Cambridge,True,0.0,0.0,0.0,0.0,0.09055,0.0
S2,4,"(1,1,1,1)",7,200000,9179,Central #3,Cambridge,False,0.0,0.0,0.0,0.0,0.0,0.0
S2,4,"(1,1,1,1)",7,200000,9382,Union Square #20,Cambridge,False,0.0,0.0,0.0,0.0,0.0,0.0
S2,4,"(1,1,1,1)",7,200000,9928,Alewife #2,Cambridge,False,0.0,0.0,0.0,0.0,0.008475,0.0
S2,4,"(1,1,1,1)",7,200000,9768,Porter #3,Cambridge,False,0.0,0.0,0.0,0.0,0.0,0.0
S2,4,"(1,1,1,1)",7,200000,9208,Central #6,Cambridge,False,0.0,0.0,0.0,0.0,0.0,0.0
S2,4,"(1,1,1,1)",7,200000,9168,Central #4,Cambridge,False,0.0,0.0,0.0,0.0,0.0,0.0
S2,4,"(1,1,1,1)",7,200000,9975,Davis #4,Cambridge,False,0.0,0.0,0.0,0.0,0.0,0.0
S2,4,"(1,1,1,1)",7,200000,9278,Lechmere #3,Cambridge,False,0.0,0.0,0.0,0.0,0.0,0.0
S2,4,"(1,1,1,1)",7,200000,9239,Central #7,Cambridge,False,0.0,0.0,0.0,0.0,0.0,0.0
S2,4,"(1,1,1,1)",7,200000,9449,Union Square #17,Cambridge,False,0.0,0.0,0.0,0.0,0.0,0.0
S2,4,"(1,1,1,1)",7,200000,9298,Lechmere #2,Cambridge,False,0.0,0.0,0.0,0.0,0.0,0.0
S2,4,"(1,1,1,1)",7,200000,9895,Porter #6,Cambridge,False,0.0,0.0,0.0,0.0,0.0,0.0
S2,4,"(1,1,1,1)",7,200000,9237,Central #5,Cambridge,False,0.0,0.0,0.0,0.0,0.0,0.0
S2,4,"(1,1,1,1)",7,200000,9706,Porter #8,Cambridge,False,0.0,0.0,0.0,0.0,0.0,0.0
S2,4,"(1,1,1,1)",7,200000,9447,Harvard #4,Cambridge,True,0.01258,0.01258,0.0,0.01258,0.061965,0.00024921620733812634
S2,4,"(1,1,1,1)",7,200000,9862,Porter #9,Cambridge,False,0.0,0.0,0.0,0.0,0.0,0.0
S2,4,"(1,1,1,1)",7,200000,9406,Union Square #13,Cambridge,False,0.0,0.0,0.0,0.0,0.0,0.0
S2,4,"(1,1,1,1)",7,200000,10017,Davis #13,Cambridge,False,0.0,0.0,0.0,0.0,0.0,0.0
S2,4,"(1,1,1,1)",7,200000,10015,Davis #11,Cambridge,False,0.0,0.0,0.0,0.0,0.0,0.0
S2,4,"(1,1,1,1)",7,200000,10116,Davis #7,Cambridge,False,0.0,0.0,0.0,0.0,0.0,0.0
S2,4,"(1,1,1,1)",7,200000,9808,Porter #5,Cambridge,False,0.0,0.0,0.0,0.0,0.0,0.0
S2,4,"(1,1,1,1)",7,200000,9438,Union Square #16,Cambridge,False,0.0,0.0,0.0,0.0,0.0,0.0
S2,4,"(1,1,1,1)",7,200000,9919,Porter #7,Cambridge,False,0.0,0.0,0.0,0.0,0.0,0.0
S2,4,"(1,1,1,1)",7,200000,9957,Porter #10,Cambridge,False,0.0,0.0,0.0,0.0,0.0,0.0
S2,4,"(1,1,1,1)",7,200000,9704,Porter #11,Cambridge,False,0.0,0.0,0.0,0.0,0.0,0.0
S2,4,"(1,1,1,1)",7,200000,9784,Porter #12,Cambridge,False,0.0,0.0,0.0,0.0,0.0,0.0
S2,4,"(1,1,1,1)",7,200000,10060,Davis #16,Cambridge,False,0.0,0.0,0.0,0.0,0.0,0.0
S2,4,"(1,1,1,1)",7,200000,8547,Coolidge Corner #1,Brookline,False,0.0,0.0,0.0,0.0,0.0,0.0
S2,4,"(1,1,1,1)",7,200000,8787,Harvard Avenue #1,Brookline,False,0.0,0.0,0.0,0.0,0.043495,0.0
S2,4,"(1,1,1,1)",7,200000,8527,Brookline Village #2,Brookline,False,0.0,0.0,0.0,0.0,0.0,0.0
S2,4,"(1,1,1,1)",7,200000,8650,Coolidge Corner #4,Brookline,False,0.0,0.0,0.0,0.0,0.0,0.0
S2,4,"(1,1,1,1)",7,200000,8640,Coolidge Corner #3,Brookline,False,0.0,0.0,0.0,0.0,0.0,0.0
S2,4,"(1,1,1,1)",7,200000,8568,Washington Square #1,Brookline,False,0.0,0.0,0.0,0.0,0.0,0.0
S2,4,"(1,1,1,1)",7,200000,8539,Tappan Street #1,Brookline,False,0.0,0.0,0.0,0.0,0.0,0.0
S2,4,"(1,1,1,1)",7,200000,8466,Brookline Village #3,Brookline,False,0.0,0.0,0.0,0.0,0.0,0.0
S2,4,"(1,1,1,1)",7,200000,8865,Amory Street #1,Brookline,False,0.0,0.0,0.0,0.0,0.015415,0.0
S2,4,"(1,1,1,1)",7,200000,8704,Saint Mary's Street #1,Brookline,False,0.0,0.0,0.0,0.0,0.0,0.0
S2,4,"(1,1,1,1)",7,200000,8452,Brookline Village #1,Brookline,False,0.0,0.0,0.0,0.0,0.0,0.0
S2,4,"(1,1,1,1)",7,200000,8617,Coolidge Corner #2,Brookline,False,0.0,0.0,0.0,0.0,0.0,0.0
S2,4,"(1,1,1,1)",7,200000,8624,Coolidge Corner #12,Brookline,False,0.0,0.0,0.0,0.0,0.0,0.0
S2,4,"(1,1,1,1)",7,200000,8728,Harvard Avenue #2,Brookline,False,0.0,0.0,0.0,0.0,2.5e-05,0.0
S2,4,"(1,1,1,1)",7,200000,8902,Babcock Street #1,Brookline,False,0.0,0.0,0.0,0.0,0.0,0.0
S2,4,"(1,1,1,1)",7,200000,8708,Saint Mary's Street #2,Brookline,False,0.0,0.0,0.0,0.0,0.0,0.0
S2,4,"(1,1,1,1)",7,200000,8553,Washington Square #2,Brookline,False,0.0,0.0,0.0,0.0,0.0,0.0
S2,4,"(1,1,1,1)",7,200000,8487,Brookline Hills #4,Brookline,False,0.0,0.0,0.0,0.0,0.0,0.0
S2,4,"(1,1,1,1)",7,200000,8647,Coolidge Corner #8,Brookline,False,0.0,0.0,0.0,0.0,0.0,0.0
S2,4,"(1,1,1,1)",7,200000,8593,Coolidge Corner #9,Brookline,False,0.0,0.0,0.0,0.0,0.0,0.0
S2,4,"(1,1,1,1)",7,200000,8672,Summit Avenue #1,Brookline,False,0.0,0.0,0.0,0.0,0.0,0.0
S2,4,"(1,1,1,1)",7,200000,8399,Brookline Hills #2,Brookline,False,0.0,0.0,0.0,0.0,0.0,0.0
S2,4,"(1,1,1,1)",7,200000,8281,Chestnut Hill #2,Brookline,False,0.0,0.0,0.0,0.0,0.0,0.0
S2,4,"(1,1,1,1)",7,200000,8476,Brookline Hills #1,Brookline,False,0.0,0.0,0.0,0.0,0.0,0.0
S2,4,"(1,1,1,1)",7,200000,8626,Coolidge Corner #5,Brookline,False,0.0,0.0,0.0,0.0,0.0,0.0
S2,4,"(1,1,1,1)",7,200000,8685,Saint Mary's Street #3,Brookline,False,0.0,0.0,0.0,0.0,0.0,0.0
S2,4,"(1,1,1,1)",7,200000,8596,Summit Avenue #2,Brookline,False,0.0,0.0,0.0,0.0,0.0,0.0
S2,4,"(1,1,1,1)",7,200000,8657,Coolidge Corner #7,Brookline,False,0.0,0.0,0.0,0.0,0.0,0.0
S2,4,"(1,1,1,1)",7,200000,8575,Washington Square #4,Brookline,False,0.0,0.0,0.0,0.0,0.0,0.0
S2,4,"(1,1,1,1)",7,200000,8383,Brookline Hills #3,Brookline,False,0.0,0.0,0.0,0.0,0.0,0.0
S2,4,"(1,1,1,1)",7,200000,8680,Summit Avenue #3,Brookline,False,0.0,0.0,0.0,0.0,0.0,0.0
S2,4,"(1,1,1,1)",7,200000,8649,Coolidge Corner #6,Brookline,False,0.0,0.0,0.0,0.0,0.0,0.0
S2,4,"(1,1,1,1)",7,200000,8600,Coolidge Corner #11,Brookline,False,0.0,0.0,0.0,0.0,0.0,0.0
S2,4,"(1,1,1,1)",7,200000,8486,Brookline Village #4,Brookline,False,0.0,0.0,0.0,0.0,0.0,0.0
S2,4,"(1,1,1,1)",7,200000,8558,Washington Square #3,Brookline,False,0.0,0.0,0.0,0.0,0.0,0.0
S2,4,"(1,1,1,1)",7,200000,8419,Brookline Village #5,Brookline,False,0.0,0.0,0.0,0.0,0.0,0.0
S2,4,"(1,1,1,1)",7,200000,8598,Summit Avenue #4,Brookline,False,0.0,0.0,0.0,0.0,0.0,0.0
S2,4,"(1,1,1,1)",7,200000,8611,Coolidge Corner #10,Brookline,False,0.0,0.0,0.0,0.0,0.0,0.0
S2,4,"(1,1,1,1)",7,200000,8555,Tappan Street #2,Brookline,False,0.0,0.0,0.0,0.0,0.0,0.0
S2,4,"(1,1,1,1)",7,200000,8878,Amory Street #2,Brookline,False,0.0,0.0,0.0,0.0,0.0,0.0
S2,4,"(1,1,1,1)",7,200000,8411,Brookline Hills #5,Brookline,False,0.0,0.0,0.0,0.0,0.0,0.0
S2,4,"(1,1,1,1)",7,200000,8255,Chestnut Hill #3,Brookline,False,0.0,0.0,0.0,0.0,0.0,0.0
S2,4,"(1,1,1,1)",7,200000,8274,Chestnut Hill #4,Brookline,False,0.0,0.0,0.0,0.0,0.0,0.0
S2,4,"(1,1,1,1)",7,200000,10667,Malden Center #1,Malden,True,0.315635,0.315635,0.0,0.315635,0.65159,0.0010392534502588866
S2,4,"(1,1,1,1)",7,200000,10682,Malden Center #5,Malden,False,0.0,0.0,0.0,0.0,0.081405,0.0
S2,4,"(1,1,1,1)",7,200000,10616,Malden Center #2,Malden,True,0.03099,0.03099,0.0,0.03099,0.54484,0.0003874894830830897
S2,4,"(1,1,1,1)",7,200000,10664,Malden Center #3,Malden,False,0.0,0.0,0.0,0.0,0.129635,0.0
S2,4,"(1,1,1,1)",7,200000,10665,Malden Center #4,Malden,True,0.00588,0.00588,0.0,0.00588,0.26254,0.00017095943378474322
S2,4,"(1,1,1,1)",7,200000,10691,Malden Center #9,Malden,False,0.0,0.0,0.0,0.0,0.0,0.0
S2,4,"(1,1,1,1)",7,200000,10648,Malden Center #6,Malden,False,0.0,0.0,0.0,0.0,0.02709,0.0
S2,4,"(1,1,1,1)",7,200000,10687,Malden Center #7,Malden,False,0.0,0.0,0.0,0.0,0.0,0.0
S2,4,"(1,1,1,1)",7,200000,10779,Oak Grove #1,Malden,False,0.0,0.0,0.0,0.0,0.0,0.0
S2,4,"(1,1,1,1)",7,200000,10771,Oak Grove #2,Malden,False,0.0,0.0,0.0,0.0,0.0,0.0
S2,4,"(1,1,1,1)",7,200000,10710,Malden Center #10,Malden,False,0.0,0.0,0.0,0.0,0.009505,0.0
S2,4,"(1,1,1,1)",7,200000,10657,Malden Center #14,Malden,False,0.0,0.0,0.0,0.0,0.0,0.0
S2,4,"(1,1,1,1)",7,200000,10670,Malden Center #13,Malden,False,0.0,0.0,0.0,0.0,0.0,0.0
S2,4,"(1,1,1,1)",7,200000,10701,Malden Center #11,Malden,False,0.0,0.0,0.0,0.0,0.0,0.0
S2,4,"(1,1,1,1)",7,200000,10696,Malden Center #12,Malden,False,0.0,0.0,0.0,0.0,0.0,0.0
S2,4,"(1,1,1,1)",7,200000,10692,Malden Center #8,Malden,False,0.0,0.0,0.0,0.0,0.040685,0.0
S2,4,"(1,1,1,1)",7,200000,10676,Malden Center #15,Malden,False,0.0,0.0,0.0,0.0,0.0,0.0
S2,4,"(1,1,1,1)",7,200000,10618,Malden Center #16,Malden,False,0.0,0.0,0.0,0.0,0.0,0.0
S2,4,"(1,1,1,1)",7,200000,8128,Eliot #2,Newton,False,0.0,0.0,0.0,0.0,0.0,0.0
S2,4,"(1,1,1,1)",7,200000,8427,Newton Centre #1,Newton,False,0.0,0.0,0.0,0.0,0.0,0.0
S2,4,"(1,1,1,1)",7,200000,8298,Chestnut Hill #1,Newton,True,0.0,0.0,0.0,0.0,9e-05,0.0
S2,4,"(1,1,1,1)",7,200000,8165,Eliot #1,Newton,False,0.0,0.0,0.0,0.0,0.0,0.0
S2,4,"(1,1,1,1)",7,200000,8140,Eliot #5,Newton,False,0.0,0.0,0.0,0.0,0.0,0.0
S2,4,"(1,1,1,1)",7,200000,8116,Eliot #6,Newton,False,0.0,0.0,0.0,0.0,0.0,0.0
S2,4,"(1,1,1,1)",7,200000,8205,Newton Highlands #2,Newton,False,0.0,0.0,0.0,0.0,0.0,0.0
S2,4,"(1,1,1,1)",7,200000,8136,Eliot #3,Newton,False,0.0,0.0,0.0,0.0,0.0,0.0
S2,4,"(1,1,1,1)",7,200000,8385,Newton Centre #2,Newton,False,0.0,0.0,0.0,0.0,0.0,0.0
S2,4,"(1,1,1,1)",7,200000,8159,Newton Highlands #1,Newton,False,0.0,0.0,0.0,0.0,0.0,0.0
S2,4,"(1,1,1,1)",7,200000,8229,Newton Highlands #3,Newton,False,0.0,0.0,0.0,0.0,0.0,0.0
S2,4,"(1,1,1,1)",7,200000,8175,Eliot #8,Newton,False,0.0,0.0,0.0,0.0,0.0,0.0
S2,4,"(1,1,1,1)",7,200000,8379,Newton Centre #4,Newton,False,0.0,0.0,0.0,0.0,0.0,0.0
S2,4,"(1,1,1,1)",7,200000,8341,Waban #1,Newton,False,0.0,0.0,0.0,0.0,0.0,0.0
S2,4,"(1,1,1,1)",7,200000,8407,Newton Centre #5,Newton,False,0.0,0.0,0.0,0.0,0.0,0.0
S2,4,"(1,1,1,1)",7,200000,8388,Newton Centre #7,Newton,False,0.0,0.0,0.0,0.0,0.0,0.0
S2,4,"(1,1,1,1)",7,200000,8500,Newton Centre #10,Newton,False,0.0,0.0,0.0,0.0,0.0,0.0
S2,4,"(1,1,1,1)",7,200000,8143,Newton Highlands #5,Newton,False,0.0,0.0,0.0,0.0,0.0,0.0
S2,4,"(1,1,1,1)",7,200000,8408,Newton Centre #9,Newton,False,0.0,0.0,0.0,0.0,0.0,0.0
S2,4,"(1,1,1,1)",7,200000,8410,Newton Centre #6,Newton,False,0.0,0.0,0.0,0.0,0.0,0.0
S2,4,"(1,1,1,1)",7,200000,8102,Eliot #4,Newton,False,0.0,0.0,0.0,0.0,0.0,0.0
S2,4,"(1,1,1,1)",7,200000,8115,Eliot #7,Newton,False,0.0,0.0,0.0,0.0,0.0,0.0
S2,4,"(1,1,1,1)",7,200000,8418,Newton Centre #8,Newton,False,0.0,0.0,0.0,0.0,0.0,0.0
S2,4,"(1,1,1,1)",7,200000,8169,Eliot #9,Newton,False,0.0,0.0,0.0,0.0,0.0,0.0
S2,4,"(1,1,1,1)",7,200000,8214,Newton Highlands #4,Newton,False,0.0,0.0,0.0,0.0,0.0,0.0
S2,4,"(1,1,1,1)",7,200000,8400,Newton Centre #3,Newton,False,0.0,0.0,0.0,0.0,0.0,0.0
S2,4,"(1,1,1,1)",7,200000,8213,Newton Highlands #6,Newton,False,0.0,0.0,0.0,0.0,0.0,0.0
S2,4,"(1,1,1,1)",7,200000,8217,Newton Highlands #7,Newton,False,0.0,0.0,0.0,0.0,0.0,0.0
S2,4,"(1,1,1,1)",7,200000,8394,Newton Centre #11,Newton,False,0.0,0.0,0.0,0.0,0.0,0.0
S2,4,"(1,1,1,1)",7,200000,10236,Wellington #1,Medford,False,0.0,0.0,0.0,0.0,0.0,0.0
S2,4,"(1,1,1,1)",7,200000,10364,Medford/Tufts #1,Medford,False,0.0,0.0,0.0,0.0,0.006015,0.0
S2,4,"(1,1,1,1)",7,200000,10200,Wellington #2,Medford,False,0.0,0.0,0.0,0.0,0.0,0.0
S2,4,"(1,1,1,1)",7,200000,10366,Medford/Tufts #2,Medford,False,0.0,0.0,0.0,0.0,0.0,0.0
S2,4,"(1,1,1,1)",7,200000,10230,Ball Square #5,Medford,False,0.0,0.0,0.0,0.0,0.0,0.0
S2,4,"(1,1,1,1)",7,200000,10211,Ball Square #2,Medford,False,0.0,0.0,0.0,0.0,0.0,0.0
S2,4,"(1,1,1,1)",7,200000,10231,Ball Square #7,Medford,False,0.0,0.0,0.0,0.0,0.0,0.0
S2,4,"(1,1,1,1)",7,200000,10316,Medford/Tufts #3,Medford,False,0.0,0.0,0.0,0.0,0.0,0.0
S2,4,"(1,1,1,1)",7,200000,10369,Revere Beach #1,Revere,True,0.14448,0.14448,0.0,0.14448,0.29792,0.0007861473449678501
S2,4,"(1,1,1,1)",7,200000,10358,Revere Beach #2,Revere,False,0.0,0.0,0.0,0.0,0.05524,0.0
S2,4,"(1,1,1,1)",7,200000,10381,Wonderland #1,Revere,True,0.102275,0.102275,0.0,0.102275,0.29777,0.0006775500880931239
S2,4,"(1,1,1,1)",7,200000,10326,Revere Beach #4,Revere,False,0.0,0.0,0.0,0.0,0.007555,0.0
S2,4,"(1,1,1,1)",7,200000,10520,Wonderland #2,Revere,False,0.0,0.0,0.0,0.0,0.0,0.0
S2,4,"(1,1,1,1)",7,200000,10273,Revere Beach #3,Revere,False,0.0,0.0,0.0,0.0,0.02392,0.0
S2,4,"(1,1,1,1)",7,200000,10281,Revere Beach #5,Revere,False,0.0,0.0,0.0,0.0,0.01328,0.0
S2,4,"(1,1,1,1)",7,200000,10262,Revere Beach #6,Revere,False,0.0,0.0,0.0,0.0,0.0,0.0
S2,4,"(1,1,1,1)",7,200000,10285,Revere Beach #7,Revere,False,0.0,0.0,0.0,0.0,0.00192,0.0
S2,4,"(1,1,1,1)",7,200000,6730,Quincy Center #2,Quincy,False,0.0,0.0,0.0,0.0,0.0,0.0
S2,4,"(1,1,1,1)",7,200000,6771,Quincy Center #4,Quincy,False,0.0,0.0,0.0,0.0,0.0,0.0
S2,4,"(1,1,1,1)",7,200000,6760,Quincy Center #1,Quincy,True,0.0,0.0,0.0,0.0,0.165105,0.0
S2,4,"(1,1,1,1)",7,200000,6886,Quincy Center #12,Quincy,False,0.0,0.0,0.0,0.0,0.0,0.0
S2,4,"(1,1,1,1)",7,200000,6782,Quincy Center #3,Quincy,False,0.0,0.0,0.0,0.0,0.0,0.0
S2,4,"(1,1,1,1)",7,200000,7340,North Quincy #5,Quincy,False,0.0,0.0,0.0,0.0,0.0,0.0
S2,4,"(1,1,1,1)",7,200000,7424,North Quincy #3,Quincy,False,0.0,0.0,0.0,0.0,0.0,0.0
S2,4,"(1,1,1,1)",7,200000,7487,North Quincy #1,Quincy,False,0.0,0.0,0.0,0.0,0.0,0.0
S2,4,"(1,1,1,1)",7,200000,7173,Wollaston #2,Quincy,True,0.0,0.0,0.0,0.0,0.26211,0.0
S2,4,"(1,1,1,1)",7,200000,7176,Wollaston #5,Quincy,False,0.0,0.0,0.0,0.0,0.0,0.0
S2,4,"(1,1,1,1)",7,200000,7529,North Quincy #2,Quincy,True,0.0,0.0,0.0,0.0,0.0,0.0
S2,4,"(1,1,1,1)",7,200000,6755,Quincy Center #9,Quincy,False,0.0,0.0,0.0,0.0,0.0,0.0
S2,4,"(1,1,1,1)",7,200000,7196,Wollaston #3,Quincy,False,0.0,0.0,0.0,0.0,0.0,0.0
S2,4,"(1,1,1,1)",7,200000,6710,Quincy Center #10,Quincy,False,0.0,0.0,0.0,0.0,0.0,0.0
S2,4,"(1,1,1,1)",7,200000,6729,Quincy Center #7,Quincy,False,0.0,0.0,0.0,0.0,0.0,0.0
S2,4,"(1,1,1,1)",7,200000,7300,Wollaston #1,Quincy,True,0.0,0.0,0.0,0.0,0.39397,0.0
S2,4,"(1,1,1,1)",7,200000,6736,Quincy Center #5,Quincy,False,0.0,0.0,0.0,0.0,0.0,0.0
S2,4,"(1,1,1,1)",7,200000,7180,Wollaston #4,Quincy,False,0.0,0.0,0.0,0.0,0.0,0.0
S2,4,"(1,1,1,1)",7,200000,7310,North Quincy #7,Quincy,False,0.0,0.0,0.0,0.0,0.0,0.0
S2,4,"(1,1,1,1)",7,200000,7346,North Quincy #6,Quincy,False,0.0,0.0,0.0,0.0,0.0,0.0
S2,4,"(1,1,1,1)",7,200000,6857,Quincy Center #11,Quincy,False,0.0,0.0,0.0,0.0,0.0,0.0
S2,4,"(1,1,1,1)",7,200000,6472,Quincy Adams #2,Quincy,False,0.0,0.0,0.0,0.0,0.0,0.0
S2,4,"(1,1,1,1)",7,200000,7329,North Quincy #8,Quincy,False,0.0,0.0,0.0,0.0,0.0,0.0
S2,4,"(1,1,1,1)",7,200000,7338,North Quincy #4,Quincy,False,0.0,0.0,0.0,0.0,0.0,0.0
S2,4,"(1,1,1,1)",7,200000,6762,Quincy Center #13,Quincy,False,0.0,0.0,0.0,0.0,0.0,0.0
S2,4,"(1,1,1,1)",7,200000,7241,North Quincy #9,Quincy,False,0.0,0.0,0.0,0.0,0.0,0.0
S2,4,"(1,1,1,1)",7,200000,6781,Quincy Center #14,Quincy,False,0.0,0.0,0.0,0.0,0.0,0.0
S2,4,"(1,1,1,1)",7,200000,7183,Wollaston #8,Quincy,False,0.0,0.0,0.0,0.0,0.0,0.0
S2,4,"(1,1,1,1)",7,200000,7360,North Quincy #10,Quincy,False,0.0,0.0,0.0,0.0,0.0,0.0
S2,4,"(1,1,1,1)",7,200000,7163,Wollaston #6,Quincy,False,0.0,0.0,0.0,0.0,0.0,0.0
S2,4,"(1,1,1,1)",7,200000,6474,Quincy Adams #1,Quincy,True,0.003605,0.003605,0.0,0.003605,0.082005,0.00013401499869417603
S2,4,"(1,1,1,1)",7,200000,7088,Wollaston #10,Quincy,False,0.0,0.0,0.0,0.0,0.0,0.0
S2,4,"(1,1,1,1)",7,200000,6465,Quincy Adams #3,Quincy,False,0.0,0.0,0.0,0.0,0.0,0.0
S2,4,"(1,1,1,1)",7,200000,7190,Wollaston #7,Quincy,False,0.0,0.0,0.0,0.0,0.0,0.0
S2,4,"(1,1,1,1)",7,200000,7194,Wollaston #9,Quincy,False,0.0,0.0,0.0,0.0,0.0,0.0
S2,4,"(1,1,1,1)",7,200000,5973,Braintree #1,Braintree,True,0.329755,0.329755,0.0,0.329755,0.64857,0.0010512293754813933
S2,4,"(1,1,1,1)",7,200000,6019,Braintree #2,Braintree,False,0.0,0.0,0.0,0.0,0.472915,0.0
S2,4,"(1,1,1,1)",7,200000,5982,Braintree #5,Braintree,False,0.0,0.0,0.0,0.0,0.0,0.0
S2,4,"(1,1,1,1)",7,200000,5965,Braintree #4,Braintree,False,0.0,0.0,0.0,0.0,0.0,0.0
S2,4,"(1,1,1,1)",7,200000,5966,Braintree #3,Braintree,False,0.0,0.0,0.0,0.0,0.0,0.0
S2,4,"(1,1,1,1)",7,200000,5992,Braintree #7,Braintree,False,0.0,0.0,0.0,0.0,0.0,0.0
S2,4,"(1,1,1,1)",7,200000,5999,Braintree #6,Braintree,False,0.0,0.0,0.0,0.0,0.0,0.0
S2,4,"(1,1,1,1)",7,200000,5967,Braintree #8,Braintree,False,0.0,0.0,0.0,0.0,0.0,0.0
S2,4,"(1,1,1,1)",7,200000,5991,Braintree #9,Braintree,False,0.0,0.0,0.0,0.0,0.0,0.0
S2u,4,"(1,1,1,1)",7,200000,9475,East Somerville #1,Somerville,False,0.0,0.0,0.0,0.0,1e-05,0.0
S2u,4,"(1,1,1,1)",7,200000,9577,Union Square #1,Somerville,False,0.0,0.0,0.0,0.0,0.0,0.0
S2u,4,"(1,1,1,1)",7,200000,9695,Union Square #2,Somerville,False,0.0,0.0,0.0,0.0,0.0,0.0
S2u,4,"(1,1,1,1)",7,200000,9766,Porter #2,Somerville,False,0.0,0.0,0.0,0.0,0.0,0.0
S2u,4,"(1,1,1,1)",7,200000,9986,Gilman Square #1,Somerville,False,0.0,0.0,0.0,0.0,0.0,0.0
S2u,4,"(1,1,1,1)",7,200000,9457,Lechmere #1,Somerville,False,0.0,0.0,0.0,0.0,0.0,0.0
S2u,4,"(1,1,1,1)",7,200000,9588,East Somerville #3,Somerville,False,0.0,0.0,0.0,0.0,0.0,0.0
S2u,4,"(1,1,1,1)",7,200000,10038,Davis #1,Somerville,False,0.0,0.0,0.0,0.0,0.0,0.0
S2u,4,"(1,1,1,1)",7,200000,9679,Union Square #3,Somerville,False,0.0,0.0,0.0,0.0,0.0,0.0
S2u,4,"(1,1,1,1)",7,200000,9653,East Somerville #2,Somerville,False,0.0,0.0,0.0,0.0,0.0,0.0
S2u,4,"(1,1,1,1)",7,200000,9620,Union Square #4,Somerville,False,0.0,0.0,0.0,0.0,0.0,0.0
S2u,4,"(1,1,1,1)",7,200000,9660,Union Square #9,Somerville,False,0.0,0.0,0.0,0.0,0.0,0.0
S2u,4,"(1,1,1,1)",7,200000,9525,Union Square #6,Somerville,False,0.0,0.0,0.0,0.0,0.0,0.0
S2u,4,"(1,1,1,1)",7,200000,9471,Union Square #7,Somerville,False,0.0,0.0,0.0,0.0,0.0,0.0
S2u,4,"(1,1,1,1)",7,200000,10018,Davis #2,Somerville,False,0.0,0.0,0.0,0.0,0.0,0.0
S2u,4,"(1,1,1,1)",7,200000,10040,Davis #5,Somerville,False,0.0,0.0,0.0,0.0,0.0,0.0
S2u,4,"(1,1,1,1)",7,200000,9608,Union Square #10,Somerville,False,0.0,0.0,0.0,0.0,0.0,0.0
S2u,4,"(1,1,1,1)",7,200000,10034,Davis #3,Somerville,False,0.0,0.0,0.0,0.0,0.0,0.0
S2u,4,"(1,1,1,1)",7,200000,9548,East Somerville #5,Somerville,False,0.0,0.0,0.0,0.0,0.0,0.0
S2u,4,"(1,1,1,1)",7,200000,9591,Union Square #8,Somerville,False,0.0,0.0,0.0,0.0,0.0,0.0
S2u,4,"(1,1,1,1)",7,200000,10021,Davis #8,Somerville,False,0.0,0.0,0.0,0.0,0.0,0.0
S2u,4,"(1,1,1,1)",7,200000,9817,Porter #4,Somerville,False,0.0,0.0,0.0,0.0,0.0,0.0
S2u,4,"(1,1,1,1)",7,200000,9640,Union Square #11,Somerville,False,0.0,0.0,0.0,0.0,0.0,0.0
S2u,4,"(1,1,1,1)",7,200000,10054,Davis #10,Somerville,False,0.0,0.0,0.0,0.0,0.0,0.0
S2u,4,"(1,1,1,1)",7,200000,9818,Sullivan Square #3,Somerville,False,0.0,0.0,0.0,0.0,0.0,0.0
S2u,4,"(1,1,1,1)",7,200000,9863,Sullivan Square #1,Somerville,True,0.0,0.0,0.0,0.0,0.039315,0.0
S2u,4,"(1,1,1,1)",7,200000,9643,Union Square #14,Somerville,False,0.0,0.0,0.0,0.0,0.0,0.0
S2u,4,"(1,1,1,1)",7,200000,9667,East Somerville #4,Somerville,False,0.0,0.0,0.0,0.0,0.0,0.0
S2u,4,"(1,1,1,1)",7,200000,10006,Gilman Square #2,Somerville,False,0.0,0.0,0.0,0.0,0.0,0.0
S2u,4,"(1,1,1,1)",7,200000,9905,Gilman Square #7,Somerville,False,0.0,0.0,0.0,0.0,0.0,0.0
S2u,4,"(1,1,1,1)",7,200000,10043,Davis #6,Somerville,False,0.0,0.0,0.0,0.0,0.0,0.0
S2u,4,"(1,1,1,1)",7,200000,9810,Sullivan Square #2,Somerville,False,0.0,0.0,0.0,0.0,0.0,0.0
S2u,4,"(1,1,1,1)",7,200000,9463,Union Square #15,Somerville,False,0.0,0.0,0.0,0.0,0.0,0.0
S2u,4,"(1,1,1,1)",7,200000,10118,Davis #12,Somerville,False,0.0,0.0,0.0,0.0,0.0,0.0
S2u,4,"(1,1,1,1)",7,200000,9700,Union Square #19,Somerville,False,0.0,0.0,0.0,0.0,0.0,0.0
S2u,4,"(1,1,1,1)",7,200000,9696,Union Square #18,Somerville,False,0.0,0.0,0.0,0.0,0.0,0.0
S2u,4,"(1,1,1,1)",7,200000,10042,Davis #15,Somerville,False,0.0,0.0,0.0,0.0,0.0,0.0
S2u,4,"(1,1,1,1)",7,200000,10046,Davis #9,Somerville,False,0.0,0.0,0.0,0.0,0.0,0.0
S2u,4,"(1,1,1,1)",7,200000,9877,Gilman Square #4,Somerville,False,0.0,0.0,0.0,0.0,0.0,0.0
S2u,4,"(1,1,1,1)",7,200000,9639,Union Square #12,Somerville,False,0.0,0.0,0.0,0.0,0.0,0.0
S2u,4,"(1,1,1,1)",7,200000,10059,Magoun Square #1,Somerville,False,0.0,0.0,0.0,0.0,0.0,0.0
S2u,4,"(1,1,1,1)",7,200000,9850,Gilman Square #11,Somerville,False,0.0,0.0,0.0,0.0,0.0,0.0
S2u,4,"(1,1,1,1)",7,200000,10064,Magoun Square #2,Somerville,False,0.0,0.0,0.0,0.0,0.0,0.0
S2u,4,"(1,1,1,1)",7,200000,10065,Davis #14,Somerville,False,0.0,0.0,0.0,0.0,0.0,0.0
S2u,4,"(1,1,1,1)",7,200000,9842,Sullivan Square #4,Somerville,False,0.0,0.0,0.0,0.0,0.0,0.0
S2u,4,"(1,1,1,1)",7,200000,10126,Ball Square #1,Somerville,False,0.0,0.0,0.0,0.0,0.0,0.0
S2u,4,"(1,1,1,1)",7,200000,9890,Gilman Square #9,Somerville,False,0.0,0.0,0.0,0.0,0.0,0.0
S2u,4,"(1,1,1,1)",7,200000,9989,Gilman Square #3,Somerville,False,0.0,0.0,0.0,0.0,0.0,0.0
S2u,4,"(1,1,1,1)",7,200000,10123,Ball Square #3,Somerville,False,0.0,0.0,0.0,0.0,0.0,0.0
S2u,4,"(1,1,1,1)",7,200000,9628,East Somerville #6,Somerville,False,0.0,0.0,0.0,0.0,0.0,0.0
S2u,4,"(1,1,1,1)",7,200000,9867,Gilman Square #10,Somerville,False,0.0,0.0,0.0,0.0,0.0,0.0
S2u,4,"(1,1,1,1)",7,200000,9872,Gilman Square #6,Somerville,False,0.0,0.0,0.0,0.0,0.0,0.0
S2u,4,"(1,1,1,1)",7,200000,10143,Ball Square #4,Somerville,False,0.0,0.0,0.0,0.0,0.0,0.0
S2u,4,"(1,1,1,1)",7,200000,9976,Gilman Square #5,Somerville,False,0.0,0.0,0.0,0.0,0.0,0.0
S2u,4,"(1,1,1,1)",7,200000,9845,Sullivan Square #5,Somerville,False,0.0,0.0,0.0,0.0,0.0,0.0
S2u,4,"(1,1,1,1)",7,200000,10031,Magoun Square #3,Somerville,False,0.0,0.0,0.0,0.0,0.0,0.0
S2u,4,"(1,1,1,1)",7,200000,10140,Ball Square #6,Somerville,False,0.0,0.0,0.0,0.0,0.0,0.0
S2u,4,"(1,1,1,1)",7,200000,9887,Gilman Square #8,Somerville,False,0.0,0.0,0.0,0.0,0.0,0.0
S2u,4,"(1,1,1,1)",7,200000,10012,Assembly #4,Somerville,True,0.0,0.0,0.0,0.0,0.0,0.0
S2u,4,"(1,1,1,1)",7,200000,9995,Assembly #5,Somerville,False,0.0,0.0,0.0,0.0,0.0,0.0
S2u,4,"(1,1,1,1)",7,200000,9921,Porter #1,Cambridge,False,0.0,0.0,0.0,0.0,0.00037,0.0
S2u,4,"(1,1,1,1)",7,200000,9427,Union Square #5,Cambridge,False,0.0,0.0,0.0,0.0,0.0,0.0
S2u,4,"(1,1,1,1)",7,200000,9397,Harvard #1,Cambridge,True,0.036235,0.036235,0.0,0.036235,0.084675,0.0004178637623376787
S2u,4,"(1,1,1,1)",7,200000,9441,Harvard #2,Cambridge,True,0.0,0.0,0.0,0.0,0.060305,0.0
S2u,4,"(1,1,1,1)",7,200000,9965,Alewife #1,Cambridge,True,0.001325,0.001325,0.0,0.001325,0.033675,8.134016151324018e-05
S2u,4,"(1,1,1,1)",7,200000,9206,Central #2,Cambridge,False,0.0,0.0,0.0,0.0,1.5e-05,0.0
S2u,4,"(1,1,1,1)",7,200000,9289,Central #1,Cambridge,True,0.000355,0.000355,0.0,0.000355,0.010705,4.2123269994149315e-05
S2u,4,"(1,1,1,1)",7,200000,9325,Harvard #3,Cambridge,True,0.003965,0.003965,0.0,0.003965,0.067905,0.00014052186262286732
S2u,4,"(1,1,1,1)",7,200000,9179,Central #3,Cambridge,False,0.0,0.0,0.0,0.0,0.0,0.0
S2u,4,"(1,1,1,1)",7,200000,9382,Union Square #20,Cambridge,False,0.0,0.0,0.0,0.0,0.0,0.0
S2u,4,"(1,1,1,1)",7,200000,9928,Alewife #2,Cambridge,False,0.0,0.0,0.0,0.0,0.00278,0.0
S2u,4,"(1,1,1,1)",7,200000,9768,Porter #3,Cambridge,False,0.0,0.0,0.0,0.0,0.0,0.0
S2u,4,"(1,1,1,1)",7,200000,9208,Central #6,Cambridge,False,0.0,0.0,0.0,0.0,0.0,0.0
S2u,4,"(1,1,1,1)",7,200000,9168,Central #4,Cambridge,False,0.0,0.0,0.0,0.0,0.0,0.0
S2u,4,"(1,1,1,1)",7,200000,9975,Davis #4,Cambridge,False,0.0,0.0,0.0,0.0,0.0,0.0
S2u,4,"(1,1,1,1)",7,200000,9278,Lechmere #3,Cambridge,False,0.0,0.0,0.0,0.0,0.0,0.0
S2u,4,"(1,1,1,1)",7,200000,9239,Central #7,Cambridge,False,0.0,0.0,0.0,0.0,0.0,0.0
S2u,4,"(1,1,1,1)",7,200000,9449,Union Square #17,Cambridge,False,0.0,0.0,0.0,0.0,0.0,0.0
S2u,4,"(1,1,1,1)",7,200000,9298,Lechmere #2,Cambridge,False,0.0,0.0,0.0,0.0,0.0,0.0
S2u,4,"(1,1,1,1)",7,200000,9895,Porter #6,Cambridge,False,0.0,0.0,0.0,0.0,0.0,0.0
S2u,4,"(1,1,1,1)",7,200000,9237,Central #5,Cambridge,False,0.0,0.0,0.0,0.0,3e-05,0.0
S2u,4,"(1,1,1,1)",7,200000,9706,Porter #8,Cambridge,False,0.0,0.0,0.0,0.0,0.0,0.0
S2u,4,"(1,1,1,1)",7,200000,9447,Harvard #4,Cambridge,True,0.029855,0.029855,0.0,0.029855,0.061655,0.00038055012137036564
S2u,4,"(1,1,1,1)",7,200000,9862,Porter #9,Cambridge,False,0.0,0.0,0.0,0.0,0.0,0.0
S2u,4,"(1,1,1,1)",7,200000,9406,Union Square #13,Cambridge,False,0.0,0.0,0.0,0.0,0.0,0.0
S2u,4,"(1,1,1,1)",7,200000,10017,Davis #13,Cambridge,False,0.0,0.0,0.0,0.0,0.0,0.0
S2u,4,"(1,1,1,1)",7,200000,10015,Davis #11,Cambridge,False,0.0,0.0,0.0,0.0,0.0,0.0
S2u,4,"(1,1,1,1)",7,200000,10116,Davis #7,Cambridge,False,0.0,0.0,0.0,0.0,0.0,0.0
S2u,4,"(1,1,1,1)",7,200000,9808,Porter #5,Cambridge,False,0.0,0.0,0.0,0.0,0.0,0.0
S2u,4,"(1,1,1,1)",7,200000,9438,Union Square #16,Cambridge,False,0.0,0.0,0.0,0.0,0.0,0.0
S2u,4,"(1,1,1,1)",7,200000,9919,Porter #7,Cambridge,False,0.0,0.0,0.0,0.0,0.0,0.0
S2u,4,"(1,1,1,1)",7,200000,9957,Porter #10,Cambridge,False,0.0,0.0,0.0,0.0,0.0,0.0
S2u,4,"(1,1,1,1)",7,200000,9704,Porter #11,Cambridge,False,0.0,0.0,0.0,0.0,0.0,0.0
S2u,4,"(1,1,1,1)",7,200000,9784,Porter #12,Cambridge,False,0.0,0.0,0.0,0.0,0.0,0.0
S2u,4,"(1,1,1,1)",7,200000,10060,Davis #16,Cambridge,False,0.0,0.0,0.0,0.0,0.0,0.0
S2u,4,"(1,1,1,1)",7,200000,8547,Coolidge Corner #1,Brookline,False,0.0,0.0,0.0,0.0,0.0,0.0
S2u,4,"(1,1,1,1)",7,200000,8787,Harvard Avenue #1,Brookline,False,0.0,0.0,0.0,0.0,0.049435,0.0
S2u,4,"(1,1,1,1)",7,200000,8527,Brookline Village #2,Brookline,False,0.0,0.0,0.0,0.0,0.0,0.0
S2u,4,"(1,1,1,1)",7,200000,8650,Coolidge Corner #4,Brookline,False,0.0,0.0,0.0,0.0,0.0,0.0
S2u,4,"(1,1,1,1)",7,200000,8640,Coolidge Corner #3,Brookline,False,0.0,0.0,0.0,0.0,0.0,0.0
S2u,4,"(1,1,1,1)",7,200000,8568,Washington Square #1,Brookline,False,0.0,0.0,0.0,0.0,0.0,0.0
S2u,4,"(1,1,1,1)",7,200000,8539,Tappan Street #1,Brookline,False,0.0,0.0,0.0,0.0,0.0,0.0
S2u,4,"(1,1,1,1)",7,200000,8466,Brookline Village #3,Brookline,False,0.0,0.0,0.0,0.0,0.0,0.0
S2u,4,"(1,1,1,1)",7,200000,8865,Amory Street #1,Brookline,False,0.0,0.0,0.0,0.0,0.01335,0.0
S2u,4,"(1,1,1,1)",7,200000,8704,Saint Mary's Street #1,Brookline,False,0.0,0.0,0.0,0.0,0.0,0.0
S2u,4,"(1,1,1,1)",7,200000,8452,Brookline Village #1,Brookline,False,0.0,0.0,0.0,0.0,0.0,0.0
S2u,4,"(1,1,1,1)",7,200000,8617,Coolidge Corner #2,Brookline,False,0.0,0.0,0.0,0.0,0.0,0.0
S2u,4,"(1,1,1,1)",7,200000,8624,Coolidge Corner #12,Brookline,False,0.0,0.0,0.0,0.0,0.0,0.0
S2u,4,"(1,1,1,1)",7,200000,8728,Harvard Avenue #2,Brookline,False,0.0,0.0,0.0,0.0,1e-05,0.0
S2u,4,"(1,1,1,1)",7,200000,8902,Babcock Street #1,Brookline,False,0.0,0.0,0.0,0.0,0.0,0.0
S2u,4,"(1,1,1,1)",7,200000,8708,Saint Mary's Street #2,Brookline,False,0.0,0.0,0.0,0.0,0.0,0.0
S2u,4,"(1,1,1,1)",7,200000,8553,Washington Square #2,Brookline,False,0.0,0.0,0.0,0.0,0.0,0.0
S2u,4,"(1,1,1,1)",7,200000,8487,Brookline Hills #4,Brookline,False,0.0,0.0,0.0,0.0,0.0,0.0
S2u,4,"(1,1,1,1)",7,200000,8647,Coolidge Corner #8,Brookline,False,0.0,0.0,0.0,0.0,0.0,0.0
S2u,4,"(1,1,1,1)",7,200000,8593,Coolidge Corner #9,Brookline,False,0.0,0.0,0.0,0.0,0.0,0.0
S2u,4,"(1,1,1,1)",7,200000,8672,Summit Avenue #1,Brookline,False,0.0,0.0,0.0,0.0,0.0,0.0
S2u,4,"(1,1,1,1)",7,200000,8399,Brookline Hills #2,Brookline,False,0.0,0.0,0.0,0.0,0.0,0.0
S2u,4,"(1,1,1,1)",7,200000,8281,Chestnut Hill #2,Brookline,False,0.0,0.0,0.0,0.0,0.0,0.0
S2u,4,"(1,1,1,1)",7,200000,8476,Brookline Hills #1,Brookline,False,0.0,0.0,0.0,0.0,0.0,0.0
S2u,4,"(1,1,1,1)",7,200000,8626,Coolidge Corner #5,Brookline,False,0.0,0.0,0.0,0.0,0.0,0.0
S2u,4,"(1,1,1,1)",7,200000,8685,Saint Mary's Street #3,Brookline,False,0.0,0.0,0.0,0.0,0.0,0.0
S2u,4,"(1,1,1,1)",7,200000,8596,Summit Avenue #2,Brookline,False,0.0,0.0,0.0,0.0,0.0,0.0
S2u,4,"(1,1,1,1)",7,200000,8657,Coolidge Corner #7,Brookline,False,0.0,0.0,0.0,0.0,0.0,0.0
S2u,4,"(1,1,1,1)",7,200000,8575,Washington Square #4,Brookline,False,0.0,0.0,0.0,0.0,0.0,0.0
S2u,4,"(1,1,1,1)",7,200000,8383,Brookline Hills #3,Brookline,False,0.0,0.0,0.0,0.0,0.0,0.0
S2u,4,"(1,1,1,1)",7,200000,8680,Summit Avenue #3,Brookline,False,0.0,0.0,0.0,0.0,0.0,0.0
S2u,4,"(1,1,1,1)",7,200000,8649,Coolidge Corner #6,Brookline,False,0.0,0.0,0.0,0.0,0.0,0.0
S2u,4,"(1,1,1,1)",7,200000,8600,Coolidge Corner #11,Brookline,False,0.0,0.0,0.0,0.0,0.0,0.0
S2u,4,"(1,1,1,1)",7,200000,8486,Brookline Village #4,Brookline,False,0.0,0.0,0.0,0.0,0.0,0.0
S2u,4,"(1,1,1,1)",7,200000,8558,Washington Square #3,Brookline,False,0.0,0.0,0.0,0.0,0.0,0.0
S2u,4,"(1,1,1,1)",7,200000,8419,Brookline Village #5,Brookline,False,0.0,0.0,0.0,0.0,0.0,0.0
S2u,4,"(1,1,1,1)",7,200000,8598,Summit Avenue #4,Brookline,False,0.0,0.0,0.0,0.0,0.0,0.0
S2u,4,"(1,1,1,1)",7,200000,8611,Coolidge Corner #10,Brookline,False,0.0,0.0,0.0,0.0,0.0,0.0
S2u,4,"(1,1,1,1)",7,200000,8555,Tappan Street #2,Brookline,False,0.0,0.0,0.0,0.0,0.0,0.0
S2u,4,"(1,1,1,1)",7,200000,8878,Amory Street #2,Brookline,False,0.0,0.0,0.0,0.0,0.0,0.0
S2u,4,"(1,1,1,1)",7,200000,8411,Brookline Hills #5,Brookline,False,0.0,0.0,0.0,0.0,0.0,0.0
S2u,4,"(1,1,1,1)",7,200000,8255,Chestnut Hill #3,Brookline,False,0.0,0.0,0.0,0.0,0.0,0.0
S2u,4,"(1,1,1,1)",7,200000,8274,Chestnut Hill #4,Brookline,False,0.0,0.0,0.0,0.0,0.0,0.0
S2u,4,"(1,1,1,1)",7,200000,10667,Malden Center #1,Malden,True,0.266035,0.266035,0.0,0.266035,0.70235,0.0009880799025762037
S2u,4,"(1,1,1,1)",7,200000,10682,Malden Center #5,Malden,False,0.0,0.0,0.0,0.0,0.233545,0.0
S2u,4,"(1,1,1,1)",7,200000,10616,Malden Center #2,Malden,True,0.201375,0.201375,0.0,0.201375,0.72095,0.0008967249003317573
S2u,4,"(1,1,1,1)",7,200000,10664,Malden Center #3,Malden,False,0.0,0.0,0.0,0.0,0.25661,0.0
S2u,4,"(1,1,1,1)",7,200000,10665,Malden Center #4,Malden,True,0.04052,0.04052,0.0,0.04052,0.52453,0.00044089754819005286
S2u,4,"(1,1,1,1)",7,200000,10691,Malden Center #9,Malden,False,0.0,0.0,0.0,0.0,0.0,0.0
S2u,4,"(1,1,1,1)",7,200000,10648,Malden Center #6,Malden,False,0.0,0.0,0.0,0.0,0.087665,0.0
S2u,4,"(1,1,1,1)",7,200000,10687,Malden Center #7,Malden,False,0.0,0.0,0.0,0.0,0.0,0.0
S2u,4,"(1,1,1,1)",7,200000,10779,Oak Grove #1,Malden,False,0.0,0.0,0.0,0.0,0.0,0.0
S2u,4,"(1,1,1,1)",7,200000,10771,Oak Grove #2,Malden,False,0.0,0.0,0.0,0.0,0.0,0.0
S2u,4,"(1,1,1,1)",7,200000,10710,Malden Center #10,Malden,False,0.0,0.0,0.0,0.0,0.016565,0.0
S2u,4,"(1,1,1,1)",7,200000,10657,Malden Center #14,Malden,False,0.0,0.0,0.0,0.0,0.0,0.0
S2u,4,"(1,1,1,1)",7,200000,10670,Malden Center #13,Malden,False,0.0,0.0,0.0,0.0,0.0,0.0
S2u,4,"(1,1,1,1)",7,200000,10701,Malden Center #11,Malden,False,0.0,0.0,0.0,0.0,0.0,0.0
S2u,4,"(1,1,1,1)",7,200000,10696,Malden Center #12,Malden,False,0.0,0.0,0.0,0.0,0.0,0.0
S2u,4,"(1,1,1,1)",7,200000,10692,Malden Center #8,Malden,False,0.0,0.0,0.0,0.0,0.0768,0.0
S2u,4,"(1,1,1,1)",7,200000,10676,Malden Center #15,Malden,False,0.0,0.0,0.0,0.0,0.0,0.0
S2u,4,"(1,1,1,1)",7,200000,10618,Malden Center #16,Malden,False,0.0,0.0,0.0,0.0,0.0,0.0
S2u,4,"(1,1,1,1)",7,200000,8128,Eliot #2,Newton,False,0.0,0.0,0.0,0.0,0.0,0.0
S2u,4,"(1,1,1,1)",7,200000,8427,Newton Centre #1,Newton,False,0.0,0.0,0.0,0.0,0.0,0.0
S2u,4,"(1,1,1,1)",7,200000,8298,Chestnut Hill #1,Newton,True,0.0,0.0,0.0,0.0,7.5e-05,0.0
S2u,4,"(1,1,1,1)",7,200000,8165,Eliot #1,Newton,False,0.0,0.0,0.0,0.0,0.0,0.0
S2u,4,"(1,1,1,1)",7,200000,8140,Eliot #5,Newton,False,0.0,0.0,0.0,0.0,0.0,0.0
S2u,4,"(1,1,1,1)",7,200000,8116,Eliot #6,Newton,False,0.0,0.0,0.0,0.0,0.0,0.0
S2u,4,"(1,1,1,1)",7,200000,8205,Newton Highlands #2,Newton,False,0.0,0.0,0.0,0.0,0.0,0.0
S2u,4,"(1,1,1,1)",7,200000,8136,Eliot #3,Newton,False,0.0,0.0,0.0,0.0,0.0,0.0
S2u,4,"(1,1,1,1)",7,200000,8385,Newton Centre #2,Newton,False,0.0,0.0,0.0,0.0,0.0,0.0
S2u,4,"(1,1,1,1)",7,200000,8159,Newton Highlands #1,Newton,False,0.0,0.0,0.0,0.0,0.0,0.0
S2u,4,"(1,1,1,1)",7,200000,8229,Newton Highlands #3,Newton,False,0.0,0.0,0.0,0.0,0.0,0.0
S2u,4,"(1,1,1,1)",7,200000,8175,Eliot #8,Newton,False,0.0,0.0,0.0,0.0,0.0,0.0
S2u,4,"(1,1,1,1)",7,200000,8379,Newton Centre #4,Newton,False,0.0,0.0,0.0,0.0,0.0,0.0
S2u,4,"(1,1,1,1)",7,200000,8341,Waban #1,Newton,False,0.0,0.0,0.0,0.0,0.0,0.0
S2u,4,"(1,1,1,1)",7,200000,8407,Newton Centre #5,Newton,False,0.0,0.0,0.0,0.0,0.0,0.0
S2u,4,"(1,1,1,1)",7,200000,8388,Newton Centre #7,Newton,False,0.0,0.0,0.0,0.0,0.0,0.0
S2u,4,"(1,1,1,1)",7,200000,8500,Newton Centre #10,Newton,False,0.0,0.0,0.0,0.0,0.0,0.0
S2u,4,"(1,1,1,1)",7,200000,8143,Newton Highlands #5,Newton,False,0.0,0.0,0.0,0.0,0.0,0.0
S2u,4,"(1,1,1,1)",7,200000,8408,Newton Centre #9,Newton,False,0.0,0.0,0.0,0.0,0.0,0.0
S2u,4,"(1,1,1,1)",7,200000,8410,Newton Centre #6,Newton,False,0.0,0.0,0.0,0.0,0.0,0.0
S2u,4,"(1,1,1,1)",7,200000,8102,Eliot #4,Newton,False,0.0,0.0,0.0,0.0,0.0,0.0
S2u,4,"(1,1,1,1)",7,200000,8115,Eliot #7,Newton,False,0.0,0.0,0.0,0.0,0.0,0.0
S2u,4,"(1,1,1,1)",7,200000,8418,Newton Centre #8,Newton,False,0.0,0.0,0.0,0.0,0.0,0.0
S2u,4,"(1,1,1,1)",7,200000,8169,Eliot #9,Newton,False,0.0,0.0,0.0,0.0,0.0,0.0
S2u,4,"(1,1,1,1)",7,200000,8214,Newton Highlands #4,Newton,False,0.0,0.0,0.0,0.0,0.0,0.0
S2u,4,"(1,1,1,1)",7,200000,8400,Newton Centre #3,Newton,False,0.0,0.0,0.0,0.0,0.0,0.0
S2u,4,"(1,1,1,1)",7,200000,8213,Newton Highlands #6,Newton,False,0.0,0.0,0.0,0.0,0.0,0.0
S2u,4,"(1,1,1,1)",7,200000,8217,Newton Highlands #7,Newton,False,0.0,0.0,0.0,0.0,0.0,0.0
S2u,4,"(1,1,1,1)",7,200000,8394,Newton Centre #11,Newton,False,0.0,0.0,0.0,0.0,0.0,0.0
S2u,4,"(1,1,1,1)",7,200000,10236,Wellington #1,Medford,False,0.0,0.0,0.0,0.0,0.0,0.0
S2u,4,"(1,1,1,1)",7,200000,10364,Medford/Tufts #1,Medford,False,0.0,0.0,0.0,0.0,0.022195,0.0
S2u,4,"(1,1,1,1)",7,200000,10200,Wellington #2,Medford,False,0.0,0.0,0.0,0.0,0.0,0.0
S2u,4,"(1,1,1,1)",7,200000,10366,Medford/Tufts #2,Medford,False,0.0,0.0,0.0,0.0,0.0,0.0
S2u,4,"(1,1,1,1)",7,200000,10230,Ball Square #5,Medford,False,0.0,0.0,0.0,0.0,0.0,0.0
S2u,4,"(1,1,1,1)",7,200000,10211,Ball Square #2,Medford,False,0.0,0.0,0.0,0.0,0.0,0.0
S2u,4,"(1,1,1,1)",7,200000,10231,Ball Square #7,Medford,False,0.0,0.0,0.0,0.0,0.0,0.0
S2u,4,"(1,1,1,1)",7,200000,10316,Medford/Tufts #3,Medford,False,0.0,0.0,0.0,0.0,0.0,0.0
S2u,4,"(1,1,1,1)",7,200000,10369,Revere Beach #1,Revere,True,0.26033,0.26033,0.0,0.26033,0.38082,0.000981219371751292
S2u,4,"(1,1,1,1)",7,200000,10358,Revere Beach #2,Revere,False,0.0,0.0,0.0,0.0,0.1103,0.0
S2u,4,"(1,1,1,1)",7,200000,10381,Wonderland #1,Revere,True,0.058535,0.058535,0.0,0.058535,0.204155,0.0005249221550620625
S2u,4,"(1,1,1,1)",7,200000,10326,Revere Beach #4,Revere,False,0.0,0.0,0.0,0.0,0.01747,0.0
S2u,4,"(1,1,1,1)",7,200000,10520,Wonderland #2,Revere,False,0.0,0.0,0.0,0.0,0.0,0.0
S2u,4,"(1,1,1,1)",7,200000,10273,Revere Beach #3,Revere,False,0.0,0.0,0.0,0.0,0.041925,0.0
S2u,4,"(1,1,1,1)",7,200000,10281,Revere Beach #5,Revere,False,0.0,0.0,0.0,0.0,0.02173,0.0
S2u,4,"(1,1,1,1)",7,200000,10262,Revere Beach #6,Revere,False,0.0,0.0,0.0,0.0,0.0,0.0
S2u,4,"(1,1,1,1)",7,200000,10285,Revere Beach #7,Revere,False,0.0,0.0,0.0,0.0,0.00203,0.0
S2u,4,"(1,1,1,1)",7,200000,6730,Quincy Center #2,Quincy,False,0.0,0.0,0.0,0.0,1e-05,0.0
S2u,4,"(1,1,1,1)",7,200000,6771,Quincy Center #4,Quincy,False,0.0,0.0,0.0,0.0,0.0,0.0
S2u,4,"(1,1,1,1)",7,200000,6760,Quincy Center #1,Quincy,True,0.0,0.0,0.0,0.0,0.30268,0.0
S2u,4,"(1,1,1,1)",7,200000,6886,Quincy Center #12,Quincy,False,0.0,0.0,0.0,0.0,0.0,0.0
S2u,4,"(1,1,1,1)",7,200000,6782,Quincy Center #3,Quincy,False,0.0,0.0,0.0,0.0,0.0,0.0
S2u,4,"(1,1,1,1)",7,200000,7340,North Quincy #5,Quincy,False,0.0,0.0,0.0,0.0,0.0,0.0
S2u,4,"(1,1,1,1)",7,200000,7424,North Quincy #3,Quincy,False,0.0,0.0,0.0,0.0,0.0,0.0
S2u,4,"(1,1,1,1)",7,200000,7487,North Quincy #1,Quincy,False,0.0,0.0,0.0,0.0,0.0,0.0
S2u,4,"(1,1,1,1)",7,200000,7173,Wollaston #2,Quincy,True,0.0,0.0,0.0,0.0,0.059225,0.0
S2u,4,"(1,1,1,1)",7,200000,7176,Wollaston #5,Quincy,False,0.0,0.0,0.0,0.0,0.0,0.0
S2u,4,"(1,1,1,1)",7,200000,7529,North Quincy #2,Quincy,True,0.0,0.0,0.0,0.0,3e-05,0.0
S2u,4,"(1,1,1,1)",7,200000,6755,Quincy Center #9,Quincy,False,0.0,0.0,0.0,0.0,0.005145,0.0
S2u,4,"(1,1,1,1)",7,200000,7196,Wollaston #3,Quincy,False,0.0,0.0,0.0,0.0,0.0,0.0
S2u,4,"(1,1,1,1)",7,200000,6710,Quincy Center #10,Quincy,False,0.0,0.0,0.0,0.0,0.0,0.0
S2u,4,"(1,1,1,1)",7,200000,6729,Quincy Center #7,Quincy,False,0.0,0.0,0.0,0.0,0.0,0.0
S2u,4,"(1,1,1,1)",7,200000,7300,Wollaston #1,Quincy,True,0.0,0.0,0.0,0.0,0.221695,0.0
S2u,4,"(1,1,1,1)",7,200000,6736,Quincy Center #5,Quincy,False,0.0,0.0,0.0,0.0,0.0,0.0
S2u,4,"(1,1,1,1)",7,200000,7180,Wollaston #4,Quincy,False,0.0,0.0,0.0,0.0,0.0,0.0
S2u,4,"(1,1,1,1)",7,200000,7310,North Quincy #7,Quincy,False,0.0,0.0,0.0,0.0,0.0,0.0
S2u,4,"(1,1,1,1)",7,200000,7346,North Quincy #6,Quincy,False,0.0,0.0,0.0,0.0,0.0,0.0
S2u,4,"(1,1,1,1)",7,200000,6857,Quincy Center #11,Quincy,False,0.0,0.0,0.0,0.0,0.0,0.0
S2u,4,"(1,1,1,1)",7,200000,6472,Quincy Adams #2,Quincy,False,0.0,0.0,0.0,0.0,0.0,0.0
S2u,4,"(1,1,1,1)",7,200000,7329,North Quincy #8,Quincy,False,0.0,0.0,0.0,0.0,0.0,0.0
S2u,4,"(1,1,1,1)",7,200000,7338,North Quincy #4,Quincy,False,0.0,0.0,0.0,0.0,0.0,0.0
S2u,4,"(1,1,1,1)",7,200000,6762,Quincy Center #13,Quincy,False,0.0,0.0,0.0,0.0,0.0,0.0
S2u,4,"(1,1,1,1)",7,200000,7241,North Quincy #9,Quincy,False,0.0,0.0,0.0,0.0,0.0,0.0
S2u,4,"(1,1,1,1)",7,200000,6781,Quincy Center #14,Quincy,False,0.0,0.0,0.0,0.0,0.0,0.0
S2u,4,"(1,1,1,1)",7,200000,7183,Wollaston #8,Quincy,False,0.0,0.0,0.0,0.0,0.0,0.0
S2u,4,"(1,1,1,1)",7,200000,7360,North Quincy #10,Quincy,False,0.0,0.0,0.0,0.0,0.0,0.0
S2u,4,"(1,1,1,1)",7,200000,7163,Wollaston #6,Quincy,False,0.0,0.0,0.0,0.0,0.0,0.0
S2u,4,"(1,1,1,1)",7,200000,6474,Quincy Adams #1,Quincy,True,4.5e-05,4.5e-05,0.0,4.5e-05,0.00228,1.499966249620304e-05
S2u,4,"(1,1,1,1)",7,200000,7088,Wollaston #10,Quincy,False,0.0,0.0,0.0,0.0,0.0,0.0
S2u,4,"(1,1,1,1)",7,200000,6465,Quincy Adams #3,Quincy,False,0.0,0.0,0.0,0.0,0.0,0.0
S2u,4,"(1,1,1,1)",7,200000,7190,Wollaston #7,Quincy,False,0.0,0.0,0.0,0.0,0.0,0.0
S2u,4,"(1,1,1,1)",7,200000,7194,Wollaston #9,Quincy,False,0.0,0.0,0.0,0.0,0.0,0.0
S2u,4,"(1,1,1,1)",7,200000,5973,Braintree #1,Braintree,True,0.101425,0.101425,0.0,0.101425,0.359155,0.0006750480330132071
S2u,4,"(1,1,1,1)",7,200000,6019,Braintree #2,Braintree,False,0.0,0.0,0.0,0.0,0.205795,0.0
S2u,4,"(1,1,1,1)",7,200000,5982,Braintree #5,Braintree,False,0.0,0.0,0.0,0.0,0.0,0.0
S2u,4,"(1,1,1,1)",7,200000,5965,Braintree #4,Braintree,False,0.0,0.0,0.0,0.0,3.5e-05,0.0
S2u,4,"(1,1,1,1)",7,200000,5966,Braintree #3,Braintree,False,0.0,0.0,0.0,0.0,0.0,0.0
S2u,4,"(1,1,1,1)",7,200000,5992,Braintree #7,Braintree,False,0.0,0.0,0.0,0.0,0.0,0.0
S2u,4,"(1,1,1,1)",7,200000,5999,Braintree #6,Braintree,False,0.0,0.0,0.0,0.0,0.0,0.0
S2u,4,"(1,1,1,1)",7,200000,5967,Braintree #8,Braintree,False,0.0,0.0,0.0,0.0,0.0,0.0
S2u,4,"(1,1,1,1)",7,200000,5991,Braintree #9,Braintree,False,0.0,0.0,0.0,0.0,0.0,0.0
S3,4,"(1,1,1,1)",7,200000,9475,East Somerville #1,Somerville,False,0.0,0.0,0.0,0.0,1e-05,0.0
S3,4,"(1,1,1,1)",7,200000,9577,Union Square #1,Somerville,False,0.0,0.0,0.0,0.0,0.0,0.0
S3,4,"(1,1,1,1)",7,200000,9695,Union Square #2,Somerville,False,0.0,0.0,0.0,0.0,0.0,0.0
S3,4,"(1,1,1,1)",7,200000,9766,Porter #2,Somerville,False,0.0,0.0,0.0,0.0,0.0,0.0
S3,4,"(1,1,1,1)",7,200000,9986,Gilman Square #1,Somerville,False,0.0,0.0,0.0,0.0,0.0,0.0
S3,4,"(1,1,1,1)",7,200000,9457,Lechmere #1,Somerville,False,0.0,0.0,0.0,0.0,0.00021,0.0
S3,4,"(1,1,1,1)",7,200000,9588,East Somerville #3,Somerville,False,0.0,0.0,0.0,0.0,0.0,0.0
S3,4,"(1,1,1,1)",7,200000,10038,Davis #1,Somerville,False,0.0,0.0,0.0,0.0,0.0,0.0
S3,4,"(1,1,1,1)",7,200000,9679,Union Square #3,Somerville,False,0.0,0.0,0.0,0.0,0.0,0.0
S3,4,"(1,1,1,1)",7,200000,9653,East Somerville #2,Somerville,False,0.0,0.0,0.0,0.0,0.0,0.0
S3,4,"(1,1,1,1)",7,200000,9620,Union Square #4,Somerville,False,0.0,0.0,0.0,0.0,0.0,0.0
S3,4,"(1,1,1,1)",7,200000,9660,Union Square #9,Somerville,False,0.0,0.0,0.0,0.0,0.0,0.0
S3,4,"(1,1,1,1)",7,200000,9525,Union Square #6,Somerville,False,0.0,0.0,0.0,0.0,0.0,0.0
S3,4,"(1,1,1,1)",7,200000,9471,Union Square #7,Somerville,False,0.0,0.0,0.0,0.0,0.0,0.0
S3,4,"(1,1,1,1)",7,200000,10018,Davis #2,Somerville,False,0.0,0.0,0.0,0.0,0.0,0.0
S3,4,"(1,1,1,1)",7,200000,10040,Davis #5,Somerville,False,0.0,0.0,0.0,0.0,0.0,0.0
S3,4,"(1,1,1,1)",7,200000,9608,Union Square #10,Somerville,False,0.0,0.0,0.0,0.0,0.0,0.0
S3,4,"(1,1,1,1)",7,200000,10034,Davis #3,Somerville,False,0.0,0.0,0.0,0.0,0.0,0.0
S3,4,"(1,1,1,1)",7,200000,9548,East Somerville #5,Somerville,False,0.0,0.0,0.0,0.0,0.0,0.0
S3,4,"(1,1,1,1)",7,200000,9591,Union Square #8,Somerville,False,0.0,0.0,0.0,0.0,0.0,0.0
S3,4,"(1,1,1,1)",7,200000,10021,Davis #8,Somerville,False,0.0,0.0,0.0,0.0,0.0,0.0
S3,4,"(1,1,1,1)",7,200000,9817,Porter #4,Somerville,False,0.0,0.0,0.0,0.0,0.0,0.0
S3,4,"(1,1,1,1)",7,200000,9640,Union Square #11,Somerville,False,0.0,0.0,0.0,0.0,0.0,0.0
S3,4,"(1,1,1,1)",7,200000,10054,Davis #10,Somerville,False,0.0,0.0,0.0,0.0,0.0,0.0
S3,4,"(1,1,1,1)",7,200000,9818,Sullivan Square #3,Somerville,False,0.0,0.0,0.0,0.0,0.0,0.0
S3,4,"(1,1,1,1)",7,200000,9863,Sullivan Square #1,Somerville,True,0.0,0.0,0.0,0.0,0.043565,0.0
S3,4,"(1,1,1,1)",7,200000,9643,Union Square #14,Somerville,False,0.0,0.0,0.0,0.0,0.0,0.0
S3,4,"(1,1,1,1)",7,200000,9667,East Somerville #4,Somerville,False,0.0,0.0,0.0,0.0,0.0,0.0
S3,4,"(1,1,1,1)",7,200000,10006,Gilman Square #2,Somerville,False,0.0,0.0,0.0,0.0,0.0,0.0
S3,4,"(1,1,1,1)",7,200000,9905,Gilman Square #7,Somerville,False,0.0,0.0,0.0,0.0,0.0,0.0
S3,4,"(1,1,1,1)",7,200000,10043,Davis #6,Somerville,False,0.0,0.0,0.0,0.0,0.0,0.0
S3,4,"(1,1,1,1)",7,200000,9810,Sullivan Square #2,Somerville,False,0.0,0.0,0.0,0.0,0.0,0.0
S3,4,"(1,1,1,1)",7,200000,9463,Union Square #15,Somerville,False,0.0,0.0,0.0,0.0,0.0,0.0
S3,4,"(1,1,1,1)",7,200000,10118,Davis #12,Somerville,False,0.0,0.0,0.0,0.0,0.0,0.0
S3,4,"(1,1,1,1)",7,200000,9700,Union Square #19,Somerville,False,0.0,0.0,0.0,0.0,0.0,0.0
S3,4,"(1,1,1,1)",7,200000,9696,Union Square #18,Somerville,False,0.0,0.0,0.0,0.0,0.0,0.0
S3,4,"(1,1,1,1)",7,200000,10042,Davis #15,Somerville,False,0.0,0.0,0.0,0.0,0.0,0.0
S3,4,"(1,1,1,1)",7,200000,10046,Davis #9,Somerville,False,0.0,0.0,0.0,0.0,0.0,0.0
S3,4,"(1,1,1,1)",7,200000,9877,Gilman Square #4,Somerville,False,0.0,0.0,0.0,0.0,0.0,0.0
S3,4,"(1,1,1,1)",7,200000,9639,Union Square #12,Somerville,False,0.0,0.0,0.0,0.0,0.0,0.0
S3,4,"(1,1,1,1)",7,200000,10059,Magoun Square #1,Somerville,False,0.0,0.0,0.0,0.0,0.0,0.0
S3,4,"(1,1,1,1)",7,200000,9850,Gilman Square #11,Somerville,False,0.0,0.0,0.0,0.0,0.0,0.0
S3,4,"(1,1,1,1)",7,200000,10064,Magoun Square #2,Somerville,False,0.0,0.0,0.0,0.0,0.0,0.0
S3,4,"(1,1,1,1)",7,200000,10065,Davis #14,Somerville,False,0.0,0.0,0.0,0.0,0.0,0.0
S3,4,"(1,1,1,1)",7,200000,9842,Sullivan Square #4,Somerville,False,0.0,0.0,0.0,0.0,0.0,0.0
S3,4,"(1,1,1,1)",7,200000,10126,Ball Square #1,Somerville,False,0.0,0.0,0.0,0.0,0.0,0.0
S3,4,"(1,1,1,1)",7,200000,9890,Gilman Square #9,Somerville,False,0.0,0.0,0.0,0.0,0.0,0.0
S3,4,"(1,1,1,1)",7,200000,9989,Gilman Square #3,Somerville,False,0.0,0.0,0.0,0.0,0.0,0.0
S3,4,"(1,1,1,1)",7,200000,10123,Ball Square #3,Somerville,False,0.0,0.0,0.0,0.0,0.0,0.0
S3,4,"(1,1,1,1)",7,200000,9628,East Somerville #6,Somerville,False,0.0,0.0,0.0,0.0,0.0,0.0
S3,4,"(1,1,1,1)",7,200000,9867,Gilman Square #10,Somerville,False,0.0,0.0,0.0,0.0,0.0,0.0
S3,4,"(1,1,1,1)",7,200000,9872,Gilman Square #6,Somerville,False,0.0,0.0,0.0,0.0,0.0,0.0
S3,4,"(1,1,1,1)",7,200000,10143,Ball Square #4,Somerville,False,0.0,0.0,0.0,0.0,0.0,0.0
S3,4,"(1,1,1,1)",7,200000,9976,Gilman Square #5,Somerville,False,0.0,0.0,0.0,0.0,0.0,0.0
S3,4,"(1,1,1,1)",7,200000,9845,Sullivan Square #5,Somerville,False,0.0,0.0,0.0,0.0,0.0,0.0
S3,4,"(1,1,1,1)",7,200000,10031,Magoun Square #3,Somerville,False,0.0,0.0,0.0,0.0,0.0,0.0
S3,4,"(1,1,1,1)",7,200000,10140,Ball Square #6,Somerville,False,0.0,0.0,0.0,0.0,0.0,0.0
S3,4,"(1,1,1,1)",7,200000,9887,Gilman Square #8,Somerville,False,0.0,0.0,0.0,0.0,0.0,0.0
S3,4,"(1,1,1,1)",7,200000,10012,Assembly #4,Somerville,True,0.0,0.0,0.0,0.0,0.0,0.0
S3,4,"(1,1,1,1)",7,200000,9995,Assembly #5,Somerville,False,0.0,0.0,0.0,0.0,0.0,0.0
S3,4,"(1,1,1,1)",7,200000,9921,Porter #1,Cambridge,False,0.0,0.0,0.0,0.0,0.000365,0.0
S3,4,"(1,1,1,1)",7,200000,9427,Union Square #5,Cambridge,False,0.0,0.0,0.0,0.0,0.0,0.0
S3,4,"(1,1,1,1)",7,200000,9397,Harvard #1,Cambridge,True,0.03318,0.03318,0.0,0.03318,0.079815,0.0004004939924643065
S3,4,"(1,1,1,1)",7,200000,9441,Harvard #2,Cambridge,True,0.0,0.0,0.0,0.0,0.05622,0.0
S3,4,"(1,1,1,1)",7,200000,9965,Alewife #1,Cambridge,True,0.0006,0.0006,0.0,0.0006,0.026535,5.475582160830024e-05
S3,4,"(1,1,1,1)",7,200000,9206,Central #2,Cambridge,False,0.0,0.0,0.0,0.0,0.0,0.0
S3,4,"(1,1,1,1)",7,200000,9289,Central #1,Cambridge,True,6.5e-05,6.5e-05,0.0,6.5e-05,0.005375,1.8027170465716465e-05
S3,4,"(1,1,1,1)",7,200000,9325,Harvard #3,Cambridge,True,0.003285,0.003285,0.0,0.003285,0.062705,0.0001279493801274551
S3,4,"(1,1,1,1)",7,200000,9179,Central #3,Cambridge,False,0.0,0.0,0.0,0.0,0.0,0.0
S3,4,"(1,1,1,1)",7,200000,9382,Union Square #20,Cambridge,False,0.0,0.0,0.0,0.0,0.0,0.0
S3,4,"(1,1,1,1)",7,200000,9928,Alewife #2,Cambridge,False,0.0,0.0,0.0,0.0,0.001365,0.0
S3,4,"(1,1,1,1)",7,200000,9768,Porter #3,Cambridge,False,0.0,0.0,0.0,0.0,0.0,0.0
S3,4,"(1,1,1,1)",7,200000,9208,Central #6,Cambridge,False,0.0,0.0,0.0,0.0,0.0,0.0
S3,4,"(1,1,1,1)",7,200000,9168,Central #4,Cambridge,False,0.0,0.0,0.0,0.0,0.0,0.0
S3,4,"(1,1,1,1)",7,200000,9975,Davis #4,Cambridge,False,0.0,0.0,0.0,0.0,0.0,0.0
S3,4,"(1,1,1,1)",7,200000,9278,Lechmere #3,Cambridge,False,0.0,0.0,0.0,0.0,0.0,0.0
S3,4,"(1,1,1,1)",7,200000,9239,Central #7,Cambridge,False,0.0,0.0,0.0,0.0,0.0,0.0
S3,4,"(1,1,1,1)",7,200000,9449,Union Square #17,Cambridge,False,0.0,0.0,0.0,0.0,0.0,0.0
S3,4,"(1,1,1,1)",7,200000,9298,Lechmere #2,Cambridge,False,0.0,0.0,0.0,0.0,0.0,0.0
S3,4,"(1,1,1,1)",7,200000,9895,Porter #6,Cambridge,False,0.0,0.0,0.0,0.0,0.0,0.0
S3,4,"(1,1,1,1)",7,200000,9237,Central #5,Cambridge,False,0.0,0.0,0.0,0.0,5e-06,0.0
S3,4,"(1,1,1,1)",7,200000,9706,Porter #8,Cambridge,False,0.0,0.0,0.0,0.0,0.0,0.0
S3,4,"(1,1,1,1)",7,200000,9447,Harvard #4,Cambridge,True,0.027375,0.027375,0.0,0.027375,0.05735,0.0003648671633279706
S3,4,"(1,1,1,1)",7,200000,9862,Porter #9,Cambridge,False,0.0,0.0,0.0,0.0,0.0,0.0
S3,4,"(1,1,1,1)",7,200000,9406,Union Square #13,Cambridge,False,0.0,0.0,0.0,0.0,0.0,0.0
S3,4,"(1,1,1,1)",7,200000,10017,Davis #13,Cambridge,False,0.0,0.0,0.0,0.0,0.0,0.0
S3,4,"(1,1,1,1)",7,200000,10015,Davis #11,Cambridge,False,0.0,0.0,0.0,0.0,0.0,0.0
S3,4,"(1,1,1,1)",7,200000,10116,Davis #7,Cambridge,False,0.0,0.0,0.0,0.0,0.0,0.0
S3,4,"(1,1,1,1)",7,200000,9808,Porter #5,Cambridge,False,0.0,0.0,0.0,0.0,0.0,0.0
S3,4,"(1,1,1,1)",7,200000,9438,Union Square #16,Cambridge,False,0.0,0.0,0.0,0.0,0.0,0.0
S3,4,"(1,1,1,1)",7,200000,9919,Porter #7,Cambridge,False,0.0,0.0,0.0,0.0,0.0,0.0
S3,4,"(1,1,1,1)",7,200000,9957,Porter #10,Cambridge,False,0.0,0.0,0.0,0.0,0.0,0.0
S3,4,"(1,1,1,1)",7,200000,9704,Porter #11,Cambridge,False,0.0,0.0,0.0,0.0,0.0,0.0
S3,4,"(1,1,1,1)",7,200000,9784,Porter #12,Cambridge,False,0.0,0.0,0.0,0.0,0.0,0.0
S3,4,"(1,1,1,1)",7,200000,10060,Davis #16,Cambridge,False,0.0,0.0,0.0,0.0,0.0,0.0
S3,4,"(1,1,1,1)",7,200000,8547,Coolidge Corner #1,Brookline,False,0.0,0.0,0.0,0.0,0.0,0.0
S3,4,"(1,1,1,1)",7,200000,8787,Harvard Avenue #1,Brookline,False,0.0,0.0,0.0,0.0,0.05605,0.0
S3,4,"(1,1,1,1)",7,200000,8527,Brookline Village #2,Brookline,False,0.0,0.0,0.0,0.0,0.0,0.0
S3,4,"(1,1,1,1)",7,200000,8650,Coolidge Corner #4,Brookline,False,0.0,0.0,0.0,0.0,0.0,0.0
S3,4,"(1,1,1,1)",7,200000,8640,Coolidge Corner #3,Brookline,False,0.0,0.0,0.0,0.0,0.0,0.0
S3,4,"(1,1,1,1)",7,200000,8568,Washington Square #1,Brookline,False,0.0,0.0,0.0,0.0,0.0,0.0
S3,4,"(1,1,1,1)",7,200000,8539,Tappan Street #1,Brookline,False,0.0,0.0,0.0,0.0,0.0,0.0
S3,4,"(1,1,1,1)",7,200000,8466,Brookline Village #3,Brookline,False,0.0,0.0,0.0,0.0,0.0,0.0
S3,4,"(1,1,1,1)",7,200000,8865,Amory Street #1,Brookline,False,0.0,0.0,0.0,0.0,0.01655,0.0
S3,4,"(1,1,1,1)",7,200000,8704,Saint Mary's Street #1,Brookline,False,0.0,0.0,0.0,0.0,0.0,0.0
S3,4,"(1,1,1,1)",7,200000,8452,Brookline Village #1,Brookline,False,0.0,0.0,0.0,0.0,0.0,0.0
S3,4,"(1,1,1,1)",7,200000,8617,Coolidge Corner #2,Brookline,False,0.0,0.0,0.0,0.0,0.0,0.0
S3,4,"(1,1,1,1)",7,200000,8624,Coolidge Corner #12,Brookline,False,0.0,0.0,0.0,0.0,0.0,0.0
S3,4,"(1,1,1,1)",7,200000,8728,Harvard Avenue #2,Brookline,False,0.0,0.0,0.0,0.0,8.5e-05,0.0
S3,4,"(1,1,1,1)",7,200000,8902,Babcock Street #1,Brookline,False,0.0,0.0,0.0,0.0,0.0,0.0
S3,4,"(1,1,1,1)",7,200000,8708,Saint Mary's Street #2,Brookline,False,0.0,0.0,0.0,0.0,0.0,0.0
S3,4,"(1,1,1,1)",7,200000,8553,Washington Square #2,Brookline,False,0.0,0.0,0.0,0.0,0.0,0.0
S3,4,"(1,1,1,1)",7,200000,8487,Brookline Hills #4,Brookline,False,0.0,0.0,0.0,0.0,0.0,0.0
S3,4,"(1,1,1,1)",7,200000,8647,Coolidge Corner #8,Brookline,False,0.0,0.0,0.0,0.0,0.0,0.0
S3,4,"(1,1,1,1)",7,200000,8593,Coolidge Corner #9,Brookline,False,0.0,0.0,0.0,0.0,0.0,0.0
S3,4,"(1,1,1,1)",7,200000,8672,Summit Avenue #1,Brookline,False,0.0,0.0,0.0,0.0,0.0,0.0
S3,4,"(1,1,1,1)",7,200000,8399,Brookline Hills #2,Brookline,False,0.0,0.0,0.0,0.0,0.0,0.0
S3,4,"(1,1,1,1)",7,200000,8281,Chestnut Hill #2,Brookline,False,0.0,0.0,0.0,0.0,0.0,0.0
S3,4,"(1,1,1,1)",7,200000,8476,Brookline Hills #1,Brookline,False,0.0,0.0,0.0,0.0,0.0,0.0
S3,4,"(1,1,1,1)",7,200000,8626,Coolidge Corner #5,Brookline,False,0.0,0.0,0.0,0.0,0.0,0.0
S3,4,"(1,1,1,1)",7,200000,8685,Saint Mary's Street #3,Brookline,False,0.0,0.0,0.0,0.0,0.0,0.0
S3,4,"(1,1,1,1)",7,200000,8596,Summit Avenue #2,Brookline,False,0.0,0.0,0.0,0.0,0.0,0.0
S3,4,"(1,1,1,1)",7,200000,8657,Coolidge Corner #7,Brookline,False,0.0,0.0,0.0,0.0,0.0,0.0
S3,4,"(1,1,1,1)",7,200000,8575,Washington Square #4,Brookline,False,0.0,0.0,0.0,0.0,0.0,0.0
S3,4,"(1,1,1,1)",7,200000,8383,Brookline Hills #3,Brookline,False,0.0,0.0,0.0,0.0,0.0,0.0
S3,4,"(1,1,1,1)",7,200000,8680,Summit Avenue #3,Brookline,False,0.0,0.0,0.0,0.0,0.0,0.0
S3,4,"(1,1,1,1)",7,200000,8649,Coolidge Corner #6,Brookline,False,0.0,0.0,0.0,0.0,0.0,0.0
S3,4,"(1,1,1,1)",7,200000,8600,Coolidge Corner #11,Brookline,False,0.0,0.0,0.0,0.0,0.0,0.0
S3,4,"(1,1,1,1)",7,200000,8486,Brookline Village #4,Brookline,False,0.0,0.0,0.0,0.0,0.0,0.0
S3,4,"(1,1,1,1)",7,200000,8558,Washington Square #3,Brookline,False,0.0,0.0,0.0,0.0,0.0,0.0
S3,4,"(1,1,1,1)",7,200000,8419,Brookline Village #5,Brookline,False,0.0,0.0,0.0,0.0,0.0,0.0
S3,4,"(1,1,1,1)",7,200000,8598,Summit Avenue #4,Brookline,False,0.0,0.0,0.0,0.0,0.0,0.0
S3,4,"(1,1,1,1)",7,200000,8611,Coolidge Corner #10,Brookline,False,0.0,0.0,0.0,0.0,0.0,0.0
S3,4,"(1,1,1,1)",7,200000,8555,Tappan Street #2,Brookline,False,0.0,0.0,0.0,0.0,0.0,0.0
S3,4,"(1,1,1,1)",7,200000,8878,Amory Street #2,Brookline,False,0.0,0.0,0.0,0.0,0.0,0.0
S3,4,"(1,1,1,1)",7,200000,8411,Brookline Hills #5,Brookline,False,0.0,0.0,0.0,0.0,0.0,0.0
S3,4,"(1,1,1,1)",7,200000,8255,Chestnut Hill #3,Brookline,False,0.0,0.0,0.0,0.0,0.0,0.0
S3,4,"(1,1,1,1)",7,200000,8274,Chestnut Hill #4,Brookline,False,0.0,0.0,0.0,0.0,0.0,0.0
S3,4,"(1,1,1,1)",7,200000,10667,Malden Center #1,Malden,True,0.267875,0.267875,0.0,0.267875,0.692575,0.0009902474043768051
S3,4,"(1,1,1,1)",7,200000,10682,Malden Center #5,Malden,False,0.0,0.0,0.0,0.0,0.248255,0.0
S3,4,"(1,1,1,1)",7,200000,10616,Malden Center #2,Malden,True,0.20111,0.20111,0.0,0.20111,0.7093,0.0008962833477756908
S3,4,"(1,1,1,1)",7,200000,10664,Malden Center #3,Malden,False,0.0,0.0,0.0,0.0,0.262305,0.0
S3,4,"(1,1,1,1)",7,200000,10665,Malden Center #4,Malden,True,0.042445,0.042445,0.0,0.042445,0.524705,0.00045079608458259706
S3,4,"(1,1,1,1)",7,200000,10691,Malden Center #9,Malden,False,0.0,0.0,0.0,0.0,0.0,0.0
S3,4,"(1,1,1,1)",7,200000,10648,Malden Center #6,Malden,False,0.0,0.0,0.0,0.0,0.092065,0.0
S3,4,"(1,1,1,1)",7,200000,10687,Malden Center #7,Malden,False,0.0,0.0,0.0,0.0,0.0,0.0
S3,4,"(1,1,1,1)",7,200000,10779,Oak Grove #1,Malden,False,0.0,0.0,0.0,0.0,0.0,0.0
S3,4,"(1,1,1,1)",7,200000,10771,Oak Grove #2,Malden,False,0.0,0.0,0.0,0.0,0.0,0.0
S3,4,"(1,1,1,1)",7,200000,10710,Malden Center #10,Malden,False,0.0,0.0,0.0,0.0,0.0176,0.0
S3,4,"(1,1,1,1)",7,200000,10657,Malden Center #14,Malden,False,0.0,0.0,0.0,0.0,0.0,0.0
S3,4,"(1,1,1,1)",7,200000,10670,Malden Center #13,Malden,False,0.0,0.0,0.0,0.0,0.0,0.0
S3,4,"(1,1,1,1)",7,200000,10701,Malden Center #11,Malden,False,0.0,0.0,0.0,0.0,0.0,0.0
S3,4,"(1,1,1,1)",7,200000,10696,Malden Center #12,Malden,False,0.0,0.0,0.0,0.0,0.0,0.0
S3,4,"(1,1,1,1)",7,200000,10692,Malden Center #8,Malden,False,0.0,0.0,0.0,0.0,0.078275,0.0
S3,4,"(1,1,1,1)",7,200000,10676,Malden Center #15,Malden,False,0.0,0.0,0.0,0.0,0.0,0.0
S3,4,"(1,1,1,1)",7,200000,10618,Malden Center #16,Malden,False,0.0,0.0,0.0,0.0,0.0,0.0
S3,4,"(1,1,1,1)",7,200000,8128,Eliot #2,Newton,False,0.0,0.0,0.0,0.0,0.0,0.0
S3,4,"(1,1,1,1)",7,200000,8427,Newton Centre #1,Newton,False,0.0,0.0,0.0,0.0,0.0,0.0
S3,4,"(1,1,1,1)",7,200000,8298,Chestnut Hill #1,Newton,True,0.0,0.0,0.0,0.0,7.5e-05,0.0
S3,4,"(1,1,1,1)",7,200000,8165,Eliot #1,Newton,False,0.0,0.0,0.0,0.0,0.0,0.0
S3,4,"(1,1,1,1)",7,200000,8140,Eliot #5,Newton,False,0.0,0.0,0.0,0.0,0.0,0.0
S3,4,"(1,1,1,1)",7,200000,8116,Eliot #6,Newton,False,0.0,0.0,0.0,0.0,0.0,0.0
S3,4,"(1,1,1,1)",7,200000,8205,Newton Highlands #2,Newton,False,0.0,0.0,0.0,0.0,0.0,0.0
S3,4,"(1,1,1,1)",7,200000,8136,Eliot #3,Newton,False,0.0,0.0,0.0,0.0,0.0,0.0
S3,4,"(1,1,1,1)",7,200000,8385,Newton Centre #2,Newton,False,0.0,0.0,0.0,0.0,0.0,0.0
S3,4,"(1,1,1,1)",7,200000,8159,Newton Highlands #1,Newton,False,0.0,0.0,0.0,0.0,0.0,0.0
S3,4,"(1,1,1,1)",7,200000,8229,Newton Highlands #3,Newton,False,0.0,0.0,0.0,0.0,0.0,0.0
S3,4,"(1,1,1,1)",7,200000,8175,Eliot #8,Newton,False,0.0,0.0,0.0,0.0,0.0,0.0
S3,4,"(1,1,1,1)",7,200000,8379,Newton Centre #4,Newton,False,0.0,0.0,0.0,0.0,0.0,0.0
S3,4,"(1,1,1,1)",7,200000,8341,Waban #1,Newton,False,0.0,0.0,0.0,0.0,0.0,0.0
S3,4,"(1,1,1,1)",7,200000,8407,Newton Centre #5,Newton,False,0.0,0.0,0.0,0.0,0.0,0.0
S3,4,"(1,1,1,1)",7,200000,8388,Newton Centre #7,Newton,False,0.0,0.0,0.0,0.0,0.0,0.0
S3,4,"(1,1,1,1)",7,200000,8500,Newton Centre #10,Newton,False,0.0,0.0,0.0,0.0,0.0,0.0
S3,4,"(1,1,1,1)",7,200000,8143,Newton Highlands #5,Newton,False,0.0,0.0,0.0,0.0,0.0,0.0
S3,4,"(1,1,1,1)",7,200000,8408,Newton Centre #9,Newton,False,0.0,0.0,0.0,0.0,0.0,0.0
S3,4,"(1,1,1,1)",7,200000,8410,Newton Centre #6,Newton,False,0.0,0.0,0.0,0.0,0.0,0.0
S3,4,"(1,1,1,1)",7,200000,8102,Eliot #4,Newton,False,0.0,0.0,0.0,0.0,0.0,0.0
S3,4,"(1,1,1,1)",7,200000,8115,Eliot #7,Newton,False,0.0,0.0,0.0,0.0,0.0,0.0
S3,4,"(1,1,1,1)",7,200000,8418,Newton Centre #8,Newton,False,0.0,0.0,0.0,0.0,0.0,0.0
S3,4,"(1,1,1,1)",7,200000,8169,Eliot #9,Newton,False,0.0,0.0,0.0,0.0,0.0,0.0
S3,4,"(1,1,1,1)",7,200000,8214,Newton Highlands #4,Newton,False,0.0,0.0,0.0,0.0,0.0,0.0
S3,4,"(1,1,1,1)",7,200000,8400,Newton Centre #3,Newton,False,0.0,0.0,0.0,0.0,0.0,0.0
S3,4,"(1,1,1,1)",7,200000,8213,Newton Highlands #6,Newton,False,0.0,0.0,0.0,0.0,0.0,0.0
S3,4,"(1,1,1,1)",7,200000,8217,Newton Highlands #7,Newton,False,0.0,0.0,0.0,0.0,0.0,0.0
S3,4,"(1,1,1,1)",7,200000,8394,Newton Centre #11,Newton,False,0.0,0.0,0.0,0.0,0.0,0.0
S3,4,"(1,1,1,1)",7,200000,10236,Wellington #1,Medford,False,0.0,0.0,0.0,0.0,0.0,0.0
S3,4,"(1,1,1,1)",7,200000,10364,Medford/Tufts #1,Medford,False,0.0,0.0,0.0,0.0,0.027765,0.0
S3,4,"(1,1,1,1)",7,200000,10200,Wellington #2,Medford,False,0.0,0.0,0.0,0.0,0.0,0.0
S3,4,"(1,1,1,1)",7,200000,10366,Medford/Tufts #2,Medford,False,0.0,0.0,0.0,0.0,0.0,0.0
S3,4,"(1,1,1,1)",7,200000,10230,Ball Square #5,Medford,False,0.0,0.0,0.0,0.0,0.0,0.0
S3,4,"(1,1,1,1)",7,200000,10211,Ball Square #2,Medford,False,0.0,0.0,0.0,0.0,0.0,0.0
S3,4,"(1,1,1,1)",7,200000,10231,Ball Square #7,Medford,False,0.0,0.0,0.0,0.0,0.0,0.0
S3,4,"(1,1,1,1)",7,200000,10316,Medford/Tufts #3,Medford,False,0.0,0.0,0.0,0.0,0.0,0.0
S3,4,"(1,1,1,1)",7,200000,10369,Revere Beach #1,Revere,True,0.26098,0.26098,0.0,0.26098,0.384495,0.0009820118115379264
S3,4,"(1,1,1,1)",7,200000,10358,Revere Beach #2,Revere,False,0.0,0.0,0.0,0.0,0.113815,0.0
S3,4,"(1,1,1,1)",7,200000,10381,Wonderland #1,Revere,True,0.063445,0.063445,0.0,0.063445,0.2148,0.0005450675736777964
S3,4,"(1,1,1,1)",7,200000,10326,Revere Beach #4,Revere,False,0.0,0.0,0.0,0.0,0.014375,0.0
S3,4,"(1,1,1,1)",7,200000,10520,Wonderland #2,Revere,False,0.0,0.0,0.0,0.0,0.0,0.0
S3,4,"(1,1,1,1)",7,200000,10273,Revere Beach #3,Revere,False,0.0,0.0,0.0,0.0,0.04217,0.0
S3,4,"(1,1,1,1)",7,200000,10281,Revere Beach #5,Revere,False,0.0,0.0,0.0,0.0,0.021815,0.0
S3,4,"(1,1,1,1)",7,200000,10262,Revere Beach #6,Revere,False,0.0,0.0,0.0,0.0,0.0,0.0
S3,4,"(1,1,1,1)",7,200000,10285,Revere Beach #7,Revere,False,0.0,0.0,0.0,0.0,0.00195,0.0
S3,4,"(1,1,1,1)",7,200000,6730,Quincy Center #2,Quincy,False,0.0,0.0,0.0,0.0,0.0,0.0
S3,4,"(1,1,1,1)",7,200000,6771,Quincy Center #4,Quincy,False,0.0,0.0,0.0,0.0,0.0,0.0
S3,4,"(1,1,1,1)",7,200000,6760,Quincy Center #1,Quincy,True,0.0,0.0,0.0,0.0,0.29245,0.0
S3,4,"(1,1,1,1)",7,200000,6886,Quincy Center #12,Quincy,False,0.0,0.0,0.0,0.0,0.0,0.0
S3,4,"(1,1,1,1)",7,200000,6782,Quincy Center #3,Quincy,False,0.0,0.0,0.0,0.0,0.0,0.0
S3,4,"(1,1,1,1)",7,200000,7340,North Quincy #5,Quincy,False,0.0,0.0,0.0,0.0,0.0,0.0
S3,4,"(1,1,1,1)",7,200000,7424,North Quincy #3,Quincy,False,0.0,0.0,0.0,0.0,0.0,0.0
S3,4,"(1,1,1,1)",7,200000,7487,North Quincy #1,Quincy,False,0.0,0.0,0.0,0.0,0.0,0.0
S3,4,"(1,1,1,1)",7,200000,7173,Wollaston #2,Quincy,True,0.0,0.0,0.0,0.0,0.0607,0.0
S3,4,"(1,1,1,1)",7,200000,7176,Wollaston #5,Quincy,False,0.0,0.0,0.0,0.0,0.0,0.0
S3,4,"(1,1,1,1)",7,200000,7529,North Quincy #2,Quincy,True,0.0,0.0,0.0,0.0,2e-05,0.0
S3,4,"(1,1,1,1)",7,200000,6755,Quincy Center #9,Quincy,False,0.0,0.0,0.0,0.0,0.004245,0.0
S3,4,"(1,1,1,1)",7,200000,7196,Wollaston #3,Quincy,False,0.0,0.0,0.0,0.0,0.0,0.0
S3,4,"(1,1,1,1)",7,200000,6710,Quincy Center #10,Quincy,False,0.0,0.0,0.0,0.0,0.0,0.0
S3,4,"(1,1,1,1)",7,200000,6729,Quincy Center #7,Quincy,False,0.0,0.0,0.0,0.0,0.0,0.0
S3,4,"(1,1,1,1)",7,200000,7300,Wollaston #1,Quincy,True,0.0,0.0,0.0,0.0,0.22084,0.0
S3,4,"(1,1,1,1)",7,200000,6736,Quincy Center #5,Quincy,False,0.0,0.0,0.0,0.0,0.0,0.0
S3,4,"(1,1,1,1)",7,200000,7180,Wollaston #4,Quincy,False,0.0,0.0,0.0,0.0,0.0,0.0
S3,4,"(1,1,1,1)",7,200000,7310,North Quincy #7,Quincy,False,0.0,0.0,0.0,0.0,0.0,0.0
S3,4,"(1,1,1,1)",7,200000,7346,North Quincy #6,Quincy,False,0.0,0.0,0.0,0.0,0.0,0.0
S3,4,"(1,1,1,1)",7,200000,6857,Quincy Center #11,Quincy,False,0.0,0.0,0.0,0.0,0.0,0.0
S3,4,"(1,1,1,1)",7,200000,6472,Quincy Adams #2,Quincy,False,0.0,0.0,0.0,0.0,0.0,0.0
S3,4,"(1,1,1,1)",7,200000,7329,North Quincy #8,Quincy,False,0.0,0.0,0.0,0.0,0.0,0.0
S3,4,"(1,1,1,1)",7,200000,7338,North Quincy #4,Quincy,False,0.0,0.0,0.0,0.0,0.0,0.0
S3,4,"(1,1,1,1)",7,200000,6762,Quincy Center #13,Quincy,False,0.0,0.0,0.0,0.0,0.0,0.0
S3,4,"(1,1,1,1)",7,200000,7241,North Quincy #9,Quincy,False,0.0,0.0,0.0,0.0,0.0,0.0
S3,4,"(1,1,1,1)",7,200000,6781,Quincy Center #14,Quincy,False,0.0,0.0,0.0,0.0,0.0,0.0
S3,4,"(1,1,1,1)",7,200000,7183,Wollaston #8,Quincy,False,0.0,0.0,0.0,0.0,0.0,0.0
S3,4,"(1,1,1,1)",7,200000,7360,North Quincy #10,Quincy,False,0.0,0.0,0.0,0.0,0.0,0.0
S3,4,"(1,1,1,1)",7,200000,7163,Wollaston #6,Quincy,False,0.0,0.0,0.0,0.0,0.0,0.0
S3,4,"(1,1,1,1)",7,200000,6474,Quincy Adams #1,Quincy,True,4.5e-05,4.5e-05,0.0,4.5e-05,0.00232,1.499966249620304e-05
S3,4,"(1,1,1,1)",7,200000,7088,Wollaston #10,Quincy,False,0.0,0.0,0.0,0.0,0.0,0.0
S3,4,"(1,1,1,1)",7,200000,6465,Quincy Adams #3,Quincy,False,0.0,0.0,0.0,0.0,0.0,0.0
S3,4,"(1,1,1,1)",7,200000,7190,Wollaston #7,Quincy,False,0.0,0.0,0.0,0.0,0.0,0.0
S3,4,"(1,1,1,1)",7,200000,7194,Wollaston #9,Quincy,False,0.0,0.0,0.0,0.0,0.0,0.0
S3,4,"(1,1,1,1)",7,200000,5973,Braintree #1,Braintree,True,0.099595,0.099595,0.0,0.099595,0.357635,0.000669611215463869
S3,4,"(1,1,1,1)",7,200000,6019,Braintree #2,Braintree,False,0.0,0.0,0.0,0.0,0.209195,0.0
S3,4,"(1,1,1,1)",7,200000,5982,Braintree #5,Braintree,False,0.0,0.0,0.0,0.0,0.0,0.0
S3,4,"(1,1,1,1)",7,200000,5965,Braintree #4,Braintree,False,0.0,0.0,0.0,0.0,5e-05,0.0
S3,4,"(1,1,1,1)",7,200000,5966,Braintree #3,Braintree,False,0.0,0.0,0.0,0.0,0.0,0.0
S3,4,"(1,1,1,1)",7,200000,5992,Braintree #7,Braintree,False,0.0,0.0,0.0,0.0,0.0,0.0
S3,4,"(1,1,1,1)",7,200000,5999,Braintree #6,Braintree,False,0.0,0.0,0.0,0.0,0.0,0.0
S3,4,"(1,1,1,1)",7,200000,5967,Braintree #8,Braintree,False,0.0,0.0,0.0,0.0,0.0,0.0
S3,4,"(1,1,1,1)",7,200000,5991,Braintree #9,Braintree,False,0.0,0.0,0.0,0.0,0.0,0.0
K3,4,"(1,1,1,1)",7,200000,9475,East Somerville #1,Somerville,False,0.0,0.0,0.0,0.0,1e-05,0.0
K3,4,"(1,1,1,1)",7,200000,9577,Union Square #1,Somerville,False,0.0,0.0,0.0,0.0,0.0,0.0
K3,4,"(1,1,1,1)",7,200000,9967,Assembly #1,Somerville,True,3.25e-05,0.0,6.5e-05,6.5e-05,0.04221,1.2747341634631119e-05
K3,4,"(1,1,1,1)",7,200000,9695,Union Square #2,Somerville,False,0.0,0.0,0.0,0.0,0.0,0.0
K3,4,"(1,1,1,1)",7,200000,9766,Porter #2,Somerville,False,0.0,0.0,0.0,0.0,0.0,0.0
K3,4,"(1,1,1,1)",7,200000,9986,Gilman Square #1,Somerville,False,0.0,0.0,0.0,0.0,0.0,0.0
K3,4,"(1,1,1,1)",7,200000,9949,Assembly #3,Somerville,False,0.0,0.0,0.0,0.0,0.006965,0.0
K3,4,"(1,1,1,1)",7,200000,9457,Lechmere #1,Somerville,False,0.0,0.0,0.0,0.0,0.0,0.0
K3,4,"(1,1,1,1)",7,200000,9588,East Somerville #3,Somerville,False,0.0,0.0,0.0,0.0,0.0,0.0
K3,4,"(1,1,1,1)",7,200000,10038,Davis #1,Somerville,False,0.0,0.0,0.0,0.0,0.0,0.0
K3,4,"(1,1,1,1)",7,200000,9679,Union Square #3,Somerville,False,0.0,0.0,0.0,0.0,0.0,0.0
K3,4,"(1,1,1,1)",7,200000,9971,Assembly #2,Somerville,True,3.25e-05,0.0,6.5e-05,0.0,0.04221,1.2747341634631119e-05
K3,4,"(1,1,1,1)",7,200000,9653,East Somerville #2,Somerville,False,0.0,0.0,0.0,0.0,0.0,0.0
K3,4,"(1,1,1,1)",7,200000,9620,Union Square #4,Somerville,False,0.0,0.0,0.0,0.0,0.0,0.0
K3,4,"(1,1,1,1)",7,200000,9660,Union Square #9,Somerville,False,0.0,0.0,0.0,0.0,0.0,0.0
K3,4,"(1,1,1,1)",7,200000,9525,Union Square #6,Somerville,False,0.0,0.0,0.0,0.0,0.0,0.0
K3,4,"(1,1,1,1)",7,200000,9471,Union Square #7,Somerville,False,0.0,0.0,0.0,0.0,0.0,0.0
K3,4,"(1,1,1,1)",7,200000,10018,Davis #2,Somerville,False,0.0,0.0,0.0,0.0,0.0,0.0
K3,4,"(1,1,1,1)",7,200000,10040,Davis #5,Somerville,False,0.0,0.0,0.0,0.0,0.0,0.0
K3,4,"(1,1,1,1)",7,200000,9608,Union Square #10,Somerville,False,0.0,0.0,0.0,0.0,0.0,0.0
K3,4,"(1,1,1,1)",7,200000,10034,Davis #3,Somerville,False,0.0,0.0,0.0,0.0,0.0,0.0
K3,4,"(1,1,1,1)",7,200000,9548,East Somerville #5,Somerville,False,0.0,0.0,0.0,0.0,0.0,0.0
K3,4,"(1,1,1,1)",7,200000,9591,Union Square #8,Somerville,False,0.0,0.0,0.0,0.0,0.0,0.0
K3,4,"(1,1,1,1)",7,200000,10021,Davis #8,Somerville,False,0.0,0.0,0.0,0.0,0.0,0.0
K3,4,"(1,1,1,1)",7,200000,9817,Porter #4,Somerville,False,0.0,0.0,0.0,0.0,0.0,0.0
K3,4,"(1,1,1,1)",7,200000,9640,Union Square #11,Somerville,False,0.0,0.0,0.0,0.0,0.0,0.0
K3,4,"(1,1,1,1)",7,200000,10054,Davis #10,Somerville,False,0.0,0.0,0.0,0.0,0.0,0.0
K3,4,"(1,1,1,1)",7,200000,9818,Sullivan Square #3,Somerville,False,0.0,0.0,0.0,0.0,0.0,0.0
K3,4,"(1,1,1,1)",7,200000,9863,Sullivan Square #1,Somerville,True,0.0,0.0,0.0,0.0,0.04729,0.0
K3,4,"(1,1,1,1)",7,200000,9643,Union Square #14,Somerville,False,0.0,0.0,0.0,0.0,0.0,0.0
K3,4,"(1,1,1,1)",7,200000,9667,East Somerville #4,Somerville,False,0.0,0.0,0.0,0.0,0.0,0.0
K3,4,"(1,1,1,1)",7,200000,10006,Gilman Square #2,Somerville,False,0.0,0.0,0.0,0.0,0.0,0.0
K3,4,"(1,1,1,1)",7,200000,9905,Gilman Square #7,Somerville,False,0.0,0.0,0.0,0.0,0.0,0.0
K3,4,"(1,1,1,1)",7,200000,10043,Davis #6,Somerville,False,0.0,0.0,0.0,0.0,0.0,0.0
K3,4,"(1,1,1,1)",7,200000,9810,Sullivan Square #2,Somerville,False,0.0,0.0,0.0,0.0,0.0,0.0
K3,4,"(1,1,1,1)",7,200000,9463,Union Square #15,Somerville,False,0.0,0.0,0.0,0.0,0.0,0.0
K3,4,"(1,1,1,1)",7,200000,10118,Davis #12,Somerville,False,0.0,0.0,0.0,0.0,0.0,0.0
K3,4,"(1,1,1,1)",7,200000,9700,Union Square #19,Somerville,False,0.0,0.0,0.0,0.0,0.0,0.0
K3,4,"(1,1,1,1)",7,200000,9696,Union Square #18,Somerville,False,0.0,0.0,0.0,0.0,0.0,0.0
K3,4,"(1,1,1,1)",7,200000,10042,Davis #15,Somerville,False,0.0,0.0,0.0,0.0,0.0,0.0
K3,4,"(1,1,1,1)",7,200000,10046,Davis #9,Somerville,False,0.0,0.0,0.0,0.0,0.0,0.0
K3,4,"(1,1,1,1)",7,200000,9877,Gilman Square #4,Somerville,False,0.0,0.0,0.0,0.0,0.0,0.0
K3,4,"(1,1,1,1)",7,200000,9639,Union Square #12,Somerville,False,0.0,0.0,0.0,0.0,0.0,0.0
K3,4,"(1,1,1,1)",7,200000,10059,Magoun Square #1,Somerville,False,0.0,0.0,0.0,0.0,0.0,0.0
K3,4,"(1,1,1,1)",7,200000,9850,Gilman Square #11,Somerville,False,0.0,0.0,0.0,0.0,0.0,0.0
K3,4,"(1,1,1,1)",7,200000,10064,Magoun Square #2,Somerville,False,0.0,0.0,0.0,0.0,0.0,0.0
K3,4,"(1,1,1,1)",7,200000,10065,Davis #14,Somerville,False,0.0,0.0,0.0,0.0,0.0,0.0
K3,4,"(1,1,1,1)",7,200000,9842,Sullivan Square #4,Somerville,False,0.0,0.0,0.0,0.0,0.0,0.0
K3,4,"(1,1,1,1)",7,200000,10126,Ball Square #1,Somerville,False,0.0,0.0,0.0,0.0,0.0,0.0
K3,4,"(1,1,1,1)",7,200000,9890,Gilman Square #9,Somerville,False,0.0,0.0,0.0,0.0,0.0,0.0
K3,4,"(1,1,1,1)",7,200000,9989,Gilman Square #3,Somerville,False,0.0,0.0,0.0,0.0,0.0,0.0
K3,4,"(1,1,1,1)",7,200000,10123,Ball Square #3,Somerville,False,0.0,0.0,0.0,0.0,0.0,0.0
K3,4,"(1,1,1,1)",7,200000,9628,East Somerville #6,Somerville,False,0.0,0.0,0.0,0.0,0.0,0.0
K3,4,"(1,1,1,1)",7,200000,9867,Gilman Square #10,Somerville,False,0.0,0.0,0.0,0.0,0.0,0.0
K3,4,"(1,1,1,1)",7,200000,9872,Gilman Square #6,Somerville,False,0.0,0.0,0.0,0.0,0.0,0.0
K3,4,"(1,1,1,1)",7,200000,10143,Ball Square #4,Somerville,False,0.0,0.0,0.0,0.0,0.0,0.0
K3,4,"(1,1,1,1)",7,200000,9976,Gilman Square #5,Somerville,False,0.0,0.0,0.0,0.0,0.0,0.0
K3,4,"(1,1,1,1)",7,200000,9845,Sullivan Square #5,Somerville,False,0.0,0.0,0.0,0.0,0.0,0.0
K3,4,"(1,1,1,1)",7,200000,10031,Magoun Square #3,Somerville,False,0.0,0.0,0.0,0.0,0.0,0.0
K3,4,"(1,1,1,1)",7,200000,10140,Ball Square #6,Somerville,False,0.0,0.0,0.0,0.0,0.0,0.0
K3,4,"(1,1,1,1)",7,200000,9887,Gilman Square #8,Somerville,False,0.0,0.0,0.0,0.0,0.0,0.0
K3,4,"(1,1,1,1)",7,200000,10012,Assembly #4,Somerville,True,0.0,0.0,0.0,0.0,0.0,0.0
K3,4,"(1,1,1,1)",7,200000,9995,Assembly #5,Somerville,False,0.0,0.0,0.0,0.0,0.0,0.0
K3,4,"(1,1,1,1)",7,200000,9921,Porter #1,Cambridge,False,0.0,0.0,0.0,0.0,0.00066,0.0
K3,4,"(1,1,1,1)",7,200000,9427,Union Square #5,Cambridge,False,0.0,0.0,0.0,0.0,0.0,0.0
K3,4,"(1,1,1,1)",7,200000,9397,Harvard #1,Cambridge,True,0.034045,0.034045,0.0,0.034045,0.079835,0.0004054993093397324
K3,4,"(1,1,1,1)",7,200000,9441,Harvard #2,Cambridge,True,0.0,0.0,0.0,0.0,0.056275,0.0
K3,4,"(1,1,1,1)",7,200000,9965,Alewife #1,Cambridge,True,0.000585,0.000585,0.0,0.000585,0.02989,5.406744746148093e-05
K3,4,"(1,1,1,1)",7,200000,9206,Central #2,Cambridge,False,0.0,0.0,0.0,0.0,0.0,0.0
K3,4,"(1,1,1,1)",7,200000,9289,Central #1,Cambridge,True,5.5e-05,5.5e-05,0.0,5.5e-05,0.00507,1.658266790959766e-05
K3,4,"(1,1,1,1)",7,200000,9325,Harvard #3,Cambridge,True,0.00288,0.00288,0.0,0.00288,0.064615,0.00011982707540451782
K3,4,"(1,1,1,1)",7,200000,9179,Central #3,Cambridge,False,0.0,0.0,0.0,0.0,0.0,0.0
K3,4,"(1,1,1,1)",7,200000,9382,Union Square #20,Cambridge,False,0.0,0.0,0.0,0.0,0.0,0.0
K3,4,"(1,1,1,1)",7,200000,9928,Alewife #2,Cambridge,False,0.0,0.0,0.0,0.0,0.00197,0.0
K3,4,"(1,1,1,1)",7,200000,9768,Porter #3,Cambridge,False,0.0,0.0,0.0,0.0,0.0,0.0
K3,4,"(1,1,1,1)",7,200000,9208,Central #6,Cambridge,False,0.0,0.0,0.0,0.0,0.0,0.0
K3,4,"(1,1,1,1)",7,200000,9168,Central #4,Cambridge,False,0.0,0.0,0.0,0.0,0.0,0.0
K3,4,"(1,1,1,1)",7,200000,9975,Davis #4,Cambridge,False,0.0,0.0,0.0,0.0,0.0,0.0
K3,4,"(1,1,1,1)",7,200000,9278,Lechmere #3,Cambridge,False,0.0,0.0,0.0,0.0,0.0,0.0
K3,4,"(1,1,1,1)",7,200000,9239,Central #7,Cambridge,False,0.0,0.0,0.0,0.0,0.0,0.0
K3,4,"(1,1,1,1)",7,200000,9449,Union Square #17,Cambridge,False,0.0,0.0,0.0,0.0,0.0,0.0
K3,4,"(1,1,1,1)",7,200000,9298,Lechmere #2,Cambridge,False,0.0,0.0,0.0,0.0,0.0,0.0
K3,4,"(1,1,1,1)",7,200000,9895,Porter #6,Cambridge,False,0.0,0.0,0.0,0.0,0.0,0.0
K3,4,"(1,1,1,1)",7,200000,9237,Central #5,Cambridge,False,0.0,0.0,0.0,0.0,5e-06,0.0
K3,4,"(1,1,1,1)",7,200000,9706,Porter #8,Cambridge,False,0.0,0.0,0.0,0.0,0.0,0.0
K3,4,"(1,1,1,1)",7,200000,9447,Harvard #4,Cambridge,True,0.030105,0.030105,0.0,0.030105,0.061835,0.00038209088562147093
K3,4,"(1,1,1,1)",7,200000,9862,Porter #9,Cambridge,False,0.0,0.0,0.0,0.0,0.0,0.0
K3,4,"(1,1,1,1)",7,200000,9406,Union Square #13,Cambridge,False,0.0,0.0,0.0,0.0,0.0,0.0
K3,4,"(1,1,1,1)",7,200000,10017,Davis #13,Cambridge,False,0.0,0.0,0.0,0.0,0.0,0.0
K3,4,"(1,1,1,1)",7,200000,10015,Davis #11,Cambridge,False,0.0,0.0,0.0,0.0,0.0,0.0
K3,4,"(1,1,1,1)",7,200000,10116,Davis #7,Cambridge,False,0.0,0.0,0.0,0.0,0.0,0.0
K3,4,"(1,1,1,1)",7,200000,9808,Porter #5,Cambridge,False,0.0,0.0,0.0,0.0,0.0,0.0
K3,4,"(1,1,1,1)",7,200000,9438,Union Square #16,Cambridge,False,0.0,0.0,0.0,0.0,0.0,0.0
K3,4,"(1,1,1,1)",7,200000,9919,Porter #7,Cambridge,False,0.0,0.0,0.0,0.0,0.0,0.0
K3,4,"(1,1,1,1)",7,200000,9957,Porter #10,Cambridge,False,0.0,0.0,0.0,0.0,0.0,0.0
K3,4,"(1,1,1,1)",7,200000,9704,Porter #11,Cambridge,False,0.0,0.0,0.0,0.0,0.0,0.0
K3,4,"(1,1,1,1)",7,200000,9784,Porter #12,Cambridge,False,0.0,0.0,0.0,0.0,0.0,0.0
K3,4,"(1,1,1,1)",7,200000,10060,Davis #16,Cambridge,False,0.0,0.0,0.0,0.0,0.0,0.0
K3,4,"(1,1,1,1)",7,200000,8547,Coolidge Corner #1,Brookline,False,0.0,0.0,0.0,0.0,0.0,0.0
K3,4,"(1,1,1,1)",7,200000,8787,Harvard Avenue #1,Brookline,False,0.0,0.0,0.0,0.0,0.05921,0.0
K3,4,"(1,1,1,1)",7,200000,8527,Brookline Village #2,Brookline,False,0.0,0.0,0.0,0.0,0.0,0.0
K3,4,"(1,1,1,1)",7,200000,8650,Coolidge Corner #4,Brookline,False,0.0,0.0,0.0,0.0,0.0,0.0
K3,4,"(1,1,1,1)",7,200000,8640,Coolidge Corner #3,Brookline,False,0.0,0.0,0.0,0.0,0.0,0.0
K3,4,"(1,1,1,1)",7,200000,8568,Washington Square #1,Brookline,False,0.0,0.0,0.0,0.0,0.0,0.0
K3,4,"(1,1,1,1)",7,200000,8539,Tappan Street #1,Brookline,False,0.0,0.0,0.0,0.0,0.0,0.0
K3,4,"(1,1,1,1)",7,200000,8466,Brookline Village #3,Brookline,False,0.0,0.0,0.0,0.0,0.0,0.0
K3,4,"(1,1,1,1)",7,200000,8865,Amory Street #1,Brookline,False,0.0,0.0,0.0,0.0,0.014735,0.0
K3,4,"(1,1,1,1)",7,200000,8704,Saint Mary's Street #1,Brookline,False,0.0,0.0,0.0,0.0,0.0,0.0
K3,4,"(1,1,1,1)",7,200000,8452,Brookline Village #1,Brookline,False,0.0,0.0,0.0,0.0,0.0,0.0
K3,4,"(1,1,1,1)",7,200000,8617,Coolidge Corner #2,Brookline,False,0.0,0.0,0.0,0.0,0.0,0.0
K3,4,"(1,1,1,1)",7,200000,8624,Coolidge Corner #12,Brookline,False,0.0,0.0,0.0,0.0,0.0,0.0
K3,4,"(1,1,1,1)",7,200000,8728,Harvard Avenue #2,Brookline,False,0.0,0.0,0.0,0.0,6.5e-05,0.0
K3,4,"(1,1,1,1)",7,200000,8902,Babcock Street #1,Brookline,False,0.0,0.0,0.0,0.0,0.0,0.0
K3,4,"(1,1,1,1)",7,200000,8708,Saint Mary's Street #2,Brookline,False,0.0,0.0,0.0,0.0,0.0,0.0
K3,4,"(1,1,1,1)",7,200000,8553,Washington Square #2,Brookline,False,0.0,0.0,0.0,0.0,0.0,0.0
K3,4,"(1,1,1,1)",7,200000,8487,Brookline Hills #4,Brookline,False,0.0,0.0,0.0,0.0,0.0,0.0
K3,4,"(1,1,1,1)",7,200000,8647,Coolidge Corner #8,Brookline,False,0.0,0.0,0.0,0.0,0.0,0.0
K3,4,"(1,1,1,1)",7,200000,8593,Coolidge Corner #9,Brookline,False,0.0,0.0,0.0,0.0,0.0,0.0
K3,4,"(1,1,1,1)",7,200000,8672,Summit Avenue #1,Brookline,False,0.0,0.0,0.0,0.0,0.0,0.0
K3,4,"(1,1,1,1)",7,200000,8399,Brookline Hills #2,Brookline,False,0.0,0.0,0.0,0.0,0.0,0.0
K3,4,"(1,1,1,1)",7,200000,8281,Chestnut Hill #2,Brookline,False,0.0,0.0,0.0,0.0,0.0,0.0
K3,4,"(1,1,1,1)",7,200000,8476,Brookline Hills #1,Brookline,False,0.0,0.0,0.0,0.0,0.0,0.0
K3,4,"(1,1,1,1)",7,200000,8626,Coolidge Corner #5,Brookline,False,0.0,0.0,0.0,0.0,0.0,0.0
K3,4,"(1,1,1,1)",7,200000,8685,Saint Mary's Street #3,Brookline,False,0.0,0.0,0.0,0.0,0.0,0.0
K3,4,"(1,1,1,1)",7,200000,8596,Summit Avenue #2,Brookline,False,0.0,0.0,0.0,0.0,0.0,0.0
K3,4,"(1,1,1,1)",7,200000,8657,Coolidge Corner #7,Brookline,False,0.0,0.0,0.0,0.0,0.0,0.0
K3,4,"(1,1,1,1)",7,200000,8575,Washington Square #4,Brookline,False,0.0,0.0,0.0,0.0,0.0,0.0
K3,4,"(1,1,1,1)",7,200000,8383,Brookline Hills #3,Brookline,False,0.0,0.0,0.0,0.0,0.0,0.0
K3,4,"(1,1,1,1)",7,200000,8680,Summit Avenue #3,Brookline,False,0.0,0.0,0.0,0.0,0.0,0.0
K3,4,"(1,1,1,1)",7,200000,8649,Coolidge Corner #6,Brookline,False,0.0,0.0,0.0,0.0,0.0,0.0
K3,4,"(1,1,1,1)",7,200000,8600,Coolidge Corner #11,Brookline,False,0.0,0.0,0.0,0.0,0.0,0.0
K3,4,"(1,1,1,1)",7,200000,8486,Brookline Village #4,Brookline,False,0.0,0.0,0.0,0.0,0.0,0.0
K3,4,"(1,1,1,1)",7,200000,8558,Washington Square #3,Brookline,False,0.0,0.0,0.0,0.0,0.0,0.0
K3,4,"(1,1,1,1)",7,200000,8419,Brookline Village #5,Brookline,False,0.0,0.0,0.0,0.0,0.0,0.0
K3,4,"(1,1,1,1)",7,200000,8598,Summit Avenue #4,Brookline,False,0.0,0.0,0.0,0.0,0.0,0.0
K3,4,"(1,1,1,1)",7,200000,8611,Coolidge Corner #10,Brookline,False,0.0,0.0,0.0,0.0,0.0,0.0
K3,4,"(1,1,1,1)",7,200000,8555,Tappan Street #2,Brookline,False,0.0,0.0,0.0,0.0,0.0,0.0
K3,4,"(1,1,1,1)",7,200000,8878,Amory Street #2,Brookline,False,0.0,0.0,0.0,0.0,0.0,0.0
K3,4,"(1,1,1,1)",7,200000,8411,Brookline Hills #5,Brookline,False,0.0,0.0,0.0,0.0,0.0,0.0
K3,4,"(1,1,1,1)",7,200000,8255,Chestnut Hill #3,Brookline,False,0.0,0.0,0.0,0.0,0.0,0.0
K3,4,"(1,1,1,1)",7,200000,8274,Chestnut Hill #4,Brookline,False,0.0,0.0,0.0,0.0,0.0,0.0
K3,4,"(1,1,1,1)",7,200000,10667,Malden Center #1,Malden,True,0.26742,0.26742,0.0,0.26742,0.688065,0.0009897134524699562
K3,4,"(1,1,1,1)",7,200000,10682,Malden Center #5,Malden,False,0.0,0.0,0.0,0.0,0.243215,0.0
K3,4,"(1,1,1,1)",7,200000,10616,Malden Center #2,Malden,True,0.2076,0.2076,0.0,0.2076,0.70494,0.0009069240320997122
K3,4,"(1,1,1,1)",7,200000,10664,Malden Center #3,Malden,False,0.0,0.0,0.0,0.0,0.249645,0.0
K3,4,"(1,1,1,1)",7,200000,10665,Malden Center #4,Malden,True,0.038225,0.038225,0.0,0.038225,0.51789,0.0004287414685740114
K3,4,"(1,1,1,1)",7,200000,10691,Malden Center #9,Malden,False,0.0,0.0,0.0,0.0,0.0,0.0
K3,4,"(1,1,1,1)",7,200000,10648,Malden Center #6,Malden,False,0.0,0.0,0.0,0.0,0.09692,0.0
K3,4,"(1,1,1,1)",7,200000,10687,Malden Center #7,Malden,False,0.0,0.0,0.0,0.0,0.0,0.0
K3,4,"(1,1,1,1)",7,200000,10779,Oak Grove #1,Malden,False,0.0,0.0,0.0,0.0,0.0,0.0
K3,4,"(1,1,1,1)",7,200000,10771,Oak Grove #2,Malden,False,0.0,0.0,0.0,0.0,0.0,0.0
K3,4,"(1,1,1,1)",7,200000,10710,Malden Center #10,Malden,False,0.0,0.0,0.0,0.0,0.017165,0.0
K3,4,"(1,1,1,1)",7,200000,10657,Malden Center #14,Malden,False,0.0,0.0,0.0,0.0,0.0,0.0
K3,4,"(1,1,1,1)",7,200000,10670,Malden Center #13,Malden,False,0.0,0.0,0.0,0.0,0.0,0.0
K3,4,"(1,1,1,1)",7,200000,10701,Malden Center #11,Malden,False,0.0,0.0,0.0,0.0,0.0,0.0
K3,4,"(1,1,1,1)",7,200000,10696,Malden Center #12,Malden,False,0.0,0.0,0.0,0.0,0.0,0.0
K3,4,"(1,1,1,1)",7,200000,10692,Malden Center #8,Malden,False,0.0,0.0,0.0,0.0,0.077445,0.0
K3,4,"(1,1,1,1)",7,200000,10676,Malden Center #15,Malden,False,0.0,0.0,0.0,0.0,0.0,0.0
K3,4,"(1,1,1,1)",7,200000,10618,Malden Center #16,Malden,False,0.0,0.0,0.0,0.0,0.0,0.0
K3,4,"(1,1,1,1)",7,200000,8128,Eliot #2,Newton,False,0.0,0.0,0.0,0.0,0.0,0.0
K3,4,"(1,1,1,1)",7,200000,8427,Newton Centre #1,Newton,False,0.0,0.0,0.0,0.0,0.0,0.0
K3,4,"(1,1,1,1)",7,200000,8298,Chestnut Hill #1,Newton,True,0.0,0.0,0.0,0.0,7.5e-05,0.0
K3,4,"(1,1,1,1)",7,200000,8165,Eliot #1,Newton,False,0.0,0.0,0.0,0.0,0.0,0.0
K3,4,"(1,1,1,1)",7,200000,8140,Eliot #5,Newton,False,0.0,0.0,0.0,0.0,0.0,0.0
K3,4,"(1,1,1,1)",7,200000,8116,Eliot #6,Newton,False,0.0,0.0,0.0,0.0,0.0,0.0
K3,4,"(1,1,1,1)",7,200000,8205,Newton Highlands #2,Newton,False,0.0,0.0,0.0,0.0,0.0,0.0
K3,4,"(1,1,1,1)",7,200000,8136,Eliot #3,Newton,False,0.0,0.0,0.0,0.0,0.0,0.0
K3,4,"(1,1,1,1)",7,200000,8385,Newton Centre #2,Newton,False,0.0,0.0,0.0,0.0,0.0,0.0
K3,4,"(1,1,1,1)",7,200000,8159,Newton Highlands #1,Newton,False,0.0,0.0,0.0,0.0,0.0,0.0
K3,4,"(1,1,1,1)",7,200000,8229,Newton Highlands #3,Newton,False,0.0,0.0,0.0,0.0,0.0,0.0
K3,4,"(1,1,1,1)",7,200000,8175,Eliot #8,Newton,False,0.0,0.0,0.0,0.0,0.0,0.0
K3,4,"(1,1,1,1)",7,200000,8379,Newton Centre #4,Newton,False,0.0,0.0,0.0,0.0,0.0,0.0
K3,4,"(1,1,1,1)",7,200000,8341,Waban #1,Newton,False,0.0,0.0,0.0,0.0,0.0,0.0
K3,4,"(1,1,1,1)",7,200000,8407,Newton Centre #5,Newton,False,0.0,0.0,0.0,0.0,0.0,0.0
K3,4,"(1,1,1,1)",7,200000,8388,Newton Centre #7,Newton,False,0.0,0.0,0.0,0.0,0.0,0.0
K3,4,"(1,1,1,1)",7,200000,8500,Newton Centre #10,Newton,False,0.0,0.0,0.0,0.0,0.0,0.0
K3,4,"(1,1,1,1)",7,200000,8143,Newton Highlands #5,Newton,False,0.0,0.0,0.0,0.0,0.0,0.0
K3,4,"(1,1,1,1)",7,200000,8408,Newton Centre #9,Newton,False,0.0,0.0,0.0,0.0,0.0,0.0
K3,4,"(1,1,1,1)",7,200000,8410,Newton Centre #6,Newton,False,0.0,0.0,0.0,0.0,0.0,0.0
K3,4,"(1,1,1,1)",7,200000,8102,Eliot #4,Newton,False,0.0,0.0,0.0,0.0,0.0,0.0
K3,4,"(1,1,1,1)",7,200000,8115,Eliot #7,Newton,False,0.0,0.0,0.0,0.0,0.0,0.0
K3,4,"(1,1,1,1)",7,200000,8418,Newton Centre #8,Newton,False,0.0,0.0,0.0,0.0,0.0,0.0
K3,4,"(1,1,1,1)",7,200000,8169,Eliot #9,Newton,False,0.0,0.0,0.0,0.0,0.0,0.0
K3,4,"(1,1,1,1)",7,200000,8214,Newton Highlands #4,Newton,False,0.0,0.0,0.0,0.0,0.0,0.0
K3,4,"(1,1,1,1)",7,200000,8400,Newton Centre #3,Newton,False,0.0,0.0,0.0,0.0,0.0,0.0
K3,4,"(1,1,1,1)",7,200000,8213,Newton Highlands #6,Newton,False,0.0,0.0,0.0,0.0,0.0,0.0
K3,4,"(1,1,1,1)",7,200000,8217,Newton Highlands #7,Newton,False,0.0,0.0,0.0,0.0,0.0,0.0
K3,4,"(1,1,1,1)",7,200000,8394,Newton Centre #11,Newton,False,0.0,0.0,0.0,0.0,0.0,0.0
K3,4,"(1,1,1,1)",7,200000,10236,Wellington #1,Medford,False,0.0,0.0,0.0,0.0,0.0,0.0
K3,4,"(1,1,1,1)",7,200000,10364,Medford/Tufts #1,Medford,False,0.0,0.0,0.0,0.0,0.026635,0.0
K3,4,"(1,1,1,1)",7,200000,10200,Wellington #2,Medford,False,0.0,0.0,0.0,0.0,0.0,0.0
K3,4,"(1,1,1,1)",7,200000,10366,Medford/Tufts #2,Medford,False,0.0,0.0,0.0,0.0,0.0,0.0
K3,4,"(1,1,1,1)",7,200000,10230,Ball Square #5,Medford,False,0.0,0.0,0.0,0.0,0.0,0.0
K3,4,"(1,1,1,1)",7,200000,10211,Ball Square #2,Medford,False,0.0,0.0,0.0,0.0,0.0,0.0
K3,4,"(1,1,1,1)",7,200000,10231,Ball Square #7,Medford,False,0.0,0.0,0.0,0.0,0.0,0.0
K3,4,"(1,1,1,1)",7,200000,10316,Medford/Tufts #3,Medford,False,0.0,0.0,0.0,0.0,0.0,0.0
K3,4,"(1,1,1,1)",7,200000,10369,Revere Beach #1,Revere,True,0.26992,0.26992,0.0,0.26992,0.3922,0.0009926308316791294
K3,4,"(1,1,1,1)",7,200000,10358,Revere Beach #2,Revere,False,0.0,0.0,0.0,0.0,0.11482,0.0
K3,4,"(1,1,1,1)",7,200000,10381,Wonderland #1,Revere,True,0.05793,0.05793,0.0,0.05793,0.20408,0.0005223701518080833
K3,4,"(1,1,1,1)",7,200000,10326,Revere Beach #4,Revere,False,0.0,0.0,0.0,0.0,0.015085,0.0
K3,4,"(1,1,1,1)",7,200000,10520,Wonderland #2,Revere,False,0.0,0.0,0.0,0.0,0.0,0.0
K3,4,"(1,1,1,1)",7,200000,10273,Revere Beach #3,Revere,False,0.0,0.0,0.0,0.0,0.04464,0.0
K3,4,"(1,1,1,1)",7,200000,10281,Revere Beach #5,Revere,False,0.0,0.0,0.0,0.0,0.02277,0.0
K3,4,"(1,1,1,1)",7,200000,10262,Revere Beach #6,Revere,False,0.0,0.0,0.0,0.0,0.0,0.0
K3,4,"(1,1,1,1)",7,200000,10285,Revere Beach #7,Revere,False,0.0,0.0,0.0,0.0,0.00218,0.0
K3,4,"(1,1,1,1)",7,200000,6730,Quincy Center #2,Quincy,False,0.0,0.0,0.0,0.0,0.0,0.0
K3,4,"(1,1,1,1)",7,200000,6771,Quincy Center #4,Quincy,False,0.0,0.0,0.0,0.0,0.0,0.0
K3,4,"(1,1,1,1)",7,200000,6760,Quincy Center #1,Quincy,True,0.0,0.0,0.0,0.0,0.277385,0.0
K3,4,"(1,1,1,1)",7,200000,6766,Quincy Center #8,Quincy,False,0.0,0.0,0.0,0.0,0.0,0.0
K3,4,"(1,1,1,1)",7,200000,6886,Quincy Center #12,Quincy,False,0.0,0.0,0.0,0.0,0.0,0.0
K3,4,"(1,1,1,1)",7,200000,6782,Quincy Center #3,Quincy,False,0.0,0.0,0.0,0.0,0.0,0.0
K3,4,"(1,1,1,1)",7,200000,7340,North Quincy #5,Quincy,False,0.0,0.0,0.0,0.0,0.0,0.0
K3,4,"(1,1,1,1)",7,200000,7424,North Quincy #3,Quincy,False,0.0,0.0,0.0,0.0,0.0,0.0
K3,4,"(1,1,1,1)",7,200000,7487,North Quincy #1,Quincy,False,0.0,0.0,0.0,0.0,0.0,0.0
K3,4,"(1,1,1,1)",7,200000,7173,Wollaston #2,Quincy,True,0.0,0.0,0.0,0.0,0.0565,0.0
K3,4,"(1,1,1,1)",7,200000,7176,Wollaston #5,Quincy,False,0.0,0.0,0.0,0.0,0.0,0.0
K3,4,"(1,1,1,1)",7,200000,7529,North Quincy #2,Quincy,True,0.0,0.0,0.0,0.0,0.0,0.0
K3,4,"(1,1,1,1)",7,200000,6755,Quincy Center #9,Quincy,False,0.0,0.0,0.0,0.0,0.00324,0.0
K3,4,"(1,1,1,1)",7,200000,7196,Wollaston #3,Quincy,False,0.0,0.0,0.0,0.0,0.0,0.0
K3,4,"(1,1,1,1)",7,200000,6710,Quincy Center #10,Quincy,False,0.0,0.0,0.0,0.0,0.0,0.0
K3,4,"(1,1,1,1)",7,200000,6758,Quincy Center #6,Quincy,False,0.0,0.0,0.0,0.0,0.0,0.0
K3,4,"(1,1,1,1)",7,200000,6729,Quincy Center #7,Quincy,False,0.0,0.0,0.0,0.0,0.0,0.0
K3,4,"(1,1,1,1)",7,200000,7300,Wollaston #1,Quincy,True,0.0,0.0,0.0,0.0,0.209595,0.0
K3,4,"(1,1,1,1)",7,200000,6736,Quincy Center #5,Quincy,False,0.0,0.0,0.0,0.0,0.0,0.0
K3,4,"(1,1,1,1)",7,200000,7180,Wollaston #4,Quincy,False,0.0,0.0,0.0,0.0,0.0,0.0
K3,4,"(1,1,1,1)",7,200000,7310,North Quincy #7,Quincy,False,0.0,0.0,0.0,0.0,0.0,0.0
K3,4,"(1,1,1,1)",7,200000,7346,North Quincy #6,Quincy,False,0.0,0.0,0.0,0.0,0.0,0.0
K3,4,"(1,1,1,1)",7,200000,6857,Quincy Center #11,Quincy,False,0.0,0.0,0.0,0.0,0.0,0.0
K3,4,"(1,1,1,1)",7,200000,6472,Quincy Adams #2,Quincy,False,0.0,0.0,0.0,0.0,0.0,0.0
K3,4,"(1,1,1,1)",7,200000,7329,North Quincy #8,Quincy,False,0.0,0.0,0.0,0.0,0.0,0.0
K3,4,"(1,1,1,1)",7,200000,7338,North Quincy #4,Quincy,False,0.0,0.0,0.0,0.0,0.0,0.0
K3,4,"(1,1,1,1)",7,200000,6762,Quincy Center #13,Quincy,False,0.0,0.0,0.0,0.0,0.0,0.0
K3,4,"(1,1,1,1)",7,200000,7241,North Quincy #9,Quincy,False,0.0,0.0,0.0,0.0,0.0,0.0
K3,4,"(1,1,1,1)",7,200000,6781,Quincy Center #14,Quincy,False,0.0,0.0,0.0,0.0,0.0,0.0
K3,4,"(1,1,1,1)",7,200000,7183,Wollaston #8,Quincy,False,0.0,0.0,0.0,0.0,0.0,0.0
K3,4,"(1,1,1,1)",7,200000,7360,North Quincy #10,Quincy,False,0.0,0.0,0.0,0.0,0.0,0.0
K3,4,"(1,1,1,1)",7,200000,7163,Wollaston #6,Quincy,False,0.0,0.0,0.0,0.0,0.0,0.0
K3,4,"(1,1,1,1)",7,200000,6474,Quincy Adams #1,Quincy,True,3.5e-05,3.5e-05,0.0,3.5e-05,0.002125,1.3228525050057545e-05
K3,4,"(1,1,1,1)",7,200000,7088,Wollaston #10,Quincy,False,0.0,0.0,0.0,0.0,0.0,0.0
K3,4,"(1,1,1,1)",7,200000,6465,Quincy Adams #3,Quincy,False,0.0,0.0,0.0,0.0,0.0,0.0
K3,4,"(1,1,1,1)",7,200000,7190,Wollaston #7,Quincy,False,0.0,0.0,0.0,0.0,0.0,0.0
K3,4,"(1,1,1,1)",7,200000,7194,Wollaston #9,Quincy,False,0.0,0.0,0.0,0.0,0.0,0.0
K3,4,"(1,1,1,1)",7,200000,5973,Braintree #1,Braintree,True,0.091135,0.091135,0.0,0.091135,0.33918,0.0006435425851293759
K3,4,"(1,1,1,1)",7,200000,6019,Braintree #2,Braintree,False,0.0,0.0,0.0,0.0,0.196605,0.0
K3,4,"(1,1,1,1)",7,200000,5982,Braintree #5,Braintree,False,0.0,0.0,0.0,0.0,0.0,0.0
K3,4,"(1,1,1,1)",7,200000,5965,Braintree #4,Braintree,False,0.0,0.0,0.0,0.0,3e-05,0.0
K3,4,"(1,1,1,1)",7,200000,5966,Braintree #3,Braintree,False,0.0,0.0,0.0,0.0,0.0,0.0
K3,4,"(1,1,1,1)",7,200000,5992,Braintree #7,Braintree,False,0.0,0.0,0.0,0.0,0.0,0.0
K3,4,"(1,1,1,1)",7,200000,5999,Braintree #6,Braintree,False,0.0,0.0,0.0,0.0,0.0,0.0
K3,4,"(1,1,1,1)",7,200000,5967,Braintree #8,Braintree,False,0.0,0.0,0.0,0.0,0.0,0.0
K3,4,"(1,1,1,1)",7,200000,5991,Braintree #9,Braintree,False,0.0,0.0,0.0,0.0,0.0,0.0
E0,5,"(1,1,1,1,1)",7,200000,9475,East Somerville #1,Somerville,True,0.00125,0.00125,0.0,0.00125,0.008005,7.900751546530241e-05
E0,5,"(1,1,1,1,1)",7,200000,9577,Union Square #1,Somerville,True,0.0006,0.0006,0.0,0.0006,0.009295,5.475582160830024e-05
E0,5,"(1,1,1,1,1)",7,200000,9967,Assembly #1,Somerville,True,0.004965,0.0,0.00993,0.00993,0.113735,0.00015716788436255036
E0,5,"(1,1,1,1,1)",7,200000,9695,Union Square #2,Somerville,False,0.0,0.0,0.0,0.0,1.5e-05,0.0
E0,5,"(1,1,1,1,1)",7,200000,9766,Porter #2,Somerville,True,0.0,0.0,0.0,0.0,0.0,0.0
E0,5,"(1,1,1,1,1)",7,200000,9986,Gilman Square #1,Somerville,True,0.0,0.0,0.0,0.0,0.0,0.0
E0,5,"(1,1,1,1,1)",7,200000,9949,Assembly #3,Somerville,False,0.0,0.0,0.0,0.0,0.015835,0.0
E0,5,"(1,1,1,1,1)",7,200000,9457,Lechmere #1,Somerville,True,0.0,0.0,0.0,0.0,0.000705,0.0
E0,5,"(1,1,1,1,1)",7,200000,9588,East Somerville #3,Somerville,False,0.0,0.0,0.0,0.0,0.0,0.0
E0,5,"(1,1,1,1,1)",7,200000,10038,Davis #1,Somerville,True,0.0,0.0,0.0,0.0,0.0,0.0
E0,5,"(1,1,1,1,1)",7,200000,9679,Union Square #3,Somerville,False,0.0,0.0,0.0,0.0,0.0,0.0
E0,5,"(1,1,1,1,1)",7,200000,9971,Assembly #2,Somerville,True,0.004965,0.0,0.00993,0.0,0.113735,0.00015716788436255036
E0,5,"(1,1,1,1,1)",7,200000,9653,East Somerville #2,Somerville,True,0.0,0.0,0.0,0.0,0.0,0.0
E0,5,"(1,1,1,1,1)",7,200000,9620,Union Square #4,Somerville,False,0.0,0.0,0.0,0.0,0.0,0.0
E0,5,"(1,1,1,1,1)",7,200000,9660,Union Square #9,Somerville,False,0.0,0.0,0.0,0.0,0.0,0.0
E0,5,"(1,1,1,1,1)",7,200000,9525,Union Square #6,Somerville,False,0.0,0.0,0.0,0.0,0.0,0.0
E0,5,"(1,1,1,1,1)",7,200000,9471,Union Square #7,Somerville,False,0.0,0.0,0.0,0.0,0.0,0.0
E0,5,"(1,1,1,1,1)",7,200000,10018,Davis #2,Somerville,True,0.0,0.0,0.0,0.0,0.0,0.0
E0,5,"(1,1,1,1,1)",7,200000,10040,Davis #5,Somerville,False,0.0,0.0,0.0,0.0,0.0,0.0
E0,5,"(1,1,1,1,1)",7,200000,9608,Union Square #10,Somerville,False,0.0,0.0,0.0,0.0,0.0,0.0
E0,5,"(1,1,1,1,1)",7,200000,10034,Davis #3,Somerville,False,0.0,0.0,0.0,0.0,0.0,0.0
E0,5,"(1,1,1,1,1)",7,200000,9548,East Somerville #5,Somerville,False,0.0,0.0,0.0,0.0,0.0,0.0
E0,5,"(1,1,1,1,1)",7,200000,9591,Union Square #8,Somerville,False,0.0,0.0,0.0,0.0,0.0,0.0
E0,5,"(1,1,1,1,1)",7,200000,10021,Davis #8,Somerville,False,0.0,0.0,0.0,0.0,0.0,0.0
E0,5,"(1,1,1,1,1)",7,200000,9817,Porter #4,Somerville,False,0.0,0.0,0.0,0.0,0.0,0.0
E0,5,"(1,1,1,1,1)",7,200000,9640,Union Square #11,Somerville,False,0.0,0.0,0.0,0.0,0.0,0.0
E0,5,"(1,1,1,1,1)",7,200000,10054,Davis #10,Somerville,False,0.0,0.0,0.0,0.0,0.0,0.0
E0,5,"(1,1,1,1,1)",7,200000,9818,Sullivan Square #3,Somerville,True,0.00011,0.00011,0.0,0.00011,0.00262,2.3450788899309977e-05
E0,5,"(1,1,1,1,1)",7,200000,9863,Sullivan Square #1,Somerville,True,0.00139,0.00139,0.0,0.00139,0.029585,8.330870002586765e-05
E0,5,"(1,1,1,1,1)",7,200000,9643,Union Square #14,Somerville,False,0.0,0.0,0.0,0.0,0.0,0.0
E0,5,"(1,1,1,1,1)",7,200000,9667,East Somerville #4,Somerville,False,0.0,0.0,0.0,0.0,0.0,0.0
E0,5,"(1,1,1,1,1)",7,200000,10006,Gilman Square #2,Somerville,True,0.0,0.0,0.0,0.0,0.0,0.0
E0,5,"(1,1,1,1,1)",7,200000,9905,Gilman Square #7,Somerville,False,0.0,0.0,0.0,0.0,0.0,0.0
E0,5,"(1,1,1,1,1)",7,200000,10043,Davis #6,Somerville,False,0.0,0.0,0.0,0.0,0.0,0.0
E0,5,"(1,1,1,1,1)",7,200000,9810,Sullivan Square #2,Somerville,True,0.0005,0.0005,0.0,0.0005,0.00812,4.9987498437109255e-05
E0,5,"(1,1,1,1,1)",7,200000,9463,Union Square #15,Somerville,False,0.0,0.0,0.0,0.0,0.0,0.0
E0,5,"(1,1,1,1,1)",7,200000,10118,Davis #12,Somerville,False,0.0,0.0,0.0,0.0,0.0,0.0
E0,5,"(1,1,1,1,1)",7,200000,9700,Union Square #19,Somerville,False,0.0,0.0,0.0,0.0,0.0,0.0
E0,5,"(1,1,1,1,1)",7,200000,9696,Union Square #18,Somerville,False,0.0,0.0,0.0,0.0,0.0,0.0
E0,5,"(1,1,1,1,1)",7,200000,10042,Davis #15,Somerville,False,0.0,0.0,0.0,0.0,0.0,0.0
E0,5,"(1,1,1,1,1)",7,200000,10046,Davis #9,Somerville,False,0.0,0.0,0.0,0.0,0.0,0.0
E0,5,"(1,1,1,1,1)",7,200000,9877,Gilman Square #4,Somerville,False,0.0,0.0,0.0,0.0,0.0,0.0
E0,5,"(1,1,1,1,1)",7,200000,9639,Union Square #12,Somerville,False,0.0,0.0,0.0,0.0,0.0,0.0
E0,5,"(1,1,1,1,1)",7,200000,10059,Magoun Square #1,Somerville,False,0.0,0.0,0.0,0.0,0.0,0.0
E0,5,"(1,1,1,1,1)",7,200000,9850,Gilman Square #11,Somerville,False,0.0,0.0,0.0,0.0,0.0,0.0
E0,5,"(1,1,1,1,1)",7,200000,10064,Magoun Square #2,Somerville,False,0.0,0.0,0.0,0.0,0.0,0.0
E0,5,"(1,1,1,1,1)",7,200000,10065,Davis #14,Somerville,False,0.0,0.0,0.0,0.0,0.0,0.0
E0,5,"(1,1,1,1,1)",7,200000,9842,Sullivan Square #4,Somerville,False,0.0,0.0,0.0,0.0,0.00025,0.0
E0,5,"(1,1,1,1,1)",7,200000,10126,Ball Square #1,Somerville,False,0.0,0.0,0.0,0.0,0.0,0.0
E0,5,"(1,1,1,1,1)",7,200000,9890,Gilman Square #9,Somerville,False,0.0,0.0,0.0,0.0,0.0,0.0
E0,5,"(1,1,1,1,1)",7,200000,9989,Gilman Square #3,Somerville,False,0.0,0.0,0.0,0.0,0.0,0.0
E0,5,"(1,1,1,1,1)",7,200000,10123,Ball Square #3,Somerville,False,0.0,0.0,0.0,0.0,0.0,0.0
E0,5,"(1,1,1,1,1)",7,200000,9628,East Somerville #6,Somerville,False,0.0,0.0,0.0,0.0,0.0,0.0
E0,5,"(1,1,1,1,1)",7,200000,9867,Gilman Square #10,Somerville,False,0.0,0.0,0.0,0.0,0.0,0.0
E0,5,"(1,1,1,1,1)",7,200000,9872,Gilman Square #6,Somerville,False,0.0,0.0,0.0,0.0,0.0,0.0
E0,5,"(1,1,1,1,1)",7,200000,10143,Ball Square #4,Somerville,False,0.0,0.0,0.0,0.0,0.0,0.0
E0,5,"(1,1,1,1,1)",7,200000,9976,Gilman Square #5,Somerville,False,0.0,0.0,0.0,0.0,0.0,0.0
E0,5,"(1,1,1,1,1)",7,200000,9845,Sullivan Square #5,Somerville,False,0.0,0.0,0.0,0.0,0.0,0.0
E0,5,"(1,1,1,1,1)",7,200000,10031,Magoun Square #3,Somerville,False,0.0,0.0,0.0,0.0,0.0,0.0
E0,5,"(1,1,1,1,1)",7,200000,10140,Ball Square #6,Somerville,False,0.0,0.0,0.0,0.0,0.0,0.0
E0,5,"(1,1,1,1,1)",7,200000,9887,Gilman Square #8,Somerville,False,0.0,0.0,0.0,0.0,0.0,0.0
E0,5,"(1,1,1,1,1)",7,200000,10012,Assembly #4,Somerville,True,0.0,0.0,0.0,0.0,0.0,0.0
E0,5,"(1,1,1,1,1)",7,200000,9995,Assembly #5,Somerville,False,0.0,0.0,0.0,0.0,0.0,0.0
E0,5,"(1,1,1,1,1)",7,200000,9921,Porter #1,Cambridge,True,0.003035,0.003035,0.0,0.003035,0.03842,0.0001229997718493819
E0,5,"(1,1,1,1,1)",7,200000,9427,Union Square #5,Cambridge,True,0.0,0.0,0.0,0.0,1e-05,0.0
E0,5,"(1,1,1,1,1)",7,200000,9397,Harvard #1,Cambridge,True,0.09653,0.09653,0.0,0.09653,0.20299,0.000660348238053226
E0,5,"(1,1,1,1,1)",7,200000,9441,Harvard #2,Cambridge,True,0.0,0.0,0.0,0.0,0.157845,0.0
E0,5,"(1,1,1,1,1)",7,200000,9965,Alewife #1,Cambridge,True,0.000555,0.000555,0.0,0.000555,0.050515,5.2663648515840605e-05
E0,5,"(1,1,1,1,1)",7,200000,9206,Central #2,Cambridge,True,4e-05,4e-05,0.0,4e-05,0.002475,1.4141852778189992e-05
E0,5,"(1,1,1,1,1)",7,200000,9289,Central #1,Cambridge,True,0.000745,0.000745,0.0,0.000745,0.02492,6.101003913291648e-05
E0,5,"(1,1,1,1,1)",7,200000,9325,Harvard #3,Cambridge,True,0.0,0.0,0.0,0.0,0.13869,0.0
E0,5,"(1,1,1,1,1)",7,200000,9179,Central #3,Cambridge,False,0.0,0.0,0.0,0.0,1e-05,0.0
E0,5,"(1,1,1,1,1)",7,200000,9382,Union Square #20,Cambridge,False,0.0,0.0,0.0,0.0,0.0,0.0
E0,5,"(1,1,1,1,1)",7,200000,9928,Alewife #2,Cambridge,False,0.0,0.0,0.0,0.0,0.00672,0.0
E0,5,"(1,1,1,1,1)",7,200000,9768,Porter #3,Cambridge,True,0.0,0.0,0.0,0.0,0.0,0.0
E0,5,"(1,1,1,1,1)",7,200000,9208,Central #6,Cambridge,False,0.0,0.0,0.0,0.0,1e-05,0.0
E0,5,"(1,1,1,1,1)",7,200000,9168,Central #4,Cambridge,True,0.0,0.0,0.0,0.0,1e-05,0.0
E0,5,"(1,1,1,1,1)",7,200000,9975,Davis #4,Cambridge,False,0.0,0.0,0.0,0.0,0.0,0.0
E0,5,"(1,1,1,1,1)",7,200000,9278,Lechmere #3,Cambridge,False,0.0,0.0,0.0,0.0,5e-06,0.0
E0,5,"(1,1,1,1,1)",7,200000,9239,Central #7,Cambridge,False,0.0,0.0,0.0,0.0,3e-05,0.0
E0,5,"(1,1,1,1,1)",7,200000,9449,Union Square #17,Cambridge,False,0.0,0.0,0.0,0.0,0.0,0.0
E0,5,"(1,1,1,1,1)",7,200000,9298,Lechmere #2,Cambridge,True,0.00016,0.00016,0.0,0.00016,0.00238,2.8282008415245197e-05
E0,5,"(1,1,1,1,1)",7,200000,9895,Porter #6,Cambridge,False,0.0,0.0,0.0,0.0,0.0,0.0
E0,5,"(1,1,1,1,1)",7,200000,9237,Central #5,Cambridge,True,0.0,0.0,0.0,0.0,0.00012,0.0
E0,5,"(1,1,1,1,1)",7,200000,9706,Porter #8,Cambridge,False,0.0,0.0,0.0,0.0,0.0,0.0
E0,5,"(1,1,1,1,1)",7,200000,9447,Harvard #4,Cambridge,True,0.023115,0.023115,0.0,0.023115,0.10169,0.00033601113653419285
E0,5,"(1,1,1,1,1)",7,200000,9862,Porter #9,Cambridge,False,0.0,0.0,0.0,0.0,0.0,0.0
E0,5,"(1,1,1,1,1)",7,200000,9406,Union Square #13,Cambridge,False,0.0,0.0,0.0,0.0,0.0,0.0
E0,5,"(1,1,1,1,1)",7,200000,10017,Davis #13,Cambridge,False,0.0,0.0,0.0,0.0,0.0,0.0
E0,5,"(1,1,1,1,1)",7,200000,10015,Davis #11,Cambridge,False,0.0,0.0,0.0,0.0,0.0,0.0
E0,5,"(1,1,1,1,1)",7,200000,10116,Davis #7,Cambridge,False,0.0,0.0,0.0,0.0,0.0,0.0
E0,5,"(1,1,1,1,1)",7,200000,9808,Porter #5,Cambridge,False,0.0,0.0,0.0,0.0,0.0,0.0
E0,5,"(1,1,1,1,1)",7,200000,9438,Union Square #16,Cambridge,True,0.00048,0.00048,0.0,0.00048,0.00438,4.897803589365339e-05
E0,5,"(1,1,1,1,1)",7,200000,9919,Porter #7,Cambridge,False,0.0,0.0,0.0,0.0,0.0,0.0
E0,5,"(1,1,1,1,1)",7,200000,9957,Porter #10,Cambridge,False,0.0,0.0,0.0,0.0,0.0,0.0
E0,5,"(1,1,1,1,1)",7,200000,9704,Porter #11,Cambridge,False,0.0,0.0,0.0,0.0,0.0,0.0
E0,5,"(1,1,1,1,1)",7,200000,9784,Porter #12,Cambridge,False,0.0,0.0,0.0,0.0,0.0,0.0
E0,5,"(1,1,1,1,1)",7,200000,10060,Davis #16,Cambridge,False,0.0,0.0,0.0,0.0,0.0,0.0
E0,5,"(1,1,1,1,1)",7,200000,8547,Coolidge Corner #1,Brookline,True,0.0,0.0,0.0,0.0,0.0,0.0
E0,5,"(1,1,1,1,1)",7,200000,8787,Harvard Avenue #1,Brookline,True,0.0,0.0,0.0,0.0,0.033815,0.0
E0,5,"(1,1,1,1,1)",7,200000,8527,Brookline Village #2,Brookline,False,0.0,0.0,0.0,0.0,0.0,0.0
E0,5,"(1,1,1,1,1)",7,200000,8650,Coolidge Corner #4,Brookline,False,0.0,0.0,0.0,0.0,0.0,0.0
E0,5,"(1,1,1,1,1)",7,200000,8640,Coolidge Corner #3,Brookline,False,0.0,0.0,0.0,0.0,0.0,0.0
E0,5,"(1,1,1,1,1)",7,200000,8568,Washington Square #1,Brookline,False,0.0,0.0,0.0,0.0,0.0,0.0
E0,5,"(1,1,1,1,1)",7,200000,8539,Tappan Street #1,Brookline,False,0.0,0.0,0.0,0.0,0.0,0.0
E0,5,"(1,1,1,1,1)",7,200000,8466,Brookline Village #3,Brookline,False,0.0,0.0,0.0,0.0,0.0,0.0
E0,5,"(1,1,1,1,1)",7,200000,8865,Amory Street #1,Brookline,True,0.0018,0.0018,0.0,0.0018,0.023205,9.47829098519348e-05
E0,5,"(1,1,1,1,1)",7,200000,8704,Saint Mary's Street #1,Brookline,True,0.0,0.0,0.0,0.0,0.0,0.0
E0,5,"(1,1,1,1,1)",7,200000,8452,Brookline Village #1,Brookline,False,0.0,0.0,0.0,0.0,0.0,0.0
E0,5,"(1,1,1,1,1)",7,200000,8617,Coolidge Corner #2,Brookline,False,0.0,0.0,0.0,0.0,0.0,0.0
E0,5,"(1,1,1,1,1)",7,200000,8624,Coolidge Corner #12,Brookline,False,0.0,0.0,0.0,0.0,0.0,0.0
E0,5,"(1,1,1,1,1)",7,200000,8728,Harvard Avenue #2,Brookline,False,0.0,0.0,0.0,0.0,0.0,0.0
E0,5,"(1,1,1,1,1)",7,200000,8902,Babcock Street #1,Brookline,True,0.0,0.0,0.0,0.0,4.5e-05,0.0
E0,5,"(1,1,1,1,1)",7,200000,8708,Saint Mary's Street #2,Brookline,False,0.0,0.0,0.0,0.0,0.0,0.0
E0,5,"(1,1,1,1,1)",7,200000,8553,Washington Square #2,Brookline,False,0.0,0.0,0.0,0.0,0.0,0.0
E0,5,"(1,1,1,1,1)",7,200000,8487,Brookline Hills #4,Brookline,False,0.0,0.0,0.0,0.0,0.0,0.0
E0,5,"(1,1,1,1,1)",7,200000,8647,Coolidge Corner #8,Brookline,False,0.0,0.0,0.0,0.0,0.0,0.0
E0,5,"(1,1,1,1,1)",7,200000,8593,Coolidge Corner #9,Brookline,False,0.0,0.0,0.0,0.0,0.0,0.0
E0,5,"(1,1,1,1,1)",7,200000,8672,Summit Avenue #1,Brookline,False,0.0,0.0,0.0,0.0,0.0,0.0
E0,5,"(1,1,1,1,1)",7,200000,8399,Brookline Hills #2,Brookline,False,0.0,0.0,0.0,0.0,0.0,0.0
E0,5,"(1,1,1,1,1)",7,200000,8281,Chestnut Hill #2,Brookline,False,0.0,0.0,0.0,0.0,0.0,0.0
E0,5,"(1,1,1,1,1)",7,200000,8476,Brookline Hills #1,Brookline,False,0.0,0.0,0.0,0.0,0.0,0.0
E0,5,"(1,1,1,1,1)",7,200000,8626,Coolidge Corner #5,Brookline,False,0.0,0.0,0.0,0.0,0.0,0.0
E0,5,"(1,1,1,1,1)",7,200000,8685,Saint Mary's Street #3,Brookline,False,0.0,0.0,0.0,0.0,0.0,0.0
E0,5,"(1,1,1,1,1)",7,200000,8596,Summit Avenue #2,Brookline,False,0.0,0.0,0.0,0.0,0.0,0.0
E0,5,"(1,1,1,1,1)",7,200000,8657,Coolidge Corner #7,Brookline,False,0.0,0.0,0.0,0.0,0.0,0.0
E0,5,"(1,1,1,1,1)",7,200000,8575,Washington Square #4,Brookline,False,0.0,0.0,0.0,0.0,0.0,0.0
E0,5,"(1,1,1,1,1)",7,200000,8383,Brookline Hills #3,Brookline,False,0.0,0.0,0.0,0.0,0.0,0.0
E0,5,"(1,1,1,1,1)",7,200000,8680,Summit Avenue #3,Brookline,False,0.0,0.0,0.0,0.0,0.0,0.0
E0,5,"(1,1,1,1,1)",7,200000,8649,Coolidge Corner #6,Brookline,False,0.0,0.0,0.0,0.0,0.0,0.0
E0,5,"(1,1,1,1,1)",7,200000,8600,Coolidge Corner #11,Brookline,False,0.0,0.0,0.0,0.0,0.0,0.0
E0,5,"(1,1,1,1,1)",7,200000,8486,Brookline Village #4,Brookline,False,0.0,0.0,0.0,0.0,0.0,0.0
E0,5,"(1,1,1,1,1)",7,200000,8558,Washington Square #3,Brookline,False,0.0,0.0,0.0,0.0,0.0,0.0
E0,5,"(1,1,1,1,1)",7,200000,8419,Brookline Village #5,Brookline,False,0.0,0.0,0.0,0.0,0.0,0.0
E0,5,"(1,1,1,1,1)",7,200000,8598,Summit Avenue #4,Brookline,False,0.0,0.0,0.0,0.0,0.0,0.0
E0,5,"(1,1,1,1,1)",7,200000,8611,Coolidge Corner #10,Brookline,False,0.0,0.0,0.0,0.0,0.0,0.0
E0,5,"(1,1,1,1,1)",7,200000,8555,Tappan Street #2,Brookline,False,0.0,0.0,0.0,0.0,0.0,0.0
E0,5,"(1,1,1,1,1)",7,200000,8878,Amory Street #2,Brookline,False,0.0,0.0,0.0,0.0,5e-06,0.0
E0,5,"(1,1,1,1,1)",7,200000,8411,Brookline Hills #5,Brookline,False,0.0,0.0,0.0,0.0,0.0,0.0
E0,5,"(1,1,1,1,1)",7,200000,8255,Chestnut Hill #3,Brookline,False,0.0,0.0,0.0,0.0,0.0,0.0
E0,5,"(1,1,1,1,1)",7,200000,8274,Chestnut Hill #4,Brookline,False,0.0,0.0,0.0,0.0,0.0,0.0
E0,5,"(1,1,1,1,1)",7,200000,10667,Malden Center #1,Malden,True,0.34254,0.34254,0.0,0.34254,0.66655,0.0010611464281615425
E0,5,"(1,1,1,1,1)",7,200000,10682,Malden Center #5,Malden,False,0.0,0.0,0.0,0.0,0.05573,0.0
E0,5,"(1,1,1,1,1)",7,200000,10616,Malden Center #2,Malden,True,0.020705,0.020705,0.0,0.020705,0.59098,0.00031840464015934193
E0,5,"(1,1,1,1,1)",7,200000,10664,Malden Center #3,Malden,False,0.0,0.0,0.0,0.0,0.101945,0.0
E0,5,"(1,1,1,1,1)",7,200000,10665,Malden Center #4,Malden,True,0.00259,0.00259,0.0,0.00259,0.255545,0.00011365060272607445
E0,5,"(1,1,1,1,1)",7,200000,10691,Malden Center #9,Malden,True,0.0,0.0,0.0,0.0,0.0,0.0
E0,5,"(1,1,1,1,1)",7,200000,10648,Malden Center #6,Malden,False,0.0,0.0,0.0,0.0,0.011455,0.0
E0,5,"(1,1,1,1,1)",7,200000,10687,Malden Center #7,Malden,False,0.0,0.0,0.0,0.0,0.0,0.0
E0,5,"(1,1,1,1,1)",7,200000,10779,Oak Grove #1,Malden,False,0.0,0.0,0.0,0.0,0.0,0.0
E0,5,"(1,1,1,1,1)",7,200000,10771,Oak Grove #2,Malden,False,0.0,0.0,0.0,0.0,0.0,0.0
E0,5,"(1,1,1,1,1)",7,200000,10710,Malden Center #10,Malden,True,0.001415,0.001415,0.0,0.001415,0.040055,8.405348817865919e-05
E0,5,"(1,1,1,1,1)",7,200000,10657,Malden Center #14,Malden,False,0.0,0.0,0.0,0.0,0.0,0.0
E0,5,"(1,1,1,1,1)",7,200000,10670,Malden Center #13,Malden,False,0.0,0.0,0.0,0.0,0.0,0.0
E0,5,"(1,1,1,1,1)",7,200000,10701,Malden Center #11,Malden,False,0.0,0.0,0.0,0.0,0.0,0.0
E0,5,"(1,1,1,1,1)",7,200000,10696,Malden Center #12,Malden,False,0.0,0.0,0.0,0.0,0.0,0.0
E0,5,"(1,1,1,1,1)",7,200000,10692,Malden Center #8,Malden,False,0.0,0.0,0.0,0.0,0.024275,0.0
E0,5,"(1,1,1,1,1)",7,200000,10676,Malden Center #15,Malden,False,0.0,0.0,0.0,0.0,0.0,0.0
E0,5,"(1,1,1,1,1)",7,200000,10618,Malden Center #16,Malden,False,0.0,0.0,0.0,0.0,0.0,0.0
E0,5,"(1,1,1,1,1)",7,200000,8128,Eliot #2,Newton,False,0.0,0.0,0.0,0.0,0.0,0.0
E0,5,"(1,1,1,1,1)",7,200000,8427,Newton Centre #1,Newton,False,0.0,0.0,0.0,0.0,0.0,0.0
E0,5,"(1,1,1,1,1)",7,200000,8298,Chestnut Hill #1,Newton,True,0.0,0.0,0.0,0.0,5e-06,0.0
E0,5,"(1,1,1,1,1)",7,200000,8165,Eliot #1,Newton,False,0.0,0.0,0.0,0.0,0.0,0.0
E0,5,"(1,1,1,1,1)",7,200000,8140,Eliot #5,Newton,False,0.0,0.0,0.0,0.0,0.0,0.0
E0,5,"(1,1,1,1,1)",7,200000,8116,Eliot #6,Newton,False,0.0,0.0,0.0,0.0,0.0,0.0
E0,5,"(1,1,1,1,1)",7,200000,8205,Newton Highlands #2,Newton,False,0.0,0.0,0.0,0.0,0.0,0.0
E0,5,"(1,1,1,1,1)",7,200000,8136,Eliot #3,Newton,False,0.0,0.0,0.0,0.0,0.0,0.0
E0,5,"(1,1,1,1,1)",7,200000,8385,Newton Centre #2,Newton,False,0.0,0.0,0.0,0.0,0.0,0.0
E0,5,"(1,1,1,1,1)",7,200000,8159,Newton Highlands #1,Newton,False,0.0,0.0,0.0,0.0,0.0,0.0
E0,5,"(1,1,1,1,1)",7,200000,8229,Newton Highlands #3,Newton,False,0.0,0.0,0.0,0.0,0.0,0.0
E0,5,"(1,1,1,1,1)",7,200000,8175,Eliot #8,Newton,False,0.0,0.0,0.0,0.0,0.0,0.0
E0,5,"(1,1,1,1,1)",7,200000,8379,Newton Centre #4,Newton,False,0.0,0.0,0.0,0.0,0.0,0.0
E0,5,"(1,1,1,1,1)",7,200000,8341,Waban #1,Newton,False,0.0,0.0,0.0,0.0,0.0,0.0
E0,5,"(1,1,1,1,1)",7,200000,8407,Newton Centre #5,Newton,False,0.0,0.0,0.0,0.0,0.0,0.0
E0,5,"(1,1,1,1,1)",7,200000,8388,Newton Centre #7,Newton,False,0.0,0.0,0.0,0.0,0.0,0.0
E0,5,"(1,1,1,1,1)",7,200000,8500,Newton Centre #10,Newton,False,0.0,0.0,0.0,0.0,0.0,0.0
E0,5,"(1,1,1,1,1)",7,200000,8143,Newton Highlands #5,Newton,False,0.0,0.0,0.0,0.0,0.0,0.0
E0,5,"(1,1,1,1,1)",7,200000,8408,Newton Centre #9,Newton,False,0.0,0.0,0.0,0.0,0.0,0.0
E0,5,"(1,1,1,1,1)",7,200000,8410,Newton Centre #6,Newton,False,0.0,0.0,0.0,0.0,0.0,0.0
E0,5,"(1,1,1,1,1)",7,200000,8102,Eliot #4,Newton,False,0.0,0.0,0.0,0.0,0.0,0.0
E0,5,"(1,1,1,1,1)",7,200000,8115,Eliot #7,Newton,False,0.0,0.0,0.0,0.0,0.0,0.0
E0,5,"(1,1,1,1,1)",7,200000,8418,Newton Centre #8,Newton,False,0.0,0.0,0.0,0.0,0.0,0.0
E0,5,"(1,1,1,1,1)",7,200000,8169,Eliot #9,Newton,False,0.0,0.0,0.0,0.0,0.0,0.0
E0,5,"(1,1,1,1,1)",7,200000,8214,Newton Highlands #4,Newton,False,0.0,0.0,0.0,0.0,0.0,0.0
E0,5,"(1,1,1,1,1)",7,200000,8400,Newton Centre #3,Newton,False,0.0,0.0,0.0,0.0,0.0,0.0
E0,5,"(1,1,1,1,1)",7,200000,8213,Newton Highlands #6,Newton,False,0.0,0.0,0.0,0.0,0.0,0.0
E0,5,"(1,1,1,1,1)",7,200000,8217,Newton Highlands #7,Newton,False,0.0,0.0,0.0,0.0,0.0,0.0
E0,5,"(1,1,1,1,1)",7,200000,8394,Newton Centre #11,Newton,False,0.0,0.0,0.0,0.0,0.0,0.0
E0,5,"(1,1,1,1,1)",7,200000,10236,Wellington #1,Medford,False,0.0,0.0,0.0,0.0,0.0,0.0
E0,5,"(1,1,1,1,1)",7,200000,10364,Medford/Tufts #1,Medford,True,0.0,0.0,0.0,0.0,0.00091,0.0
E0,5,"(1,1,1,1,1)",7,200000,10200,Wellington #2,Medford,False,0.0,0.0,0.0,0.0,0.0,0.0
E0,5,"(1,1,1,1,1)",7,200000,10366,Medford/Tufts #2,Medford,False,0.0,0.0,0.0,0.0,0.0,0.0
E0,5,"(1,1,1,1,1)",7,200000,10230,Ball Square #5,Medford,False,0.0,0.0,0.0,0.0,0.0,0.0
E0,5,"(1,1,1,1,1)",7,200000,10211,Ball Square #2,Medford,False,0.0,0.0,0.0,0.0,0.0,0.0
E0,5,"(1,1,1,1,1)",7,200000,10231,Ball Square #7,Medford,False,0.0,0.0,0.0,0.0,0.0,0.0
E0,5,"(1,1,1,1,1)",7,200000,10316,Medford/Tufts #3,Medford,False,0.0,0.0,0.0,0.0,0.0,0.0
E0,5,"(1,1,1,1,1)",7,200000,10369,Revere Beach #1,Revere,True,0.130465,0.130465,0.0,0.130465,0.275195,0.0007531397074082603
E0,5,"(1,1,1,1,1)",7,200000,10358,Revere Beach #2,Revere,True,0.0019,0.0019,0.0,0.0019,0.051905,9.73753048775715e-05
E0,5,"(1,1,1,1,1)",7,200000,10381,Wonderland #1,Revere,True,0.16712,0.16712,0.0,0.16712,0.329775,0.00083423889144537
E0,5,"(1,1,1,1,1)",7,200000,10326,Revere Beach #4,Revere,False,0.0,0.0,0.0,0.0,0.00578,0.0
E0,5,"(1,1,1,1,1)",7,200000,10520,Wonderland #2,Revere,False,0.0,0.0,0.0,0.0,0.0,0.0
E0,5,"(1,1,1,1,1)",7,200000,10273,Revere Beach #3,Revere,True,0.000125,0.000125,0.0,0.000125,0.02264,2.4998437451168822e-05
E0,5,"(1,1,1,1,1)",7,200000,10281,Revere Beach #5,Revere,True,1.5e-05,1.5e-05,0.0,1.5e-05,0.012765,8.660189085695532e-06
E0,5,"(1,1,1,1,1)",7,200000,10262,Revere Beach #6,Revere,False,0.0,0.0,0.0,0.0,0.0,0.0
E0,5,"(1,1,1,1,1)",7,200000,10285,Revere Beach #7,Revere,False,0.0,0.0,0.0,0.0,0.002405,0.0
E0,5,"(1,1,1,1,1)",7,200000,6730,Quincy Center #2,Quincy,False,0.0,0.0,0.0,0.0,0.0,0.0
E0,5,"(1,1,1,1,1)",7,200000,6771,Quincy Center #4,Quincy,True,0.0,0.0,0.0,0.0,0.0,0.0
E0,5,"(1,1,1,1,1)",7,200000,6760,Quincy Center #1,Quincy,True,0.0,0.0,0.0,0.0,0.128675,0.0
E0,5,"(1,1,1,1,1)",7,200000,6766,Quincy Center #8,Quincy,False,0.0,0.0,0.0,0.0,0.0,0.0
E0,5,"(1,1,1,1,1)",7,200000,6886,Quincy Center #12,Quincy,False,0.0,0.0,0.0,0.0,0.0,0.0
E0,5,"(1,1,1,1,1)",7,200000,6782,Quincy Center #3,Quincy,False,0.0,0.0,0.0,0.0,0.0,0.0
E0,5,"(1,1,1,1,1)",7,200000,7340,North Quincy #5,Quincy,False,0.0,0.0,0.0,0.0,0.0,0.0
E0,5,"(1,1,1,1,1)",7,200000,7424,North Quincy #3,Quincy,False,0.0,0.0,0.0,0.0,0.0,0.0
E0,5,"(1,1,1,1,1)",7,200000,7487,North Quincy #1,Quincy,False,0.0,0.0,0.0,0.0,0.0,0.0
E0,5,"(1,1,1,1,1)",7,200000,7173,Wollaston #2,Quincy,True,0.01316,0.01316,0.0,0.01316,0.27442,0.0002548216474320814
E0,5,"(1,1,1,1,1)",7,200000,7176,Wollaston #5,Quincy,False,0.0,0.0,0.0,0.0,0.0,0.0
E0,5,"(1,1,1,1,1)",7,200000,7529,North Quincy #2,Quincy,True,0.0,0.0,0.0,0.0,0.0,0.0
E0,5,"(1,1,1,1,1)",7,200000,6755,Quincy Center #9,Quincy,False,0.0,0.0,0.0,0.0,0.0,0.0
E0,5,"(1,1,1,1,1)",7,200000,7196,Wollaston #3,Quincy,False,0.0,0.0,0.0,0.0,0.0,0.0
E0,5,"(1,1,1,1,1)",7,200000,6710,Quincy Center #10,Quincy,False,0.0,0.0,0.0,0.0,0.0,0.0
E0,5,"(1,1,1,1,1)",7,200000,6758,Quincy Center #6,Quincy,False,0.0,0.0,0.0,0.0,0.0,0.0
E0,5,"(1,1,1,1,1)",7,200000,6729,Quincy Center #7,Quincy,False,0.0,0.0,0.0,0.0,0.0,0.0
E0,5,"(1,1,1,1,1)",7,200000,7300,Wollaston #1,Quincy,True,0.056135,0.056135,0.0,0.056135,0.467165,0.0005147031269333808
E0,5,"(1,1,1,1,1)",7,200000,6736,Quincy Center #5,Quincy,False,0.0,0.0,0.0,0.0,0.0,0.0
E0,5,"(1,1,1,1,1)",7,200000,7180,Wollaston #4,Quincy,False,0.0,0.0,0.0,0.0,0.0,0.0
E0,5,"(1,1,1,1,1)",7,200000,7310,North Quincy #7,Quincy,False,0.0,0.0,0.0,0.0,0.0,0.0
E0,5,"(1,1,1,1,1)",7,200000,7346,North Quincy #6,Quincy,False,0.0,0.0,0.0,0.0,0.0,0.0
E0,5,"(1,1,1,1,1)",7,200000,6857,Quincy Center #11,Quincy,False,0.0,0.0,0.0,0.0,0.0,0.0
E0,5,"(1,1,1,1,1)",7,200000,6472,Quincy Adams #2,Quincy,False,0.0,0.0,0.0,0.0,0.0,0.0
E0,5,"(1,1,1,1,1)",7,200000,7329,North Quincy #8,Quincy,False,0.0,0.0,0.0,0.0,0.0,0.0
E0,5,"(1,1,1,1,1)",7,200000,7338,North Quincy #4,Quincy,False,0.0,0.0,0.0,0.0,0.0,0.0
E0,5,"(1,1,1,1,1)",7,200000,6762,Quincy Center #13,Quincy,False,0.0,0.0,0.0,0.0,0.0,0.0
E0,5,"(1,1,1,1,1)",7,200000,7241,North Quincy #9,Quincy,False,0.0,0.0,0.0,0.0,0.0,0.0
E0,5,"(1,1,1,1,1)",7,200000,6781,Quincy Center #14,Quincy,False,0.0,0.0,0.0,0.0,0.0,0.0
E0,5,"(1,1,1,1,1)",7,200000,7183,Wollaston #8,Quincy,False,0.0,0.0,0.0,0.0,0.0,0.0
E0,5,"(1,1,1,1,1)",7,200000,7360,North Quincy #10,Quincy,False,0.0,0.0,0.0,0.0,0.0,0.0
E0,5,"(1,1,1,1,1)",7,200000,7163,Wollaston #6,Quincy,False,0.0,0.0,0.0,0.0,0.0,0.0
E0,5,"(1,1,1,1,1)",7,200000,6474,Quincy Adams #1,Quincy,True,0.00274,0.00274,0.0,0.00274,0.050205,0.0001168865347249203
E0,5,"(1,1,1,1,1)",7,200000,7088,Wollaston #10,Quincy,False,0.0,0.0,0.0,0.0,0.0,0.0
E0,5,"(1,1,1,1,1)",7,200000,6465,Quincy Adams #3,Quincy,False,0.0,0.0,0.0,0.0,0.0,0.0
E0,5,"(1,1,1,1,1)",7,200000,7190,Wollaston #7,Quincy,False,0.0,0.0,0.0,0.0,0.0,0.0
E0,5,"(1,1,1,1,1)",7,200000,7194,Wollaston #9,Quincy,False,0.0,0.0,0.0,0.0,0.0,0.0
E0,5,"(1,1,1,1,1)",7,200000,5973,Braintree #1,Braintree,True,0.12085,0.12085,0.0,0.12085,0.33788,0.000728852788634303
E0,5,"(1,1,1,1,1)",7,200000,6019,Braintree #2,Braintree,True,0.0,0.0,0.0,0.0,0.2366,0.0
E0,5,"(1,1,1,1,1)",7,200000,5982,Braintree #5,Braintree,False,0.0,0.0,0.0,0.0,0.0,0.0
E0,5,"(1,1,1,1,1)",7,200000,5965,Braintree #4,Braintree,False,0.0,0.0,0.0,0.0,0.0,0.0
E0,5,"(1,1,1,1,1)",7,200000,5966,Braintree #3,Braintree,False,0.0,0.0,0.0,0.0,0.0,0.0
E0,5,"(1,1,1,1,1)",7,200000,5992,Braintree #7,Braintree,False,0.0,0.0,0.0,0.0,0.0,0.0
E0,5,"(1,1,1,1,1)",7,200000,5999,Braintree #6,Braintree,False,0.0,0.0,0.0,0.0,0.0,0.0
E0,5,"(1,1,1,1,1)",7,200000,5967,Braintree #8,Braintree,False,0.0,0.0,0.0,0.0,0.0,0.0
E0,5,"(1,1,1,1,1)",7,200000,5991,Braintree #9,Braintree,False,0.0,0.0,0.0,0.0,0.0,0.0
E2,5,"(1,1,1,1,1)",7,200000,9475,East Somerville #1,Somerville,True,0.001385,0.001385,0.0,0.001385,0.009445,8.315893743308653e-05
E2,5,"(1,1,1,1,1)",7,200000,9577,Union Square #1,Somerville,True,0.00062,0.00062,0.0,0.00062,0.01095,5.5660380882635e-05
E2,5,"(1,1,1,1,1)",7,200000,9695,Union Square #2,Somerville,False,0.0,0.0,0.0,0.0,0.000175,0.0
E2,5,"(1,1,1,1,1)",7,200000,9766,Porter #2,Somerville,True,0.0,0.0,0.0,0.0,0.000985,0.0
E2,5,"(1,1,1,1,1)",7,200000,9986,Gilman Square #1,Somerville,True,0.0,0.0,0.0,0.0,0.0,0.0
E2,5,"(1,1,1,1,1)",7,200000,9457,Lechmere #1,Somerville,True,0.0,0.0,0.0,0.0,0.00749,0.0
E2,5,"(1,1,1,1,1)",7,200000,9588,East Somerville #3,Somerville,False,0.0,0.0,0.0,0.0,0.0,0.0
E2,5,"(1,1,1,1,1)",7,200000,10038,Davis #1,Somerville,True,0.0,0.0,0.0,0.0,5.5e-05,0.0
E2,5,"(1,1,1,1,1)",7,200000,9679,Union Square #3,Somerville,False,0.0,0.0,0.0,0.0,0.0,0.0
E2,5,"(1,1,1,1,1)",7,200000,9653,East Somerville #2,Somerville,True,0.0,0.0,0.0,0.0,0.0,0.0
E2,5,"(1,1,1,1,1)",7,200000,9620,Union Square #4,Somerville,False,0.0,0.0,0.0,0.0,0.0,0.0
E2,5,"(1,1,1,1,1)",7,200000,9660,Union Square #9,Somerville,False,0.0,0.0,0.0,0.0,0.0,0.0
E2,5,"(1,1,1,1,1)",7,200000,9525,Union Square #6,Somerville,False,0.0,0.0,0.0,0.0,0.0,0.0
E2,5,"(1,1,1,1,1)",7,200000,9471,Union Square #7,Somerville,False,0.0,0.0,0.0,0.0,0.0,0.0
E2,5,"(1,1,1,1,1)",7,200000,10018,Davis #2,Somerville,True,0.0,0.0,0.0,0.0,0.0,0.0
E2,5,"(1,1,1,1,1)",7,200000,10040,Davis #5,Somerville,False,0.0,0.0,0.0,0.0,0.0,0.0
E2,5,"(1,1,1,1,1)",7,200000,9608,Union Square #10,Somerville,False,0.0,0.0,0.0,0.0,0.0,0.0
E2,5,"(1,1,1,1,1)",7,200000,10034,Davis #3,Somerville,False,0.0,0.0,0.0,0.0,0.0,0.0
E2,5,"(1,1,1,1,1)",7,200000,9548,East Somerville #5,Somerville,False,0.0,0.0,0.0,0.0,0.0,0.0
E2,5,"(1,1,1,1,1)",7,200000,9591,Union Square #8,Somerville,False,0.0,0.0,0.0,0.0,0.0,0.0
E2,5,"(1,1,1,1,1)",7,200000,10021,Davis #8,Somerville,False,0.0,0.0,0.0,0.0,0.0,0.0
E2,5,"(1,1,1,1,1)",7,200000,9817,Porter #4,Somerville,False,0.0,0.0,0.0,0.0,0.0,0.0
E2,5,"(1,1,1,1,1)",7,200000,9640,Union Square #11,Somerville,False,0.0,0.0,0.0,0.0,0.0,0.0
E2,5,"(1,1,1,1,1)",7,200000,10054,Davis #10,Somerville,False,0.0,0.0,0.0,0.0,0.0,0.0
E2,5,"(1,1,1,1,1)",7,200000,9818,Sullivan Square #3,Somerville,True,0.00011,0.00011,0.0,0.00011,0.002655,2.3450788899309977e-05
E2,5,"(1,1,1,1,1)",7,200000,9863,Sullivan Square #1,Somerville,True,0.00136,0.00136,0.0,0.00136,0.04289,8.240601919762901e-05
E2,5,"(1,1,1,1,1)",7,200000,9643,Union Square #14,Somerville,False,0.0,0.0,0.0,0.0,0.0,0.0
E2,5,"(1,1,1,1,1)",7,200000,9667,East Somerville #4,Somerville,False,0.0,0.0,0.0,0.0,0.0,0.0
E2,5,"(1,1,1,1,1)",7,200000,10006,Gilman Square #2,Somerville,True,0.0,0.0,0.0,0.0,0.0,0.0
E2,5,"(1,1,1,1,1)",7,200000,9905,Gilman Square #7,Somerville,False,0.0,0.0,0.0,0.0,0.0,0.0
E2,5,"(1,1,1,1,1)",7,200000,10043,Davis #6,Somerville,False,0.0,0.0,0.0,0.0,0.0,0.0
E2,5,"(1,1,1,1,1)",7,200000,9810,Sullivan Square #2,Somerville,True,0.000405,0.000405,0.0,0.000405,0.01237,4.499088657717249e-05
E2,5,"(1,1,1,1,1)",7,200000,9463,Union Square #15,Somerville,False,0.0,0.0,0.0,0.0,0.0,0.0
E2,5,"(1,1,1,1,1)",7,200000,10118,Davis #12,Somerville,False,0.0,0.0,0.0,0.0,0.0,0.0
E2,5,"(1,1,1,1,1)",7,200000,9700,Union Square #19,Somerville,False,0.0,0.0,0.0,0.0,0.0,0.0
E2,5,"(1,1,1,1,1)",7,200000,9696,Union Square #18,Somerville,False,0.0,0.0,0.0,0.0,0.0,0.0
E2,5,"(1,1,1,1,1)",7,200000,10042,Davis #15,Somerville,False,0.0,0.0,0.0,0.0,0.0,0.0
E2,5,"(1,1,1,1,1)",7,200000,10046,Davis #9,Somerville,False,0.0,0.0,0.0,0.0,0.0,0.0
E2,5,"(1,1,1,1,1)",7,200000,9877,Gilman Square #4,Somerville,False,0.0,0.0,0.0,0.0,0.0,0.0
E2,5,"(1,1,1,1,1)",7,200000,9639,Union Square #12,Somerville,False,0.0,0.0,0.0,0.0,0.0,0.0
E2,5,"(1,1,1,1,1)",7,200000,10059,Magoun Square #1,Somerville,False,0.0,0.0,0.0,0.0,0.0,0.0
E2,5,"(1,1,1,1,1)",7,200000,9850,Gilman Square #11,Somerville,False,0.0,0.0,0.0,0.0,0.0,0.0
E2,5,"(1,1,1,1,1)",7,200000,10064,Magoun Square #2,Somerville,False,0.0,0.0,0.0,0.0,0.0,0.0
E2,5,"(1,1,1,1,1)",7,200000,10065,Davis #14,Somerville,False,0.0,0.0,0.0,0.0,0.0,0.0
E2,5,"(1,1,1,1,1)",7,200000,9842,Sullivan Square #4,Somerville,False,0.0,0.0,0.0,0.0,0.000205,0.0
E2,5,"(1,1,1,1,1)",7,200000,10126,Ball Square #1,Somerville,False,0.0,0.0,0.0,0.0,0.0,0.0
E2,5,"(1,1,1,1,1)",7,200000,9890,Gilman Square #9,Somerville,False,0.0,0.0,0.0,0.0,0.0,0.0
E2,5,"(1,1,1,1,1)",7,200000,9989,Gilman Square #3,Somerville,False,0.0,0.0,0.0,0.0,0.0,0.0
E2,5,"(1,1,1,1,1)",7,200000,10123,Ball Square #3,Somerville,False,0.0,0.0,0.0,0.0,0.0,0.0
E2,5,"(1,1,1,1,1)",7,200000,9628,East Somerville #6,Somerville,False,0.0,0.0,0.0,0.0,0.0,0.0
E2,5,"(1,1,1,1,1)",7,200000,9867,Gilman Square #10,Somerville,False,0.0,0.0,0.0,0.0,0.0,0.0
E2,5,"(1,1,1,1,1)",7,200000,9872,Gilman Square #6,Somerville,False,0.0,0.0,0.0,0.0,0.0,0.0
E2,5,"(1,1,1,1,1)",7,200000,10143,Ball Square #4,Somerville,False,0.0,0.0,0.0,0.0,0.0,0.0
E2,5,"(1,1,1,1,1)",7,200000,9976,Gilman Square #5,Somerville,False,0.0,0.0,0.0,0.0,0.0,0.0
E2,5,"(1,1,1,1,1)",7,200000,9845,Sullivan Square #5,Somerville,False,0.0,0.0,0.0,0.0,0.0,0.0
E2,5,"(1,1,1,1,1)",7,200000,10031,Magoun Square #3,Somerville,False,0.0,0.0,0.0,0.0,0.0,0.0
E2,5,"(1,1,1,1,1)",7,200000,10140,Ball Square #6,Somerville,False,0.0,0.0,0.0,0.0,0.0,0.0
E2,5,"(1,1,1,1,1)",7,200000,9887,Gilman Square #8,Somerville,False,0.0,0.0,0.0,0.0,0.0,0.0
E2,5,"(1,1,1,1,1)",7,200000,10012,Assembly #4,Somerville,True,0.0,0.0,0.0,0.0,0.0,0.0
E2,5,"(1,1,1,1,1)",7,200000,9995,Assembly #5,Somerville,False,0.0,0.0,0.0,0.0,0.0,0.0
E2,5,"(1,1,1,1,1)",7,200000,9921,Porter #1,Cambridge,True,0.00337,0.00337,0.0,0.00337,0.04325,0.00012958863954838016
E2,5,"(1,1,1,1,1)",7,200000,9427,Union Square #5,Cambridge,True,0.0,0.0,0.0,0.0,1e-05,0.0
E2,5,"(1,1,1,1,1)",7,200000,9397,Harvard #1,Cambridge,True,0.09368,0.09368,0.0,0.09368,0.21256,0.0006515522143312844
E2,5,"(1,1,1,1,1)",7,200000,9441,Harvard #2,Cambridge,True,0.0,0.0,0.0,0.0,0.162935,0.0
E2,5,"(1,1,1,1,1)",7,200000,9965,Alewife #1,Cambridge,True,0.000285,0.000285,0.0,0.000285,0.04505,3.7743792535991926e-05
E2,5,"(1,1,1,1,1)",7,200000,9206,Central #2,Cambridge,True,5e-05,5e-05,0.0,5e-05,0.00263,1.5810993011193194e-05
E2,5,"(1,1,1,1,1)",7,200000,9289,Central #1,Cambridge,True,0.00078,0.00078,0.0,0.00078,0.02065,6.242561974061611e-05
E2,5,"(1,1,1,1,1)",7,200000,9325,Harvard #3,Cambridge,True,0.0,0.0,0.0,0.0,0.14163,0.0
E2,5,"(1,1,1,1,1)",7,200000,9179,Central #3,Cambridge,False,0.0,0.0,0.0,0.0,4e-05,0.0
E2,5,"(1,1,1,1,1)",7,200000,9382,Union Square #20,Cambridge,False,0.0,0.0,0.0,0.0,0.0,0.0
E2,5,"(1,1,1,1,1)",7,200000,9928,Alewife #2,Cambridge,False,0.0,0.0,0.0,0.0,0.00385,0.0
E2,5,"(1,1,1,1,1)",7,200000,9768,Porter #3,Cambridge,True,0.0,0.0,0.0,0.0,0.0,0.0
E2,5,"(1,1,1,1,1)",7,200000,9208,Central #6,Cambridge,False,0.0,0.0,0.0,0.0,5e-06,0.0
E2,5,"(1,1,1,1,1)",7,200000,9168,Central #4,Cambridge,True,0.0,0.0,0.0,0.0,2e-05,0.0
E2,5,"(1,1,1,1,1)",7,200000,9975,Davis #4,Cambridge,False,0.0,0.0,0.0,0.0,0.0,0.0
E2,5,"(1,1,1,1,1)",7,200000,9278,Lechmere #3,Cambridge,False,0.0,0.0,0.0,0.0,5e-06,0.0
E2,5,"(1,1,1,1,1)",7,200000,9239,Central #7,Cambridge,False,0.0,0.0,0.0,0.0,2e-05,0.0
E2,5,"(1,1,1,1,1)",7,200000,9449,Union Square #17,Cambridge,False,0.0,0.0,0.0,0.0,0.0,0.0
E2,5,"(1,1,1,1,1)",7,200000,9298,Lechmere #2,Cambridge,True,0.000215,0.000215,0.0,0.000215,0.0033,3.278366780883433e-05
E2,5,"(1,1,1,1,1)",7,200000,9895,Porter #6,Cambridge,False,0.0,0.0,0.0,0.0,0.0,0.0
E2,5,"(1,1,1,1,1)",7,200000,9237,Central #5,Cambridge,True,0.0,0.0,0.0,0.0,0.000165,0.0
E2,5,"(1,1,1,1,1)",7,200000,9706,Porter #8,Cambridge,False,0.0,0.0,0.0,0.0,0.0,0.0
E2,5,"(1,1,1,1,1)",7,200000,9447,Harvard #4,Cambridge,True,0.021655,0.021655,0.0,0.021655,0.100205,0.0003254693608851684
E2,5,"(1,1,1,1,1)",7,200000,9862,Porter #9,Cambridge,False,0.0,0.0,0.0,0.0,0.0,0.0
E2,5,"(1,1,1,1,1)",7,200000,9406,Union Square #13,Cambridge,False,0.0,0.0,0.0,0.0,0.0,0.0
E2,5,"(1,1,1,1,1)",7,200000,10017,Davis #13,Cambridge,False,0.0,0.0,0.0,0.0,0.0,0.0
E2,5,"(1,1,1,1,1)",7,200000,10015,Davis #11,Cambridge,False,0.0,0.0,0.0,0.0,0.0,0.0
E2,5,"(1,1,1,1,1)",7,200000,10116,Davis #7,Cambridge,False,0.0,0.0,0.0,0.0,0.0,0.0
E2,5,"(1,1,1,1,1)",7,200000,9808,Porter #5,Cambridge,False,0.0,0.0,0.0,0.0,0.0,0.0
E2,5,"(1,1,1,1,1)",7,200000,9438,Union Square #16,Cambridge,True,0.000485,0.000485,0.0,0.000485,0.00429,4.923234582060863e-05
E2,5,"(1,1,1,1,1)",7,200000,9919,Porter #7,Cambridge,False,0.0,0.0,0.0,0.0,0.0,0.0
E2,5,"(1,1,1,1,1)",7,200000,9957,Porter #10,Cambridge,False,0.0,0.0,0.0,0.0,0.0,0.0
E2,5,"(1,1,1,1,1)",7,200000,9704,Porter #11,Cambridge,False,0.0,0.0,0.0,0.0,0.0,0.0
E2,5,"(1,1,1,1,1)",7,200000,9784,Porter #12,Cambridge,False,0.0,0.0,0.0,0.0,0.0,0.0
E2,5,"(1,1,1,1,1)",7,200000,10060,Davis #16,Cambridge,False,0.0,0.0,0.0,0.0,0.0,0.0
E2,5,"(1,1,1,1,1)",7,200000,8547,Coolidge Corner #1,Brookline,True,0.0,0.0,0.0,0.0,0.0,0.0
E2,5,"(1,1,1,1,1)",7,200000,8787,Harvard Avenue #1,Brookline,True,0.0,0.0,0.0,0.0,0.049215,0.0
E2,5,"(1,1,1,1,1)",7,200000,8527,Brookline Village #2,Brookline,False,0.0,0.0,0.0,0.0,0.0,0.0
E2,5,"(1,1,1,1,1)",7,200000,8650,Coolidge Corner #4,Brookline,False,0.0,0.0,0.0,0.0,0.0,0.0
E2,5,"(1,1,1,1,1)",7,200000,8640,Coolidge Corner #3,Brookline,False,0.0,0.0,0.0,0.0,0.0,0.0
E2,5,"(1,1,1,1,1)",7,200000,8568,Washington Square #1,Brookline,False,0.0,0.0,0.0,0.0,0.0,0.0
E2,5,"(1,1,1,1,1)",7,200000,8539,Tappan Street #1,Brookline,False,0.0,0.0,0.0,0.0,0.0,0.0
E2,5,"(1,1,1,1,1)",7,200000,8466,Brookline Village #3,Brookline,False,0.0,0.0,0.0,0.0,0.0,0.0
E2,5,"(1,1,1,1,1)",7,200000,8865,Amory Street #1,Brookline,True,0.003975,0.003975,0.0,0.003975,0.03521,0.00014069824759036626
E2,5,"(1,1,1,1,1)",7,200000,8704,Saint Mary's Street #1,Brookline,True,0.0,0.0,0.0,0.0,0.0,0.0
E2,5,"(1,1,1,1,1)",7,200000,8452,Brookline Village #1,Brookline,True,0.0,0.0,0.0,0.0,0.0,0.0
E2,5,"(1,1,1,1,1)",7,200000,8617,Coolidge Corner #2,Brookline,True,0.0,0.0,0.0,0.0,0.0,0.0
E2,5,"(1,1,1,1,1)",7,200000,8624,Coolidge Corner #12,Brookline,False,0.0,0.0,0.0,0.0,0.0,0.0
E2,5,"(1,1,1,1,1)",7,200000,8728,Harvard Avenue #2,Brookline,False,0.0,0.0,0.0,0.0,2.5e-05,0.0
E2,5,"(1,1,1,1,1)",7,200000,8902,Babcock Street #1,Brookline,True,0.0,0.0,0.0,0.0,0.00027,0.0
E2,5,"(1,1,1,1,1)",7,200000,8708,Saint Mary's Street #2,Brookline,False,0.0,0.0,0.0,0.0,0.0,0.0
E2,5,"(1,1,1,1,1)",7,200000,8553,Washington Square #2,Brookline,False,0.0,0.0,0.0,0.0,0.0,0.0
E2,5,"(1,1,1,1,1)",7,200000,8487,Brookline Hills #4,Brookline,False,0.0,0.0,0.0,0.0,0.0,0.0
E2,5,"(1,1,1,1,1)",7,200000,8647,Coolidge Corner #8,Brookline,False,0.0,0.0,0.0,0.0,0.0,0.0
E2,5,"(1,1,1,1,1)",7,200000,8593,Coolidge Corner #9,Brookline,False,0.0,0.0,0.0,0.0,0.0,0.0
E2,5,"(1,1,1,1,1)",7,200000,8672,Summit Avenue #1,Brookline,False,0.0,0.0,0.0,0.0,0.0,0.0
E2,5,"(1,1,1,1,1)",7,200000,8399,Brookline Hills #2,Brookline,False,0.0,0.0,0.0,0.0,0.0,0.0
E2,5,"(1,1,1,1,1)",7,200000,8281,Chestnut Hill #2,Brookline,False,0.0,0.0,0.0,0.0,0.0,0.0
E2,5,"(1,1,1,1,1)",7,200000,8476,Brookline Hills #1,Brookline,False,0.0,0.0,0.0,0.0,0.0,0.0
E2,5,"(1,1,1,1,1)",7,200000,8626,Coolidge Corner #5,Brookline,False,0.0,0.0,0.0,0.0,0.0,0.0
E2,5,"(1,1,1,1,1)",7,200000,8685,Saint Mary's Street #3,Brookline,False,0.0,0.0,0.0,0.0,0.0,0.0
E2,5,"(1,1,1,1,1)",7,200000,8596,Summit Avenue #2,Brookline,False,0.0,0.0,0.0,0.0,0.0,0.0
E2,5,"(1,1,1,1,1)",7,200000,8657,Coolidge Corner #7,Brookline,False,0.0,0.0,0.0,0.0,0.0,0.0
E2,5,"(1,1,1,1,1)",7,200000,8575,Washington Square #4,Brookline,False,0.0,0.0,0.0,0.0,0.0,0.0
E2,5,"(1,1,1,1,1)",7,200000,8383,Brookline Hills #3,Brookline,False,0.0,0.0,0.0,0.0,0.0,0.0
E2,5,"(1,1,1,1,1)",7,200000,8680,Summit Avenue #3,Brookline,False,0.0,0.0,0.0,0.0,0.0,0.0
E2,5,"(1,1,1,1,1)",7,200000,8649,Coolidge Corner #6,Brookline,False,0.0,0.0,0.0,0.0,0.0,0.0
E2,5,"(1,1,1,1,1)",7,200000,8600,Coolidge Corner #11,Brookline,False,0.0,0.0,0.0,0.0,0.0,0.0
E2,5,"(1,1,1,1,1)",7,200000,8486,Brookline Village #4,Brookline,False,0.0,0.0,0.0,0.0,0.0,0.0
E2,5,"(1,1,1,1,1)",7,200000,8558,Washington Square #3,Brookline,False,0.0,0.0,0.0,0.0,0.0,0.0
E2,5,"(1,1,1,1,1)",7,200000,8419,Brookline Village #5,Brookline,False,0.0,0.0,0.0,0.0,0.0,0.0
E2,5,"(1,1,1,1,1)",7,200000,8598,Summit Avenue #4,Brookline,False,0.0,0.0,0.0,0.0,0.0,0.0
E2,5,"(1,1,1,1,1)",7,200000,8611,Coolidge Corner #10,Brookline,False,0.0,0.0,0.0,0.0,0.0,0.0
E2,5,"(1,1,1,1,1)",7,200000,8555,Tappan Street #2,Brookline,False,0.0,0.0,0.0,0.0,0.0,0.0
E2,5,"(1,1,1,1,1)",7,200000,8878,Amory Street #2,Brookline,False,0.0,0.0,0.0,0.0,3.5e-05,0.0
E2,5,"(1,1,1,1,1)",7,200000,8411,Brookline Hills #5,Brookline,False,0.0,0.0,0.0,0.0,0.0,0.0
E2,5,"(1,1,1,1,1)",7,200000,8255,Chestnut Hill #3,Brookline,False,0.0,0.0,0.0,0.0,0.0,0.0
E2,5,"(1,1,1,1,1)",7,200000,8274,Chestnut Hill #4,Brookline,False,0.0,0.0,0.0,0.0,0.0,0.0
E2,5,"(1,1,1,1,1)",7,200000,10667,Malden Center #1,Malden,True,0.34972,0.34972,0.0,0.34972,0.67749,0.0010663393493630438
E2,5,"(1,1,1,1,1)",7,200000,10682,Malden Center #5,Malden,False,0.0,0.0,0.0,0.0,0.06922,0.0
E2,5,"(1,1,1,1,1)",7,200000,10616,Malden Center #2,Malden,True,0.02543,0.02543,0.0,0.02543,0.602495,0.00035201786247291485
E2,5,"(1,1,1,1,1)",7,200000,10664,Malden Center #3,Malden,False,0.0,0.0,0.0,0.0,0.1236,0.0
E2,5,"(1,1,1,1,1)",7,200000,10665,Malden Center #4,Malden,True,0.00371,0.00371,0.0,0.00371,0.277845,0.00013594550194839108
E2,5,"(1,1,1,1,1)",7,200000,10691,Malden Center #9,Malden,True,0.0,0.0,0.0,0.0,0.0,0.0
E2,5,"(1,1,1,1,1)",7,200000,10648,Malden Center #6,Malden,False,0.0,0.0,0.0,0.0,0.01547,0.0
E2,5,"(1,1,1,1,1)",7,200000,10687,Malden Center #7,Malden,False,0.0,0.0,0.0,0.0,0.0,0.0
E2,5,"(1,1,1,1,1)",7,200000,10779,Oak Grove #1,Malden,False,0.0,0.0,0.0,0.0,0.0,0.0
E2,5,"(1,1,1,1,1)",7,200000,10771,Oak Grove #2,Malden,False,0.0,0.0,0.0,0.0,0.0,0.0
E2,5,"(1,1,1,1,1)",7,200000,10710,Malden Center #10,Malden,True,0.00197,0.00197,0.0,0.00197,0.042355,9.91493595541595e-05
E2,5,"(1,1,1,1,1)",7,200000,10657,Malden Center #14,Malden,False,0.0,0.0,0.0,0.0,0.0,0.0
E2,5,"(1,1,1,1,1)",7,200000,10670,Malden Center #13,Malden,False,0.0,0.0,0.0,0.0,0.0,0.0
E2,5,"(1,1,1,1,1)",7,200000,10701,Malden Center #11,Malden,False,0.0,0.0,0.0,0.0,0.0,0.0
E2,5,"(1,1,1,1,1)",7,200000,10696,Malden Center #12,Malden,False,0.0,0.0,0.0,0.0,0.0,0.0
E2,5,"(1,1,1,1,1)",7,200000,10692,Malden Center #8,Malden,False,0.0,0.0,0.0,0.0,0.028115,0.0
E2,5,"(1,1,1,1,1)",7,200000,10676,Malden Center #15,Malden,False,0.0,0.0,0.0,0.0,0.0,0.0
E2,5,"(1,1,1,1,1)",7,200000,10618,Malden Center #16,Malden,False,0.0,0.0,0.0,0.0,0.0,0.0
E2,5,"(1,1,1,1,1)",7,200000,8128,Eliot #2,Newton,False,0.0,0.0,0.0,0.0,0.0,0.0
E2,5,"(1,1,1,1,1)",7,200000,8427,Newton Centre #1,Newton,False,0.0,0.0,0.0,0.0,0.0,0.0
E2,5,"(1,1,1,1,1)",7,200000,8298,Chestnut Hill #1,Newton,True,0.0,0.0,0.0,0.0,5e-06,0.0
E2,5,"(1,1,1,1,1)",7,200000,8165,Eliot #1,Newton,False,0.0,0.0,0.0,0.0,0.0,0.0
E2,5,"(1,1,1,1,1)",7,200000,8140,Eliot #5,Newton,False,0.0,0.0,0.0,0.0,0.0,0.0
E2,5,"(1,1,1,1,1)",7,200000,8116,Eliot #6,Newton,False,0.0,0.0,0.0,0.0,0.0,0.0
E2,5,"(1,1,1,1,1)",7,200000,8205,Newton Highlands #2,Newton,False,0.0,0.0,0.0,0.0,0.0,0.0
E2,5,"(1,1,1,1,1)",7,200000,8136,Eliot #3,Newton,False,0.0,0.0,0.0,0.0,0.0,0.0
E2,5,"(1,1,1,1,1)",7,200000,8385,Newton Centre #2,Newton,False,0.0,0.0,0.0,0.0,0.0,0.0
E2,5,"(1,1,1,1,1)",7,200000,8159,Newton Highlands #1,Newton,False,0.0,0.0,0.0,0.0,0.0,0.0
E2,5,"(1,1,1,1,1)",7,200000,8229,Newton Highlands #3,Newton,False,0.0,0.0,0.0,0.0,0.0,0.0
E2,5,"(1,1,1,1,1)",7,200000,8175,Eliot #8,Newton,False,0.0,0.0,0.0,0.0,0.0,0.0
E2,5,"(1,1,1,1,1)",7,200000,8379,Newton Centre #4,Newton,False,0.0,0.0,0.0,0.0,0.0,0.0
E2,5,"(1,1,1,1,1)",7,200000,8341,Waban #1,Newton,False,0.0,0.0,0.0,0.0,0.0,0.0
E2,5,"(1,1,1,1,1)",7,200000,8407,Newton Centre #5,Newton,False,0.0,0.0,0.0,0.0,0.0,0.0
E2,5,"(1,1,1,1,1)",7,200000,8388,Newton Centre #7,Newton,False,0.0,0.0,0.0,0.0,0.0,0.0
E2,5,"(1,1,1,1,1)",7,200000,8500,Newton Centre #10,Newton,False,0.0,0.0,0.0,0.0,0.0,0.0
E2,5,"(1,1,1,1,1)",7,200000,8143,Newton Highlands #5,Newton,False,0.0,0.0,0.0,0.0,0.0,0.0
E2,5,"(1,1,1,1,1)",7,200000,8408,Newton Centre #9,Newton,False,0.0,0.0,0.0,0.0,0.0,0.0
E2,5,"(1,1,1,1,1)",7,200000,8410,Newton Centre #6,Newton,False,0.0,0.0,0.0,0.0,0.0,0.0
E2,5,"(1,1,1,1,1)",7,200000,8102,Eliot #4,Newton,False,0.0,0.0,0.0,0.0,0.0,0.0
E2,5,"(1,1,1,1,1)",7,200000,8115,Eliot #7,Newton,False,0.0,0.0,0.0,0.0,0.0,0.0
E2,5,"(1,1,1,1,1)",7,200000,8418,Newton Centre #8,Newton,False,0.0,0.0,0.0,0.0,0.0,0.0
E2,5,"(1,1,1,1,1)",7,200000,8169,Eliot #9,Newton,False,0.0,0.0,0.0,0.0,0.0,0.0
E2,5,"(1,1,1,1,1)",7,200000,8214,Newton Highlands #4,Newton,False,0.0,0.0,0.0,0.0,0.0,0.0
E2,5,"(1,1,1,1,1)",7,200000,8400,Newton Centre #3,Newton,False,0.0,0.0,0.0,0.0,0.0,0.0
E2,5,"(1,1,1,1,1)",7,200000,8213,Newton Highlands #6,Newton,False,0.0,0.0,0.0,0.0,0.0,0.0
E2,5,"(1,1,1,1,1)",7,200000,8217,Newton Highlands #7,Newton,False,0.0,0.0,0.0,0.0,0.0,0.0
E2,5,"(1,1,1,1,1)",7,200000,8394,Newton Centre #11,Newton,False,0.0,0.0,0.0,0.0,0.0,0.0
E2,5,"(1,1,1,1,1)",7,200000,10236,Wellington #1,Medford,False,0.0,0.0,0.0,0.0,0.0,0.0
E2,5,"(1,1,1,1,1)",7,200000,10364,Medford/Tufts #1,Medford,True,0.0,0.0,0.0,0.0,0.004645,0.0
E2,5,"(1,1,1,1,1)",7,200000,10200,Wellington #2,Medford,False,0.0,0.0,0.0,0.0,0.0,0.0
E2,5,"(1,1,1,1,1)",7,200000,10366,Medford/Tufts #2,Medford,False,0.0,0.0,0.0,0.0,0.0,0.0
E2,5,"(1,1,1,1,1)",7,200000,10230,Ball Square #5,Medford,False,0.0,0.0,0.0,0.0,0.0,0.0
E2,5,"(1,1,1,1,1)",7,200000,10211,Ball Square #2,Medford,False,0.0,0.0,0.0,0.0,0.0,0.0
E2,5,"(1,1,1,1,1)",7,200000,10231,Ball Square #7,Medford,False,0.0,0.0,0.0,0.0,0.0,0.0
E2,5,"(1,1,1,1,1)",7,200000,10316,Medford/Tufts #3,Medford,False,0.0,0.0,0.0,0.0,0.0,0.0
E2,5,"(1,1,1,1,1)",7,200000,10369,Revere Beach #1,Revere,True,0.13179,0.13179,0.0,0.13179,0.28667,0.0007563775376754653
E2,5,"(1,1,1,1,1)",7,200000,10358,Revere Beach #2,Revere,True,0.0017,0.0017,0.0,0.0017,0.05638,9.211704511109765e-05
E2,5,"(1,1,1,1,1)",7,200000,10381,Wonderland #1,Revere,True,0.1673,0.1673,0.0,0.1673,0.330355,0.0008345978372845211
E2,5,"(1,1,1,1,1)",7,200000,10326,Revere Beach #4,Revere,False,0.0,0.0,0.0,0.0,0.00434,0.0
E2,5,"(1,1,1,1,1)",7,200000,10520,Wonderland #2,Revere,False,0.0,0.0,0.0,0.0,0.0,0.0
E2,5,"(1,1,1,1,1)",7,200000,10273,Revere Beach #3,Revere,True,0.0001,0.0001,0.0,0.0001,0.021255,2.23595617130569e-05
E2,5,"(1,1,1,1,1)",7,200000,10281,Revere Beach #5,Revere,True,1.5e-05,1.5e-05,0.0,1.5e-05,0.011405,8.660189085695532e-06
E2,5,"(1,1,1,1,1)",7,200000,10262,Revere Beach #6,Revere,False,0.0,0.0,0.0,0.0,0.0,0.0
E2,5,"(1,1,1,1,1)",7,200000,10285,Revere Beach #7,Revere,False,0.0,0.0,0.0,0.0,0.00215,0.0
E2,5,"(1,1,1,1,1)",7,200000,6730,Quincy Center #2,Quincy,False,0.0,0.0,0.0,0.0,0.0,0.0
E2,5,"(1,1,1,1,1)",7,200000,6771,Quincy Center #4,Quincy,True,0.0,0.0,0.0,0.0,0.0,0.0
E2,5,"(1,1,1,1,1)",7,200000,6760,Quincy Center #1,Quincy,True,0.0,0.0,0.0,0.0,0.145275,0.0
E2,5,"(1,1,1,1,1)",7,200000,6886,Quincy Center #12,Quincy,False,0.0,0.0,0.0,0.0,0.0,0.0
E2,5,"(1,1,1,1,1)",7,200000,6782,Quincy Center #3,Quincy,False,0.0,0.0,0.0,0.0,0.0,0.0
E2,5,"(1,1,1,1,1)",7,200000,7340,North Quincy #5,Quincy,False,0.0,0.0,0.0,0.0,0.0,0.0
E2,5,"(1,1,1,1,1)",7,200000,7424,North Quincy #3,Quincy,False,0.0,0.0,0.0,0.0,0.0,0.0
E2,5,"(1,1,1,1,1)",7,200000,7487,North Quincy #1,Quincy,False,0.0,0.0,0.0,0.0,0.0,0.0
E2,5,"(1,1,1,1,1)",7,200000,7173,Wollaston #2,Quincy,True,0.01285,0.01285,0.0,0.01285,0.27364,0.0002518419891519284
E2,5,"(1,1,1,1,1)",7,200000,7176,Wollaston #5,Quincy,False,0.0,0.0,0.0,0.0,0.0,0.0
E2,5,"(1,1,1,1,1)",7,200000,7529,North Quincy #2,Quincy,True,0.0,0.0,0.0,0.0,0.0,0.0
E2,5,"(1,1,1,1,1)",7,200000,6755,Quincy Center #9,Quincy,False,0.0,0.0,0.0,0.0,0.0,0.0
E2,5,"(1,1,1,1,1)",7,200000,7196,Wollaston #3,Quincy,False,0.0,0.0,0.0,0.0,0.0,0.0
E2,5,"(1,1,1,1,1)",7,200000,6710,Quincy Center #10,Quincy,False,0.0,0.0,0.0,0.0,0.0,0.0
E2,5,"(1,1,1,1,1)",7,200000,6729,Quincy Center #7,Quincy,False,0.0,0.0,0.0,0.0,0.0,0.0
E2,5,"(1,1,1,1,1)",7,200000,7300,Wollaston #1,Quincy,True,0.055095,0.055095,0.0,0.055095,0.48478,0.0005101937914900572
E2,5,"(1,1,1,1,1)",7,200000,6736,Quincy Center #5,Quincy,False,0.0,0.0,0.0,0.0,0.0,0.0
E2,5,"(1,1,1,1,1)",7,200000,7180,Wollaston #4,Quincy,False,0.0,0.0,0.0,0.0,0.0,0.0
E2,5,"(1,1,1,1,1)",7,200000,7310,North Quincy #7,Quincy,False,0.0,0.0,0.0,0.0,0.0,0.0
E2,5,"(1,1,1,1,1)",7,200000,7346,North Quincy #6,Quincy,False,0.0,0.0,0.0,0.0,0.0,0.0
E2,5,"(1,1,1,1,1)",7,200000,6857,Quincy Center #11,Quincy,False,0.0,0.0,0.0,0.0,0.0,0.0
E2,5,"(1,1,1,1,1)",7,200000,6472,Quincy Adams #2,Quincy,False,0.0,0.0,0.0,0.0,0.0,0.0
E2,5,"(1,1,1,1,1)",7,200000,7329,North Quincy #8,Quincy,False,0.0,0.0,0.0,0.0,0.0,0.0
E2,5,"(1,1,1,1,1)",7,200000,7338,North Quincy #4,Quincy,False,0.0,0.0,0.0,0.0,0.0,0.0
E2,5,"(1,1,1,1,1)",7,200000,6762,Quincy Center #13,Quincy,False,0.0,0.0,0.0,0.0,0.0,0.0
E2,5,"(1,1,1,1,1)",7,200000,7241,North Quincy #9,Quincy,False,0.0,0.0,0.0,0.0,0.0,0.0
E2,5,"(1,1,1,1,1)",7,200000,6781,Quincy Center #14,Quincy,False,0.0,0.0,0.0,0.0,0.0,0.0
E2,5,"(1,1,1,1,1)",7,200000,7183,Wollaston #8,Quincy,False,0.0,0.0,0.0,0.0,0.0,0.0
E2,5,"(1,1,1,1,1)",7,200000,7360,North Quincy #10,Quincy,False,0.0,0.0,0.0,0.0,0.0,0.0
E2,5,"(1,1,1,1,1)",7,200000,7163,Wollaston #6,Quincy,False,0.0,0.0,0.0,0.0,0.0,0.0
E2,5,"(1,1,1,1,1)",7,200000,6474,Quincy Adams #1,Quincy,True,0.002765,0.002765,0.0,0.002765,0.05004,0.00011741709362354359
E2,5,"(1,1,1,1,1)",7,200000,7088,Wollaston #10,Quincy,False,0.0,0.0,0.0,0.0,0.0,0.0
E2,5,"(1,1,1,1,1)",7,200000,6465,Quincy Adams #3,Quincy,False,0.0,0.0,0.0,0.0,0.0,0.0
E2,5,"(1,1,1,1,1)",7,200000,7190,Wollaston #7,Quincy,False,0.0,0.0,0.0,0.0,0.0,0.0
E2,5,"(1,1,1,1,1)",7,200000,7194,Wollaston #9,Quincy,False,0.0,0.0,0.0,0.0,0.0,0.0
E2,5,"(1,1,1,1,1)",7,200000,5973,Braintree #1,Braintree,True,0.11918,0.11918,0.0,0.11918,0.33945,0.0007244864650219492
E2,5,"(1,1,1,1,1)",7,200000,6019,Braintree #2,Braintree,True,0.0,0.0,0.0,0.0,0.24043,0.0
E2,5,"(1,1,1,1,1)",7,200000,5982,Braintree #5,Braintree,False,0.0,0.0,0.0,0.0,0.0,0.0
E2,5,"(1,1,1,1,1)",7,200000,5965,Braintree #4,Braintree,False,0.0,0.0,0.0,0.0,0.0,0.0
E2,5,"(1,1,1,1,1)",7,200000,5966,Braintree #3,Braintree,False,0.0,0.0,0.0,0.0,0.0,0.0
E2,5,"(1,1,1,1,1)",7,200000,5992,Braintree #7,Braintree,False,0.0,0.0,0.0,0.0,0.0,0.0
E2,5,"(1,1,1,1,1)",7,200000,5999,Braintree #6,Braintree,False,0.0,0.0,0.0,0.0,0.0,0.0
E2,5,"(1,1,1,1,1)",7,200000,5967,Braintree #8,Braintree,False,0.0,0.0,0.0,0.0,0.0,0.0
E2,5,"(1,1,1,1,1)",7,200000,5991,Braintree #9,Braintree,False,0.0,0.0,0.0,0.0,0.0,0.0
E3,5,"(1,1,1,1,1)",7,200000,9475,East Somerville #1,Somerville,True,0.001415,0.001415,0.0,0.001415,0.019905,8.405348817865919e-05
E3,5,"(1,1,1,1,1)",7,200000,9577,Union Square #1,Somerville,True,0.01968,0.01968,0.0,0.01968,0.06505,0.0003105857176368546
E3,5,"(1,1,1,1,1)",7,200000,9695,Union Square #2,Somerville,False,0.0,0.0,0.0,0.0,0.002945,0.0
E3,5,"(1,1,1,1,1)",7,200000,9766,Porter #2,Somerville,True,0.0,0.0,0.0,0.0,0.022975,0.0
E3,5,"(1,1,1,1,1)",7,200000,9986,Gilman Square #1,Somerville,True,0.0,0.0,0.0,0.0,5e-06,0.0
E3,5,"(1,1,1,1,1)",7,200000,9457,Lechmere #1,Somerville,True,0.003555,0.003555,0.0,0.003555,0.065215,0.00013308572378358243
E3,5,"(1,1,1,1,1)",7,200000,9588,East Somerville #3,Somerville,False,0.0,0.0,0.0,0.0,0.0,0.0
E3,5,"(1,1,1,1,1)",7,200000,10038,Davis #1,Somerville,True,0.0,0.0,0.0,0.0,0.006675,0.0
E3,5,"(1,1,1,1,1)",7,200000,9679,Union Square #3,Somerville,False,0.0,0.0,0.0,0.0,0.0,0.0
E3,5,"(1,1,1,1,1)",7,200000,9653,East Somerville #2,Somerville,True,0.0,0.0,0.0,0.0,0.00156,0.0
E3,5,"(1,1,1,1,1)",7,200000,9620,Union Square #4,Somerville,False,0.0,0.0,0.0,0.0,0.0,0.0
E3,5,"(1,1,1,1,1)",7,200000,9660,Union Square #9,Somerville,False,0.0,0.0,0.0,0.0,0.0,0.0
E3,5,"(1,1,1,1,1)",7,200000,9525,Union Square #6,Somerville,False,0.0,0.0,0.0,0.0,0.0,0.0
E3,5,"(1,1,1,1,1)",7,200000,9471,Union Square #7,Somerville,False,0.0,0.0,0.0,0.0,0.0,0.0
E3,5,"(1,1,1,1,1)",7,200000,10018,Davis #2,Somerville,True,0.0,0.0,0.0,0.0,0.0,0.0
E3,5,"(1,1,1,1,1)",7,200000,10040,Davis #5,Somerville,False,0.0,0.0,0.0,0.0,0.0,0.0
E3,5,"(1,1,1,1,1)",7,200000,9608,Union Square #10,Somerville,False,0.0,0.0,0.0,0.0,0.0,0.0
E3,5,"(1,1,1,1,1)",7,200000,10034,Davis #3,Somerville,False,0.0,0.0,0.0,0.0,0.0,0.0
E3,5,"(1,1,1,1,1)",7,200000,9548,East Somerville #5,Somerville,False,0.0,0.0,0.0,0.0,0.0,0.0
E3,5,"(1,1,1,1,1)",7,200000,9591,Union Square #8,Somerville,False,0.0,0.0,0.0,0.0,0.0,0.0
E3,5,"(1,1,1,1,1)",7,200000,10021,Davis #8,Somerville,False,0.0,0.0,0.0,0.0,0.0,0.0
E3,5,"(1,1,1,1,1)",7,200000,9817,Porter #4,Somerville,False,0.0,0.0,0.0,0.0,0.0,0.0
E3,5,"(1,1,1,1,1)",7,200000,9640,Union Square #11,Somerville,False,0.0,0.0,0.0,0.0,0.0,0.0
E3,5,"(1,1,1,1,1)",7,200000,10054,Davis #10,Somerville,False,0.0,0.0,0.0,0.0,0.0,0.0
E3,5,"(1,1,1,1,1)",7,200000,9818,Sullivan Square #3,Somerville,True,0.00175,0.00175,0.0,0.00175,0.076005,9.345955007381536e-05
E3,5,"(1,1,1,1,1)",7,200000,9863,Sullivan Square #1,Somerville,True,0.087185,0.087185,0.0,0.087185,0.31789,0.0006308081157333029
E3,5,"(1,1,1,1,1)",7,200000,9643,Union Square #14,Somerville,False,0.0,0.0,0.0,0.0,0.0,0.0
E3,5,"(1,1,1,1,1)",7,200000,9667,East Somerville #4,Somerville,False,0.0,0.0,0.0,0.0,0.0,0.0
E3,5,"(1,1,1,1,1)",7,200000,10006,Gilman Square #2,Somerville,True,0.0,0.0,0.0,0.0,0.000205,0.0
E3,5,"(1,1,1,1,1)",7,200000,9905,Gilman Square #7,Somerville,False,0.0,0.0,0.0,0.0,0.0,0.0
E3,5,"(1,1,1,1,1)",7,200000,10043,Davis #6,Somerville,False,0.0,0.0,0.0,0.0,0.0,0.0
E3,5,"(1,1,1,1,1)",7,200000,9810,Sullivan Square #2,Somerville,True,0.0072,0.0072,0.0,0.0072,0.125575,0.0001890523736957566
E3,5,"(1,1,1,1,1)",7,200000,9463,Union Square #15,Somerville,False,0.0,0.0,0.0,0.0,0.0,0.0
E3,5,"(1,1,1,1,1)",7,200000,10118,Davis #12,Somerville,False,0.0,0.0,0.0,0.0,0.0,0.0
E3,5,"(1,1,1,1,1)",7,200000,9700,Union Square #19,Somerville,False,0.0,0.0,0.0,0.0,0.0,0.0
E3,5,"(1,1,1,1,1)",7,200000,9696,Union Square #18,Somerville,False,0.0,0.0,0.0,0.0,0.0,0.0
E3,5,"(1,1,1,1,1)",7,200000,10042,Davis #15,Somerville,False,0.0,0.0,0.0,0.0,0.0,0.0
E3,5,"(1,1,1,1,1)",7,200000,10046,Davis #9,Somerville,False,0.0,0.0,0.0,0.0,0.0,0.0
E3,5,"(1,1,1,1,1)",7,200000,9877,Gilman Square #4,Somerville,False,0.0,0.0,0.0,0.0,0.0,0.0
E3,5,"(1,1,1,1,1)",7,200000,9639,Union Square #12,Somerville,False,0.0,0.0,0.0,0.0,0.0,0.0
E3,5,"(1,1,1,1,1)",7,200000,10059,Magoun Square #1,Somerville,False,0.0,0.0,0.0,0.0,0.0,0.0
E3,5,"(1,1,1,1,1)",7,200000,9850,Gilman Square #11,Somerville,False,0.0,0.0,0.0,0.0,0.0,0.0
E3,5,"(1,1,1,1,1)",7,200000,10064,Magoun Square #2,Somerville,False,0.0,0.0,0.0,0.0,0.0,0.0
E3,5,"(1,1,1,1,1)",7,200000,10065,Davis #14,Somerville,False,0.0,0.0,0.0,0.0,0.0,0.0
E3,5,"(1,1,1,1,1)",7,200000,9842,Sullivan Square #4,Somerville,False,0.0,0.0,0.0,0.0,0.000365,0.0
E3,5,"(1,1,1,1,1)",7,200000,10126,Ball Square #1,Somerville,False,0.0,0.0,0.0,0.0,0.0,0.0
E3,5,"(1,1,1,1,1)",7,200000,9890,Gilman Square #9,Somerville,False,0.0,0.0,0.0,0.0,0.0,0.0
E3,5,"(1,1,1,1,1)",7,200000,9989,Gilman Square #3,Somerville,False,0.0,0.0,0.0,0.0,0.0,0.0
E3,5,"(1,1,1,1,1)",7,200000,10123,Ball Square #3,Somerville,False,0.0,0.0,0.0,0.0,0.0,0.0
E3,5,"(1,1,1,1,1)",7,200000,9628,East Somerville #6,Somerville,False,0.0,0.0,0.0,0.0,0.0,0.0
E3,5,"(1,1,1,1,1)",7,200000,9867,Gilman Square #10,Somerville,False,0.0,0.0,0.0,0.0,0.0,0.0
E3,5,"(1,1,1,1,1)",7,200000,9872,Gilman Square #6,Somerville,False,0.0,0.0,0.0,0.0,0.0,0.0
E3,5,"(1,1,1,1,1)",7,200000,10143,Ball Square #4,Somerville,False,0.0,0.0,0.0,0.0,0.0,0.0
E3,5,"(1,1,1,1,1)",7,200000,9976,Gilman Square #5,Somerville,False,0.0,0.0,0.0,0.0,0.0,0.0
E3,5,"(1,1,1,1,1)",7,200000,9845,Sullivan Square #5,Somerville,False,0.0,0.0,0.0,0.0,0.0,0.0
E3,5,"(1,1,1,1,1)",7,200000,10031,Magoun Square #3,Somerville,False,0.0,0.0,0.0,0.0,0.0,0.0
E3,5,"(1,1,1,1,1)",7,200000,10140,Ball Square #6,Somerville,False,0.0,0.0,0.0,0.0,0.0,0.0
E3,5,"(1,1,1,1,1)",7,200000,9887,Gilman Square #8,Somerville,False,0.0,0.0,0.0,0.0,0.0,0.0
E3,5,"(1,1,1,1,1)",7,200000,10012,Assembly #4,Somerville,True,0.0,0.0,0.0,0.0,0.0,0.0
E3,5,"(1,1,1,1,1)",7,200000,9995,Assembly #5,Somerville,False,0.0,0.0,0.0,0.0,0.0,0.0
E3,5,"(1,1,1,1,1)",7,200000,9921,Porter #1,Cambridge,True,0.02492,0.02492,0.0,0.02492,0.07308,0.0003485612829905238
E3,5,"(1,1,1,1,1)",7,200000,9427,Union Square #5,Cambridge,True,5e-05,5e-05,0.0,5e-05,0.009785,1.5810993011193194e-05
E3,5,"(1,1,1,1,1)",7,200000,9397,Harvard #1,Cambridge,True,0.1139,0.1139,0.0,0.1139,0.27026,0.0007103759216077076
E3,5,"(1,1,1,1,1)",7,200000,9441,Harvard #2,Cambridge,True,0.0,0.0,0.0,0.0,0.187755,0.0
E3,5,"(1,1,1,1,1)",7,200000,9965,Alewife #1,Cambridge,True,6e-05,6e-05,0.0,6e-05,0.00746,1.7319988452652043e-05
E3,5,"(1,1,1,1,1)",7,200000,9206,Central #2,Cambridge,True,0.00184,0.00184,0.0,0.00184,0.051415,9.582834653691986e-05
E3,5,"(1,1,1,1,1)",7,200000,9289,Central #1,Cambridge,True,0.114495,0.114495,0.0,0.114495,0.291025,0.0007119897996987035
E3,5,"(1,1,1,1,1)",7,200000,9325,Harvard #3,Cambridge,True,0.000485,0.000485,0.0,0.000485,0.19499,4.923234582060863e-05
E3,5,"(1,1,1,1,1)",7,200000,9179,Central #3,Cambridge,False,0.0,0.0,0.0,0.0,0.001405,0.0
E3,5,"(1,1,1,1,1)",7,200000,9382,Union Square #20,Cambridge,False,0.0,0.0,0.0,0.0,0.00012,0.0
E3,5,"(1,1,1,1,1)",7,200000,9928,Alewife #2,Cambridge,False,0.0,0.0,0.0,0.0,7.5e-05,0.0
E3,5,"(1,1,1,1,1)",7,200000,9768,Porter #3,Cambridge,True,0.0,0.0,0.0,0.0,0.0,0.0
E3,5,"(1,1,1,1,1)",7,200000,9208,Central #6,Cambridge,False,0.0,0.0,0.0,0.0,0.000235,0.0
E3,5,"(1,1,1,1,1)",7,200000,9168,Central #4,Cambridge,True,0.0,0.0,0.0,0.0,0.00935,0.0
E3,5,"(1,1,1,1,1)",7,200000,9975,Davis #4,Cambridge,False,0.0,0.0,0.0,0.0,0.0,0.0
E3,5,"(1,1,1,1,1)",7,200000,9278,Lechmere #3,Cambridge,False,0.0,0.0,0.0,0.0,0.001855,0.0
E3,5,"(1,1,1,1,1)",7,200000,9239,Central #7,Cambridge,False,0.0,0.0,0.0,0.0,0.001075,0.0
E3,5,"(1,1,1,1,1)",7,200000,9449,Union Square #17,Cambridge,False,0.0,0.0,0.0,0.0,0.0,0.0
E3,5,"(1,1,1,1,1)",7,200000,9298,Lechmere #2,Cambridge,True,0.023605,0.023605,0.0,0.023605,0.16224,0.0003394687318075113
E3,5,"(1,1,1,1,1)",7,200000,9895,Porter #6,Cambridge,False,0.0,0.0,0.0,0.0,0.0,0.0
E3,5,"(1,1,1,1,1)",7,200000,9237,Central #5,Cambridge,True,1e-05,1e-05,0.0,1e-05,0.04177,7.0710324564380276e-06
E3,5,"(1,1,1,1,1)",7,200000,9706,Porter #8,Cambridge,False,0.0,0.0,0.0,0.0,0.0,0.0
E3,5,"(1,1,1,1,1)",7,200000,9447,Harvard #4,Cambridge,True,0.08397,0.08397,0.0,0.08397,0.253215,0.0006201573957472409
E3,5,"(1,1,1,1,1)",7,200000,9862,Porter #9,Cambridge,False,0.0,0.0,0.0,0.0,0.0,0.0
E3,5,"(1,1,1,1,1)",7,200000,9406,Union Square #13,Cambridge,False,0.0,0.0,0.0,0.0,0.0,0.0
E3,5,"(1,1,1,1,1)",7,200000,10017,Davis #13,Cambridge,False,0.0,0.0,0.0,0.0,0.0,0.0
E3,5,"(1,1,1,1,1)",7,200000,10015,Davis #11,Cambridge,False,0.0,0.0,0.0,0.0,0.0,0.0
E3,5,"(1,1,1,1,1)",7,200000,10116,Davis #7,Cambridge,False,0.0,0.0,0.0,0.0,0.0,0.0
E3,5,"(1,1,1,1,1)",7,200000,9808,Porter #5,Cambridge,False,0.0,0.0,0.0,0.0,0.0,0.0
E3,5,"(1,1,1,1,1)",7,200000,9438,Union Square #16,Cambridge,True,0.01217,0.01217,0.0,0.01217,0.02982,0.000245172297578662
E3,5,"(1,1,1,1,1)",7,200000,9919,Porter #7,Cambridge,False,0.0,0.0,0.0,0.0,0.0,0.0
E3,5,"(1,1,1,1,1)",7,200000,9957,Porter #10,Cambridge,False,0.0,0.0,0.0,0.0,0.0,0.0
E3,5,"(1,1,1,1,1)",7,200000,9704,Porter #11,Cambridge,False,0.0,0.0,0.0,0.0,0.0,0.0
E3,5,"(1,1,1,1,1)",7,200000,9784,Porter #12,Cambridge,False,0.0,0.0,0.0,0.0,0.0,0.0
E3,5,"(1,1,1,1,1)",7,200000,10060,Davis #16,Cambridge,False,0.0,0.0,0.0,0.0,0.0,0.0
E3,5,"(1,1,1,1,1)",7,200000,8547,Coolidge Corner #1,Brookline,True,0.0,0.0,0.0,0.0,0.0,0.0
E3,5,"(1,1,1,1,1)",7,200000,8787,Harvard Avenue #1,Brookline,True,0.0,0.0,0.0,0.0,0.029235,0.0
E3,5,"(1,1,1,1,1)",7,200000,8527,Brookline Village #2,Brookline,False,0.0,0.0,0.0,0.0,0.0,0.0
E3,5,"(1,1,1,1,1)",7,200000,8650,Coolidge Corner #4,Brookline,False,0.0,0.0,0.0,0.0,0.0,0.0
E3,5,"(1,1,1,1,1)",7,200000,8640,Coolidge Corner #3,Brookline,False,0.0,0.0,0.0,0.0,0.0,0.0
E3,5,"(1,1,1,1,1)",7,200000,8568,Washington Square #1,Brookline,False,0.0,0.0,0.0,0.0,0.0,0.0
E3,5,"(1,1,1,1,1)",7,200000,8539,Tappan Street #1,Brookline,False,0.0,0.0,0.0,0.0,0.0,0.0
E3,5,"(1,1,1,1,1)",7,200000,8466,Brookline Village #3,Brookline,False,0.0,0.0,0.0,0.0,0.0,0.0
E3,5,"(1,1,1,1,1)",7,200000,8865,Amory Street #1,Brookline,True,0.010985,0.010985,0.0,0.010985,0.046625,0.00023307005143304016
E3,5,"(1,1,1,1,1)",7,200000,8704,Saint Mary's Street #1,Brookline,True,0.0,0.0,0.0,0.0,0.00032,0.0
E3,5,"(1,1,1,1,1)",7,200000,8452,Brookline Village #1,Brookline,True,0.0,0.0,0.0,0.0,0.0,0.0
E3,5,"(1,1,1,1,1)",7,200000,8617,Coolidge Corner #2,Brookline,True,0.0,0.0,0.0,0.0,0.0,0.0
E3,5,"(1,1,1,1,1)",7,200000,8624,Coolidge Corner #12,Brookline,False,0.0,0.0,0.0,0.0,0.0,0.0
E3,5,"(1,1,1,1,1)",7,200000,8728,Harvard Avenue #2,Brookline,False,0.0,0.0,0.0,0.0,5e-06,0.0
E3,5,"(1,1,1,1,1)",7,200000,8902,Babcock Street #1,Brookline,True,0.0,0.0,0.0,0.0,5.5e-05,0.0
E3,5,"(1,1,1,1,1)",7,200000,8708,Saint Mary's Street #2,Brookline,False,0.0,0.0,0.0,0.0,0.0,0.0
E3,5,"(1,1,1,1,1)",7,200000,8553,Washington Square #2,Brookline,False,0.0,0.0,0.0,0.0,0.0,0.0
E3,5,"(1,1,1,1,1)",7,200000,8487,Brookline Hills #4,Brookline,False,0.0,0.0,0.0,0.0,0.0,0.0
E3,5,"(1,1,1,1,1)",7,200000,8647,Coolidge Corner #8,Brookline,False,0.0,0.0,0.0,0.0,0.0,0.0
E3,5,"(1,1,1,1,1)",7,200000,8593,Coolidge Corner #9,Brookline,False,0.0,0.0,0.0,0.0,0.0,0.0
E3,5,"(1,1,1,1,1)",7,200000,8672,Summit Avenue #1,Brookline,False,0.0,0.0,0.0,0.0,0.0,0.0
E3,5,"(1,1,1,1,1)",7,200000,8399,Brookline Hills #2,Brookline,False,0.0,0.0,0.0,0.0,0.0,0.0
E3,5,"(1,1,1,1,1)",7,200000,8281,Chestnut Hill #2,Brookline,False,0.0,0.0,0.0,0.0,0.0,0.0
E3,5,"(1,1,1,1,1)",7,200000,8476,Brookline Hills #1,Brookline,False,0.0,0.0,0.0,0.0,0.0,0.0
E3,5,"(1,1,1,1,1)",7,200000,8626,Coolidge Corner #5,Brookline,False,0.0,0.0,0.0,0.0,0.0,0.0
E3,5,"(1,1,1,1,1)",7,200000,8685,Saint Mary's Street #3,Brookline,False,0.0,0.0,0.0,0.0,0.0,0.0
E3,5,"(1,1,1,1,1)",7,200000,8596,Summit Avenue #2,Brookline,False,0.0,0.0,0.0,0.0,0.0,0.0
E3,5,"(1,1,1,1,1)",7,200000,8657,Coolidge Corner #7,Brookline,False,0.0,0.0,0.0,0.0,0.0,0.0
E3,5,"(1,1,1,1,1)",7,200000,8575,Washington Square #4,Brookline,False,0.0,0.0,0.0,0.0,0.0,0.0
E3,5,"(1,1,1,1,1)",7,200000,8383,Brookline Hills #3,Brookline,False,0.0,0.0,0.0,0.0,0.0,0.0
E3,5,"(1,1,1,1,1)",7,200000,8680,Summit Avenue #3,Brookline,False,0.0,0.0,0.0,0.0,0.0,0.0
E3,5,"(1,1,1,1,1)",7,200000,8649,Coolidge Corner #6,Brookline,False,0.0,0.0,0.0,0.0,0.0,0.0
E3,5,"(1,1,1,1,1)",7,200000,8600,Coolidge Corner #11,Brookline,False,0.0,0.0,0.0,0.0,0.0,0.0
E3,5,"(1,1,1,1,1)",7,200000,8486,Brookline Village #4,Brookline,False,0.0,0.0,0.0,0.0,0.0,0.0
E3,5,"(1,1,1,1,1)",7,200000,8558,Washington Square #3,Brookline,False,0.0,0.0,0.0,0.0,0.0,0.0
E3,5,"(1,1,1,1,1)",7,200000,8419,Brookline Village #5,Brookline,False,0.0,0.0,0.0,0.0,0.0,0.0
E3,5,"(1,1,1,1,1)",7,200000,8598,Summit Avenue #4,Brookline,False,0.0,0.0,0.0,0.0,0.0,0.0
E3,5,"(1,1,1,1,1)",7,200000,8611,Coolidge Corner #10,Brookline,False,0.0,0.0,0.0,0.0,0.0,0.0
E3,5,"(1,1,1,1,1)",7,200000,8555,Tappan Street #2,Brookline,False,0.0,0.0,0.0,0.0,0.0,0.0
E3,5,"(1,1,1,1,1)",7,200000,8878,Amory Street #2,Brookline,False,0.0,0.0,0.0,0.0,0.0,0.0
E3,5,"(1,1,1,1,1)",7,200000,8411,Brookline Hills #5,Brookline,False,0.0,0.0,0.0,0.0,0.0,0.0
E3,5,"(1,1,1,1,1)",7,200000,8255,Chestnut Hill #3,Brookline,False,0.0,0.0,0.0,0.0,0.0,0.0
E3,5,"(1,1,1,1,1)",7,200000,8274,Chestnut Hill #4,Brookline,False,0.0,0.0,0.0,0.0,0.0,0.0
E3,5,"(1,1,1,1,1)",7,200000,10667,Malden Center #1,Malden,True,0.156605,0.156605,0.0,0.156605,0.469305,0.0008126495984586468
E3,5,"(1,1,1,1,1)",7,200000,10682,Malden Center #5,Malden,False,0.0,0.0,0.0,0.0,0.1187,0.0
E3,5,"(1,1,1,1,1)",7,200000,10616,Malden Center #2,Malden,True,0.11991,0.11991,0.0,0.11991,0.490625,0.0007264006879815025
E3,5,"(1,1,1,1,1)",7,200000,10664,Malden Center #3,Malden,False,0.0,0.0,0.0,0.0,0.14519,0.0
E3,5,"(1,1,1,1,1)",7,200000,10665,Malden Center #4,Malden,True,0.01233,0.01233,0.0,0.01233,0.356685,0.0002467586989348096
E3,5,"(1,1,1,1,1)",7,200000,10691,Malden Center #9,Malden,True,0.0,0.0,0.0,0.0,0.0,0.0
E3,5,"(1,1,1,1,1)",7,200000,10648,Malden Center #6,Malden,False,0.0,0.0,0.0,0.0,0.02862,0.0
E3,5,"(1,1,1,1,1)",7,200000,10687,Malden Center #7,Malden,False,0.0,0.0,0.0,0.0,0.0,0.0
E3,5,"(1,1,1,1,1)",7,200000,10779,Oak Grove #1,Malden,False,0.0,0.0,0.0,0.0,0.0,0.0
E3,5,"(1,1,1,1,1)",7,200000,10771,Oak Grove #2,Malden,False,0.0,0.0,0.0,0.0,0.0,0.0
E3,5,"(1,1,1,1,1)",7,200000,10710,Malden Center #10,Malden,True,0.013245,0.013245,0.0,0.013245,0.091735,0.0002556322551537658
E3,5,"(1,1,1,1,1)",7,200000,10657,Malden Center #14,Malden,False,0.0,0.0,0.0,0.0,0.0,0.0
E3,5,"(1,1,1,1,1)",7,200000,10670,Malden Center #13,Malden,False,0.0,0.0,0.0,0.0,0.0,0.0
E3,5,"(1,1,1,1,1)",7,200000,10701,Malden Center #11,Malden,False,0.0,0.0,0.0,0.0,0.003885,0.0
E3,5,"(1,1,1,1,1)",7,200000,10696,Malden Center #12,Malden,False,0.0,0.0,0.0,0.0,0.0,0.0
E3,5,"(1,1,1,1,1)",7,200000,10692,Malden Center #8,Malden,False,0.0,0.0,0.0,0.0,0.03167,0.0
E3,5,"(1,1,1,1,1)",7,200000,10676,Malden Center #15,Malden,False,0.0,0.0,0.0,0.0,0.0,0.0
E3,5,"(1,1,1,1,1)",7,200000,10618,Malden Center #16,Malden,False,0.0,0.0,0.0,0.0,0.0,0.0
E3,5,"(1,1,1,1,1)",7,200000,8128,Eliot #2,Newton,False,0.0,0.0,0.0,0.0,0.0,0.0
E3,5,"(1,1,1,1,1)",7,200000,8427,Newton Centre #1,Newton,False,0.0,0.0,0.0,0.0,0.0,0.0
E3,5,"(1,1,1,1,1)",7,200000,8298,Chestnut Hill #1,Newton,True,0.0,0.0,0.0,0.0,0.0,0.0
E3,5,"(1,1,1,1,1)",7,200000,8165,Eliot #1,Newton,False,0.0,0.0,0.0,0.0,0.0,0.0
E3,5,"(1,1,1,1,1)",7,200000,8140,Eliot #5,Newton,False,0.0,0.0,0.0,0.0,0.0,0.0
E3,5,"(1,1,1,1,1)",7,200000,8116,Eliot #6,Newton,False,0.0,0.0,0.0,0.0,0.0,0.0
E3,5,"(1,1,1,1,1)",7,200000,8205,Newton Highlands #2,Newton,False,0.0,0.0,0.0,0.0,0.0,0.0
E3,5,"(1,1,1,1,1)",7,200000,8136,Eliot #3,Newton,False,0.0,0.0,0.0,0.0,0.0,0.0
E3,5,"(1,1,1,1,1)",7,200000,8385,Newton Centre #2,Newton,False,0.0,0.0,0.0,0.0,0.0,0.0
E3,5,"(1,1,1,1,1)",7,200000,8159,Newton Highlands #1,Newton,False,0.0,0.0,0.0,0.0,0.0,0.0
E3,5,"(1,1,1,1,1)",7,200000,8229,Newton Highlands #3,Newton,False,0.0,0.0,0.0,0.0,0.0,0.0
E3,5,"(1,1,1,1,1)",7,200000,8175,Eliot #8,Newton,False,0.0,0.0,0.0,0.0,0.0,0.0
E3,5,"(1,1,1,1,1)",7,200000,8379,Newton Centre #4,Newton,False,0.0,0.0,0.0,0.0,0.0,0.0
E3,5,"(1,1,1,1,1)",7,200000,8341,Waban #1,Newton,False,0.0,0.0,0.0,0.0,0.0,0.0
E3,5,"(1,1,1,1,1)",7,200000,8407,Newton Centre #5,Newton,False,0.0,0.0,0.0,0.0,0.0,0.0
E3,5,"(1,1,1,1,1)",7,200000,8388,Newton Centre #7,Newton,False,0.0,0.0,0.0,0.0,0.0,0.0
E3,5,"(1,1,1,1,1)",7,200000,8500,Newton Centre #10,Newton,False,0.0,0.0,0.0,0.0,0.0,0.0
E3,5,"(1,1,1,1,1)",7,200000,8143,Newton Highlands #5,Newton,False,0.0,0.0,0.0,0.0,0.0,0.0
E3,5,"(1,1,1,1,1)",7,200000,8408,Newton Centre #9,Newton,False,0.0,0.0,0.0,0.0,0.0,0.0
E3,5,"(1,1,1,1,1)",7,200000,8410,Newton Centre #6,Newton,False,0.0,0.0,0.0,0.0,0.0,0.0
E3,5,"(1,1,1,1,1)",7,200000,8102,Eliot #4,Newton,False,0.0,0.0,0.0,0.0,0.0,0.0
E3,5,"(1,1,1,1,1)",7,200000,8115,Eliot #7,Newton,False,0.0,0.0,0.0,0.0,0.0,0.0
E3,5,"(1,1,1,1,1)",7,200000,8418,Newton Centre #8,Newton,False,0.0,0.0,0.0,0.0,0.0,0.0
E3,5,"(1,1,1,1,1)",7,200000,8169,Eliot #9,Newton,False,0.0,0.0,0.0,0.0,0.0,0.0
E3,5,"(1,1,1,1,1)",7,200000,8214,Newton Highlands #4,Newton,False,0.0,0.0,0.0,0.0,0.0,0.0
E3,5,"(1,1,1,1,1)",7,200000,8400,Newton Centre #3,Newton,False,0.0,0.0,0.0,0.0,0.0,0.0
E3,5,"(1,1,1,1,1)",7,200000,8213,Newton Highlands #6,Newton,False,0.0,0.0,0.0,0.0,0.0,0.0
E3,5,"(1,1,1,1,1)",7,200000,8217,Newton Highlands #7,Newton,False,0.0,0.0,0.0,0.0,0.0,0.0
E3,5,"(1,1,1,1,1)",7,200000,8394,Newton Centre #11,Newton,False,0.0,0.0,0.0,0.0,0.0,0.0
E3,5,"(1,1,1,1,1)",7,200000,10236,Wellington #1,Medford,False,0.0,0.0,0.0,0.0,0.0,0.0
E3,5,"(1,1,1,1,1)",7,200000,10364,Medford/Tufts #1,Medford,True,0.0,0.0,0.0,0.0,0.006175,0.0
E3,5,"(1,1,1,1,1)",7,200000,10200,Wellington #2,Medford,False,0.0,0.0,0.0,0.0,0.0,0.0
E3,5,"(1,1,1,1,1)",7,200000,10366,Medford/Tufts #2,Medford,False,0.0,0.0,0.0,0.0,0.0,0.0
E3,5,"(1,1,1,1,1)",7,200000,10230,Ball Square #5,Medford,False,0.0,0.0,0.0,0.0,0.0,0.0
E3,5,"(1,1,1,1,1)",7,200000,10211,Ball Square #2,Medford,False,0.0,0.0,0.0,0.0,0.0,0.0
E3,5,"(1,1,1,1,1)",7,200000,10231,Ball Square #7,Medford,False,0.0,0.0,0.0,0.0,0.0,0.0
E3,5,"(1,1,1,1,1)",7,200000,10316,Medford/Tufts #3,Medford,False,0.0,0.0,0.0,0.0,0.0,0.0
E3,5,"(1,1,1,1,1)",7,200000,10369,Revere Beach #1,Revere,True,0.106495,0.106495,0.0,0.106495,0.21251,0.000689760157500417
E3,5,"(1,1,1,1,1)",7,200000,10358,Revere Beach #2,Revere,True,0.00182,0.00182,0.0,0.00182,0.067875,9.530707214052901e-05
E3,5,"(1,1,1,1,1)",7,200000,10381,Wonderland #1,Revere,True,0.057025,0.057025,0.0,0.057025,0.185005,0.0005185226580150573
E3,5,"(1,1,1,1,1)",7,200000,10326,Revere Beach #4,Revere,False,0.0,0.0,0.0,0.0,0.002905,0.0
E3,5,"(1,1,1,1,1)",7,200000,10520,Wonderland #2,Revere,False,0.0,0.0,0.0,0.0,0.0,0.0
E3,5,"(1,1,1,1,1)",7,200000,10273,Revere Beach #3,Revere,True,9.5e-05,9.5e-05,0.0,9.5e-05,0.019145,2.1793459454616195e-05
E3,5,"(1,1,1,1,1)",7,200000,10281,Revere Beach #5,Revere,True,1e-05,1e-05,0.0,1e-05,0.008545,7.0710324564380276e-06
E3,5,"(1,1,1,1,1)",7,200000,10262,Revere Beach #6,Revere,False,0.0,0.0,0.0,0.0,0.0,0.0
E3,5,"(1,1,1,1,1)",7,200000,10285,Revere Beach #7,Revere,False,0.0,0.0,0.0,0.0,0.00138,0.0
E3,5,"(1,1,1,1,1)",7,200000,6730,Quincy Center #2,Quincy,False,0.0,0.0,0.0,0.0,0.0,0.0
E3,5,"(1,1,1,1,1)",7,200000,6771,Quincy Center #4,Quincy,True,0.0,0.0,0.0,0.0,0.0,0.0
E3,5,"(1,1,1,1,1)",7,200000,6760,Quincy Center #1,Quincy,True,0.0,0.0,0.0,0.0,0.092035,0.0
E3,5,"(1,1,1,1,1)",7,200000,6886,Quincy Center #12,Quincy,False,0.0,0.0,0.0,0.0,0.0,0.0
E3,5,"(1,1,1,1,1)",7,200000,6782,Quincy Center #3,Quincy,False,0.0,0.0,0.0,0.0,0.0,0.0
E3,5,"(1,1,1,1,1)",7,200000,7340,North Quincy #5,Quincy,False,0.0,0.0,0.0,0.0,0.0,0.0
E3,5,"(1,1,1,1,1)",7,200000,7424,North Quincy #3,Quincy,False,0.0,0.0,0.0,0.0,0.0,0.0
E3,5,"(1,1,1,1,1)",7,200000,7487,North Quincy #1,Quincy,False,0.0,0.0,0.0,0.0,0.0,0.0
E3,5,"(1,1,1,1,1)",7,200000,7173,Wollaston #2,Quincy,True,0.000245,0.000245,0.0,0.000245,0.03427,3.4995712237358446e-05
E3,5,"(1,1,1,1,1)",7,200000,7176,Wollaston #5,Quincy,False,0.0,0.0,0.0,0.0,0.0,0.0
E3,5,"(1,1,1,1,1)",7,200000,7529,North Quincy #2,Quincy,True,0.0,0.0,0.0,0.0,0.0,0.0
E3,5,"(1,1,1,1,1)",7,200000,6755,Quincy Center #9,Quincy,False,0.0,0.0,0.0,0.0,0.00032,0.0
E3,5,"(1,1,1,1,1)",7,200000,7196,Wollaston #3,Quincy,False,0.0,0.0,0.0,0.0,0.0,0.0
E3,5,"(1,1,1,1,1)",7,200000,6710,Quincy Center #10,Quincy,False,0.0,0.0,0.0,0.0,0.0,0.0
E3,5,"(1,1,1,1,1)",7,200000,6729,Quincy Center #7,Quincy,False,0.0,0.0,0.0,0.0,0.0,0.0
E3,5,"(1,1,1,1,1)",7,200000,7300,Wollaston #1,Quincy,True,0.01377,0.01377,0.0,0.01377,0.160585,0.0002605799982730831
E3,5,"(1,1,1,1,1)",7,200000,6736,Quincy Center #5,Quincy,False,0.0,0.0,0.0,0.0,0.0,0.0
E3,5,"(1,1,1,1,1)",7,200000,7180,Wollaston #4,Quincy,False,0.0,0.0,0.0,0.0,0.0,0.0
E3,5,"(1,1,1,1,1)",7,200000,7310,North Quincy #7,Quincy,False,0.0,0.0,0.0,0.0,0.0,0.0
E3,5,"(1,1,1,1,1)",7,200000,7346,North Quincy #6,Quincy,False,0.0,0.0,0.0,0.0,0.0,0.0
E3,5,"(1,1,1,1,1)",7,200000,6857,Quincy Center #11,Quincy,False,0.0,0.0,0.0,0.0,0.0,0.0
E3,5,"(1,1,1,1,1)",7,200000,6472,Quincy Adams #2,Quincy,False,0.0,0.0,0.0,0.0,0.0,0.0
E3,5,"(1,1,1,1,1)",7,200000,7329,North Quincy #8,Quincy,False,0.0,0.0,0.0,0.0,0.0,0.0
E3,5,"(1,1,1,1,1)",7,200000,7338,North Quincy #4,Quincy,False,0.0,0.0,0.0,0.0,0.0,0.0
E3,5,"(1,1,1,1,1)",7,200000,6762,Quincy Center #13,Quincy,False,0.0,0.0,0.0,0.0,0.0,0.0
E3,5,"(1,1,1,1,1)",7,200000,7241,North Quincy #9,Quincy,False,0.0,0.0,0.0,0.0,0.0,0.0
E3,5,"(1,1,1,1,1)",7,200000,6781,Quincy Center #14,Quincy,False,0.0,0.0,0.0,0.0,0.0,0.0
E3,5,"(1,1,1,1,1)",7,200000,7183,Wollaston #8,Quincy,False,0.0,0.0,0.0,0.0,0.0,0.0
E3,5,"(1,1,1,1,1)",7,200000,7360,North Quincy #10,Quincy,False,0.0,0.0,0.0,0.0,0.0,0.0
E3,5,"(1,1,1,1,1)",7,200000,7163,Wollaston #6,Quincy,False,0.0,0.0,0.0,0.0,0.0,0.0
E3,5,"(1,1,1,1,1)",7,200000,6474,Quincy Adams #1,Quincy,True,5e-06,5e-06,0.0,5e-06,0.000225,4.999987499984375e-06
E3,5,"(1,1,1,1,1)",7,200000,7088,Wollaston #10,Quincy,False,0.0,0.0,0.0,0.0,0.0,0.0
E3,5,"(1,1,1,1,1)",7,200000,6465,Quincy Adams #3,Quincy,False,0.0,0.0,0.0,0.0,0.0,0.0
E3,5,"(1,1,1,1,1)",7,200000,7190,Wollaston #7,Quincy,False,0.0,0.0,0.0,0.0,0.0,0.0
E3,5,"(1,1,1,1,1)",7,200000,7194,Wollaston #9,Quincy,False,0.0,0.0,0.0,0.0,0.0,0.0
E3,5,"(1,1,1,1,1)",7,200000,5973,Braintree #1,Braintree,True,0.01117,0.01117,0.0,0.01117,0.072835,0.00023500245849777826
E3,5,"(1,1,1,1,1)",7,200000,6019,Braintree #2,Braintree,True,0.0,0.0,0.0,0.0,0.03223,0.0
E3,5,"(1,1,1,1,1)",7,200000,5982,Braintree #5,Braintree,False,0.0,0.0,0.0,0.0,0.0,0.0
E3,5,"(1,1,1,1,1)",7,200000,5965,Braintree #4,Braintree,False,0.0,0.0,0.0,0.0,5e-06,0.0
E3,5,"(1,1,1,1,1)",7,200000,5966,Braintree #3,Braintree,False,0.0,0.0,0.0,0.0,0.0,0.0
E3,5,"(1,1,1,1,1)",7,200000,5992,Braintree #7,Braintree,False,0.0,0.0,0.0,0.0,0.0,0.0
E3,5,"(1,1,1,1,1)",7,200000,5999,Braintree #6,Braintree,False,0.0,0.0,0.0,0.0,0.0,0.0
E3,5,"(1,1,1,1,1)",7,200000,5967,Braintree #8,Braintree,False,0.0,0.0,0.0,0.0,0.0,0.0
E3,5,"(1,1,1,1,1)",7,200000,5991,Braintree #9,Braintree,False,0.0,0.0,0.0,0.0,0.0,0.0
E3u,5,"(1,1,1,1,1)",7,200000,9475,East Somerville #1,Somerville,True,0.001445,0.001445,0.0,0.001445,0.020155,8.493856529869103e-05
E3u,5,"(1,1,1,1,1)",7,200000,9577,Union Square #1,Somerville,True,0.01991,0.01991,0.0,0.01991,0.065695,0.0003123587032563684
E3u,5,"(1,1,1,1,1)",7,200000,9695,Union Square #2,Somerville,False,0.0,0.0,0.0,0.0,0.00298,0.0
E3u,5,"(1,1,1,1,1)",7,200000,9766,Porter #2,Somerville,True,0.0,0.0,0.0,0.0,0.022405,0.0
E3u,5,"(1,1,1,1,1)",7,200000,9986,Gilman Square #1,Somerville,True,0.0,0.0,0.0,0.0,5e-06,0.0
E3u,5,"(1,1,1,1,1)",7,200000,9457,Lechmere #1,Somerville,True,0.00342,0.00342,0.0,0.00342,0.063965,0.00013054316527493884
E3u,5,"(1,1,1,1,1)",7,200000,9588,East Somerville #3,Somerville,False,0.0,0.0,0.0,0.0,0.0,0.0
E3u,5,"(1,1,1,1,1)",7,200000,10038,Davis #1,Somerville,True,0.0,0.0,0.0,0.0,0.00665,0.0
E3u,5,"(1,1,1,1,1)",7,200000,9679,Union Square #3,Somerville,False,0.0,0.0,0.0,0.0,0.0,0.0
E3u,5,"(1,1,1,1,1)",7,200000,9653,East Somerville #2,Somerville,True,0.0,0.0,0.0,0.0,0.001575,0.0
E3u,5,"(1,1,1,1,1)",7,200000,9620,Union Square #4,Somerville,False,0.0,0.0,0.0,0.0,0.0,0.0
E3u,5,"(1,1,1,1,1)",7,200000,9660,Union Square #9,Somerville,False,0.0,0.0,0.0,0.0,0.0,0.0
E3u,5,"(1,1,1,1,1)",7,200000,9525,Union Square #6,Somerville,False,0.0,0.0,0.0,0.0,0.0,0.0
E3u,5,"(1,1,1,1,1)",7,200000,9471,Union Square #7,Somerville,False,0.0,0.0,0.0,0.0,0.0,0.0
E3u,5,"(1,1,1,1,1)",7,200000,10018,Davis #2,Somerville,True,0.0,0.0,0.0,0.0,0.0,0.0
E3u,5,"(1,1,1,1,1)",7,200000,10040,Davis #5,Somerville,False,0.0,0.0,0.0,0.0,0.0,0.0
E3u,5,"(1,1,1,1,1)",7,200000,9608,Union Square #10,Somerville,False,0.0,0.0,0.0,0.0,0.0,0.0
E3u,5,"(1,1,1,1,1)",7,200000,10034,Davis #3,Somerville,False,0.0,0.0,0.0,0.0,0.0,0.0
E3u,5,"(1,1,1,1,1)",7,200000,9548,East Somerville #5,Somerville,False,0.0,0.0,0.0,0.0,0.0,0.0
E3u,5,"(1,1,1,1,1)",7,200000,9591,Union Square #8,Somerville,False,0.0,0.0,0.0,0.0,0.0,0.0
E3u,5,"(1,1,1,1,1)",7,200000,10021,Davis #8,Somerville,False,0.0,0.0,0.0,0.0,0.0,0.0
E3u,5,"(1,1,1,1,1)",7,200000,9817,Porter #4,Somerville,False,0.0,0.0,0.0,0.0,0.0,0.0
E3u,5,"(1,1,1,1,1)",7,200000,9640,Union Square #11,Somerville,False,0.0,0.0,0.0,0.0,0.0,0.0
E3u,5,"(1,1,1,1,1)",7,200000,10054,Davis #10,Somerville,False,0.0,0.0,0.0,0.0,0.0,0.0
E3u,5,"(1,1,1,1,1)",7,200000,9818,Sullivan Square #3,Somerville,True,0.00185,0.00185,0.0,0.00185,0.076975,9.608791547327895e-05
E3u,5,"(1,1,1,1,1)",7,200000,9863,Sullivan Square #1,Somerville,True,0.086745,0.086745,0.0,0.086745,0.316595,0.0006293659705409882
E3u,5,"(1,1,1,1,1)",7,200000,9643,Union Square #14,Somerville,False,0.0,0.0,0.0,0.0,0.0,0.0
E3u,5,"(1,1,1,1,1)",7,200000,9667,East Somerville #4,Somerville,False,0.0,0.0,0.0,0.0,0.0,0.0
E3u,5,"(1,1,1,1,1)",7,200000,10006,Gilman Square #2,Somerville,True,0.0,0.0,0.0,0.0,0.000205,0.0
E3u,5,"(1,1,1,1,1)",7,200000,9905,Gilman Square #7,Somerville,False,0.0,0.0,0.0,0.0,0.0,0.0
E3u,5,"(1,1,1,1,1)",7,200000,10043,Davis #6,Somerville,False,0.0,0.0,0.0,0.0,0.0,0.0
E3u,5,"(1,1,1,1,1)",7,200000,9810,Sullivan Square #2,Somerville,True,0.007295,0.007295,0.0,0.007295,0.124925,0.00019028640223358052
E3u,5,"(1,1,1,1,1)",7,200000,9463,Union Square #15,Somerville,False,0.0,0.0,0.0,0.0,0.0,0.0
E3u,5,"(1,1,1,1,1)",7,200000,10118,Davis #12,Somerville,False,0.0,0.0,0.0,0.0,0.0,0.0
E3u,5,"(1,1,1,1,1)",7,200000,9700,Union Square #19,Somerville,False,0.0,0.0,0.0,0.0,0.0,0.0
E3u,5,"(1,1,1,1,1)",7,200000,9696,Union Square #18,Somerville,False,0.0,0.0,0.0,0.0,0.0,0.0
E3u,5,"(1,1,1,1,1)",7,200000,10042,Davis #15,Somerville,False,0.0,0.0,0.0,0.0,0.0,0.0
E3u,5,"(1,1,1,1,1)",7,200000,10046,Davis #9,Somerville,False,0.0,0.0,0.0,0.0,0.0,0.0
E3u,5,"(1,1,1,1,1)",7,200000,9877,Gilman Square #4,Somerville,False,0.0,0.0,0.0,0.0,0.0,0.0
E3u,5,"(1,1,1,1,1)",7,200000,9639,Union Square #12,Somerville,False,0.0,0.0,0.0,0.0,0.0,0.0
E3u,5,"(1,1,1,1,1)",7,200000,10059,Magoun Square #1,Somerville,False,0.0,0.0,0.0,0.0,0.0,0.0
E3u,5,"(1,1,1,1,1)",7,200000,9850,Gilman Square #11,Somerville,False,0.0,0.0,0.0,0.0,0.0,0.0
E3u,5,"(1,1,1,1,1)",7,200000,10064,Magoun Square #2,Somerville,False,0.0,0.0,0.0,0.0,0.0,0.0
E3u,5,"(1,1,1,1,1)",7,200000,10065,Davis #14,Somerville,False,0.0,0.0,0.0,0.0,0.0,0.0
E3u,5,"(1,1,1,1,1)",7,200000,9842,Sullivan Square #4,Somerville,False,0.0,0.0,0.0,0.0,0.000375,0.0
E3u,5,"(1,1,1,1,1)",7,200000,10126,Ball Square #1,Somerville,False,0.0,0.0,0.0,0.0,0.0,0.0
E3u,5,"(1,1,1,1,1)",7,200000,9890,Gilman Square #9,Somerville,False,0.0,0.0,0.0,0.0,0.0,0.0
E3u,5,"(1,1,1,1,1)",7,200000,9989,Gilman Square #3,Somerville,False,0.0,0.0,0.0,0.0,0.0,0.0
E3u,5,"(1,1,1,1,1)",7,200000,10123,Ball Square #3,Somerville,False,0.0,0.0,0.0,0.0,0.0,0.0
E3u,5,"(1,1,1,1,1)",7,200000,9628,East Somerville #6,Somerville,False,0.0,0.0,0.0,0.0,0.0,0.0
E3u,5,"(1,1,1,1,1)",7,200000,9867,Gilman Square #10,Somerville,False,0.0,0.0,0.0,0.0,0.0,0.0
E3u,5,"(1,1,1,1,1)",7,200000,9872,Gilman Square #6,Somerville,False,0.0,0.0,0.0,0.0,0.0,0.0
E3u,5,"(1,1,1,1,1)",7,200000,10143,Ball Square #4,Somerville,False,0.0,0.0,0.0,0.0,0.0,0.0
E3u,5,"(1,1,1,1,1)",7,200000,9976,Gilman Square #5,Somerville,False,0.0,0.0,0.0,0.0,0.0,0.0
E3u,5,"(1,1,1,1,1)",7,200000,9845,Sullivan Square #5,Somerville,False,0.0,0.0,0.0,0.0,0.0,0.0
E3u,5,"(1,1,1,1,1)",7,200000,10031,Magoun Square #3,Somerville,False,0.0,0.0,0.0,0.0,0.0,0.0
E3u,5,"(1,1,1,1,1)",7,200000,10140,Ball Square #6,Somerville,False,0.0,0.0,0.0,0.0,0.0,0.0
E3u,5,"(1,1,1,1,1)",7,200000,9887,Gilman Square #8,Somerville,False,0.0,0.0,0.0,0.0,0.0,0.0
E3u,5,"(1,1,1,1,1)",7,200000,9921,Porter #1,Cambridge,True,0.02519,0.02519,0.0,0.02519,0.07326,0.0003503959467516712
E3u,5,"(1,1,1,1,1)",7,200000,9427,Union Square #5,Cambridge,True,5e-05,5e-05,0.0,5e-05,0.009815,1.5810993011193194e-05
E3u,5,"(1,1,1,1,1)",7,200000,9397,Harvard #1,Cambridge,True,0.11263,0.11263,0.0,0.11263,0.268315,0.0007069104720542765
E3u,5,"(1,1,1,1,1)",7,200000,9441,Harvard #2,Cambridge,True,0.0,0.0,0.0,0.0,0.185175,0.0
E3u,5,"(1,1,1,1,1)",7,200000,9965,Alewife #1,Cambridge,True,6e-05,6e-05,0.0,6e-05,0.007335,1.7319988452652043e-05
E3u,5,"(1,1,1,1,1)",7,200000,9206,Central #2,Cambridge,True,0.00197,0.00197,0.0,0.00197,0.05307,9.91493595541595e-05
E3u,5,"(1,1,1,1,1)",7,200000,9289,Central #1,Cambridge,True,0.115205,0.115205,0.0,0.115205,0.29173,0.0007139075849681106
E3u,5,"(1,1,1,1,1)",7,200000,9325,Harvard #3,Cambridge,True,0.00064,0.00064,0.0,0.00064,0.194305,5.655043766408886e-05
E3u,5,"(1,1,1,1,1)",7,200000,9179,Central #3,Cambridge,False,0.0,0.0,0.0,0.0,0.001475,0.0
E3u,5,"(1,1,1,1,1)",7,200000,9382,Union Square #20,Cambridge,False,0.0,0.0,0.0,0.0,0.00013,0.0
E3u,5,"(1,1,1,1,1)",7,200000,9928,Alewife #2,Cambridge,False,0.0,0.0,0.0,0.0,7.5e-05,0.0
E3u,5,"(1,1,1,1,1)",7,200000,9768,Porter #3,Cambridge,True,0.0,0.0,0.0,0.0,0.0,0.0
E3u,5,"(1,1,1,1,1)",7,200000,9208,Central #6,Cambridge,False,0.0,0.0,0.0,0.0,0.000255,0.0
E3u,5,"(1,1,1,1,1)",7,200000,9168,Central #4,Cambridge,True,0.0,0.0,0.0,0.0,0.008765,0.0
E3u,5,"(1,1,1,1,1)",7,200000,9975,Davis #4,Cambridge,False,0.0,0.0,0.0,0.0,0.0,0.0
E3u,5,"(1,1,1,1,1)",7,200000,9278,Lechmere #3,Cambridge,False,0.0,0.0,0.0,0.0,0.00179,0.0
E3u,5,"(1,1,1,1,1)",7,200000,9239,Central #7,Cambridge,False,0.0,0.0,0.0,0.0,0.001225,0.0
E3u,5,"(1,1,1,1,1)",7,200000,9449,Union Square #17,Cambridge,False,0.0,0.0,0.0,0.0,0.0,0.0
E3u,5,"(1,1,1,1,1)",7,200000,9298,Lechmere #2,Cambridge,True,0.023465,0.023465,0.0,0.023465,0.16122,0.000338484813359477
E3u,5,"(1,1,1,1,1)",7,200000,9895,Porter #6,Cambridge,False,0.0,0.0,0.0,0.0,0.0,0.0
E3u,5,"(1,1,1,1,1)",7,200000,9237,Central #5,Cambridge,True,1e-05,1e-05,0.0,1e-05,0.04175,7.0710324564380276e-06
E3u,5,"(1,1,1,1,1)",7,200000,9706,Porter #8,Cambridge,False,0.0,0.0,0.0,0.0,0.0,0.0
E3u,5,"(1,1,1,1,1)",7,200000,9447,Harvard #4,Cambridge,True,0.081825,0.081825,0.0,0.081825,0.249685,0.0006129015800885163
E3u,5,"(1,1,1,1,1)",7,200000,9862,Porter #9,Cambridge,False,0.0,0.0,0.0,0.0,0.0,0.0
E3u,5,"(1,1,1,1,1)",7,200000,9406,Union Square #13,Cambridge,False,0.0,0.0,0.0,0.0,0.0,0.0
E3u,5,"(1,1,1,1,1)",7,200000,10017,Davis #13,Cambridge,False,0.0,0.0,0.0,0.0,0.0,0.0
E3u,5,"(1,1,1,1,1)",7,200000,10015,Davis #11,Cambridge,False,0.0,0.0,0.0,0.0,0.0,0.0
E3u,5,"(1,1,1,1,1)",7,200000,10116,Davis #7,Cambridge,False,0.0,0.0,0.0,0.0,0.0,0.0
E3u,5,"(1,1,1,1,1)",7,200000,9808,Porter #5,Cambridge,False,0.0,0.0,0.0,0.0,0.0,0.0
E3u,5,"(1,1,1,1,1)",7,200000,9438,Union Square #16,Cambridge,True,0.012295,0.012295,0.0,0.012295,0.03025,0.0002464125907395968
E3u,5,"(1,1,1,1,1)",7,200000,9919,Porter #7,Cambridge,False,0.0,0.0,0.0,0.0,0.0,0.0
E3u,5,"(1,1,1,1,1)",7,200000,9957,Porter #10,Cambridge,False,0.0,0.0,0.0,0.0,0.0,0.0
E3u,5,"(1,1,1,1,1)",7,200000,9704,Porter #11,Cambridge,False,0.0,0.0,0.0,0.0,0.0,0.0
E3u,5,"(1,1,1,1,1)",7,200000,9784,Porter #12,Cambridge,False,0.0,0.0,0.0,0.0,0.0,0.0
E3u,5,"(1,1,1,1,1)",7,200000,10060,Davis #16,Cambridge,False,0.0,0.0,0.0,0.0,0.0,0.0
E3u,5,"(1,1,1,1,1)",7,200000,8547,Coolidge Corner #1,Brookline,True,0.0,0.0,0.0,0.0,0.0,0.0
E3u,5,"(1,1,1,1,1)",7,200000,8787,Harvard Avenue #1,Brookline,True,0.0,0.0,0.0,0.0,0.027945,0.0
E3u,5,"(1,1,1,1,1)",7,200000,8527,Brookline Village #2,Brookline,False,0.0,0.0,0.0,0.0,0.0,0.0
E3u,5,"(1,1,1,1,1)",7,200000,8650,Coolidge Corner #4,Brookline,False,0.0,0.0,0.0,0.0,0.0,0.0
E3u,5,"(1,1,1,1,1)",7,200000,8640,Coolidge Corner #3,Brookline,False,0.0,0.0,0.0,0.0,0.0,0.0
E3u,5,"(1,1,1,1,1)",7,200000,8568,Washington Square #1,Brookline,False,0.0,0.0,0.0,0.0,0.0,0.0
E3u,5,"(1,1,1,1,1)",7,200000,8539,Tappan Street #1,Brookline,False,0.0,0.0,0.0,0.0,0.0,0.0
E3u,5,"(1,1,1,1,1)",7,200000,8466,Brookline Village #3,Brookline,False,0.0,0.0,0.0,0.0,0.0,0.0
E3u,5,"(1,1,1,1,1)",7,200000,8865,Amory Street #1,Brookline,True,0.011085,0.011085,0.0,0.011085,0.04625,0.00023411666723025082
E3u,5,"(1,1,1,1,1)",7,200000,8704,Saint Mary's Street #1,Brookline,True,0.0,0.0,0.0,0.0,0.000515,0.0
E3u,5,"(1,1,1,1,1)",7,200000,8452,Brookline Village #1,Brookline,True,0.0,0.0,0.0,0.0,0.0,0.0
E3u,5,"(1,1,1,1,1)",7,200000,8617,Coolidge Corner #2,Brookline,True,0.0,0.0,0.0,0.0,0.0,0.0
E3u,5,"(1,1,1,1,1)",7,200000,8624,Coolidge Corner #12,Brookline,False,0.0,0.0,0.0,0.0,0.0,0.0
E3u,5,"(1,1,1,1,1)",7,200000,8728,Harvard Avenue #2,Brookline,False,0.0,0.0,0.0,0.0,5e-06,0.0
E3u,5,"(1,1,1,1,1)",7,200000,8902,Babcock Street #1,Brookline,True,0.0,0.0,0.0,0.0,5.5e-05,0.0
E3u,5,"(1,1,1,1,1)",7,200000,8708,Saint Mary's Street #2,Brookline,False,0.0,0.0,0.0,0.0,0.0,0.0
E3u,5,"(1,1,1,1,1)",7,200000,8553,Washington Square #2,Brookline,False,0.0,0.0,0.0,0.0,0.0,0.0
E3u,5,"(1,1,1,1,1)",7,200000,8487,Brookline Hills #4,Brookline,False,0.0,0.0,0.0,0.0,0.0,0.0
E3u,5,"(1,1,1,1,1)",7,200000,8647,Coolidge Corner #8,Brookline,False,0.0,0.0,0.0,0.0,0.0,0.0
E3u,5,"(1,1,1,1,1)",7,200000,8593,Coolidge Corner #9,Brookline,False,0.0,0.0,0.0,0.0,0.0,0.0
E3u,5,"(1,1,1,1,1)",7,200000,8672,Summit Avenue #1,Brookline,False,0.0,0.0,0.0,0.0,0.0,0.0
E3u,5,"(1,1,1,1,1)",7,200000,8399,Brookline Hills #2,Brookline,False,0.0,0.0,0.0,0.0,0.0,0.0
E3u,5,"(1,1,1,1,1)",7,200000,8281,Chestnut Hill #2,Brookline,False,0.0,0.0,0.0,0.0,0.0,0.0
E3u,5,"(1,1,1,1,1)",7,200000,8476,Brookline Hills #1,Brookline,False,0.0,0.0,0.0,0.0,0.0,0.0
E3u,5,"(1,1,1,1,1)",7,200000,8626,Coolidge Corner #5,Brookline,False,0.0,0.0,0.0,0.0,0.0,0.0
E3u,5,"(1,1,1,1,1)",7,200000,8685,Saint Mary's Street #3,Brookline,False,0.0,0.0,0.0,0.0,0.0,0.0
E3u,5,"(1,1,1,1,1)",7,200000,8596,Summit Avenue #2,Brookline,False,0.0,0.0,0.0,0.0,0.0,0.0
E3u,5,"(1,1,1,1,1)",7,200000,8657,Coolidge Corner #7,Brookline,False,0.0,0.0,0.0,0.0,0.0,0.0
E3u,5,"(1,1,1,1,1)",7,200000,8575,Washington Square #4,Brookline,False,0.0,0.0,0.0,0.0,0.0,0.0
E3u,5,"(1,1,1,1,1)",7,200000,8383,Brookline Hills #3,Brookline,False,0.0,0.0,0.0,0.0,0.0,0.0
E3u,5,"(1,1,1,1,1)",7,200000,8680,Summit Avenue #3,Brookline,False,0.0,0.0,0.0,0.0,0.0,0.0
E3u,5,"(1,1,1,1,1)",7,200000,8649,Coolidge Corner #6,Brookline,False,0.0,0.0,0.0,0.0,0.0,0.0
E3u,5,"(1,1,1,1,1)",7,200000,8600,Coolidge Corner #11,Brookline,False,0.0,0.0,0.0,0.0,0.0,0.0
E3u,5,"(1,1,1,1,1)",7,200000,8486,Brookline Village #4,Brookline,False,0.0,0.0,0.0,0.0,0.0,0.0
E3u,5,"(1,1,1,1,1)",7,200000,8558,Washington Square #3,Brookline,False,0.0,0.0,0.0,0.0,0.0,0.0
E3u,5,"(1,1,1,1,1)",7,200000,8419,Brookline Village #5,Brookline,False,0.0,0.0,0.0,0.0,0.0,0.0
E3u,5,"(1,1,1,1,1)",7,200000,8598,Summit Avenue #4,Brookline,False,0.0,0.0,0.0,0.0,0.0,0.0
E3u,5,"(1,1,1,1,1)",7,200000,8611,Coolidge Corner #10,Brookline,False,0.0,0.0,0.0,0.0,0.0,0.0
E3u,5,"(1,1,1,1,1)",7,200000,8555,Tappan Street #2,Brookline,False,0.0,0.0,0.0,0.0,0.0,0.0
E3u,5,"(1,1,1,1,1)",7,200000,8878,Amory Street #2,Brookline,False,0.0,0.0,0.0,0.0,0.0,0.0
E3u,5,"(1,1,1,1,1)",7,200000,8411,Brookline Hills #5,Brookline,False,0.0,0.0,0.0,0.0,0.0,0.0
E3u,5,"(1,1,1,1,1)",7,200000,8255,Chestnut Hill #3,Brookline,False,0.0,0.0,0.0,0.0,0.0,0.0
E3u,5,"(1,1,1,1,1)",7,200000,8274,Chestnut Hill #4,Brookline,False,0.0,0.0,0.0,0.0,0.0,0.0
E3u,5,"(1,1,1,1,1)",7,200000,10667,Malden Center #1,Malden,True,0.15744,0.15744,0.0,0.15744,0.46931,0.0008144097445389513
E3u,5,"(1,1,1,1,1)",7,200000,10682,Malden Center #5,Malden,False,0.0,0.0,0.0,0.0,0.116605,0.0
E3u,5,"(1,1,1,1,1)",7,200000,10616,Malden Center #2,Malden,True,0.11901,0.11901,0.0,0.11901,0.49097,0.0007240394322825242
E3u,5,"(1,1,1,1,1)",7,200000,10664,Malden Center #3,Malden,False,0.0,0.0,0.0,0.0,0.143285,0.0
E3u,5,"(1,1,1,1,1)",7,200000,10665,Malden Center #4,Malden,True,0.011935,0.011935,0.0,0.011935,0.355305,0.0002428225254687052
E3u,5,"(1,1,1,1,1)",7,200000,10691,Malden Center #9,Malden,True,0.0,0.0,0.0,0.0,0.0,0.0
E3u,5,"(1,1,1,1,1)",7,200000,10648,Malden Center #6,Malden,False,0.0,0.0,0.0,0.0,0.027445,0.0
E3u,5,"(1,1,1,1,1)",7,200000,10687,Malden Center #7,Malden,False,0.0,0.0,0.0,0.0,0.0,0.0
E3u,5,"(1,1,1,1,1)",7,200000,10779,Oak Grove #1,Malden,False,0.0,0.0,0.0,0.0,0.0,0.0
E3u,5,"(1,1,1,1,1)",7,200000,10771,Oak Grove #2,Malden,False,0.0,0.0,0.0,0.0,0.0,0.0
E3u,5,"(1,1,1,1,1)",7,200000,10710,Malden Center #10,Malden,True,0.01303,0.01303,0.0,0.01303,0.09262,0.00025357660676805343
E3u,5,"(1,1,1,1,1)",7,200000,10657,Malden Center #14,Malden,False,0.0,0.0,0.0,0.0,0.0,0.0
E3u,5,"(1,1,1,1,1)",7,200000,10670,Malden Center #13,Malden,False,0.0,0.0,0.0,0.0,0.0,0.0
E3u,5,"(1,1,1,1,1)",7,200000,10701,Malden Center #11,Malden,False,0.0,0.0,0.0,0.0,0.00377,0.0
E3u,5,"(1,1,1,1,1)",7,200000,10696,Malden Center #12,Malden,False,0.0,0.0,0.0,0.0,0.0,0.0
E3u,5,"(1,1,1,1,1)",7,200000,10692,Malden Center #8,Malden,False,0.0,0.0,0.0,0.0,0.031105,0.0
E3u,5,"(1,1,1,1,1)",7,200000,10676,Malden Center #15,Malden,False,0.0,0.0,0.0,0.0,0.0,0.0
E3u,5,"(1,1,1,1,1)",7,200000,10618,Malden Center #16,Malden,False,0.0,0.0,0.0,0.0,0.0,0.0
E3u,5,"(1,1,1,1,1)",7,200000,8128,Eliot #2,Newton,False,0.0,0.0,0.0,0.0,0.0,0.0
E3u,5,"(1,1,1,1,1)",7,200000,8427,Newton Centre #1,Newton,False,0.0,0.0,0.0,0.0,0.0,0.0
E3u,5,"(1,1,1,1,1)",7,200000,8298,Chestnut Hill #1,Newton,True,0.0,0.0,0.0,0.0,0.0,0.0
E3u,5,"(1,1,1,1,1)",7,200000,8165,Eliot #1,Newton,False,0.0,0.0,0.0,0.0,0.0,0.0
E3u,5,"(1,1,1,1,1)",7,200000,8140,Eliot #5,Newton,False,0.0,0.0,0.0,0.0,0.0,0.0
E3u,5,"(1,1,1,1,1)",7,200000,8116,Eliot #6,Newton,False,0.0,0.0,0.0,0.0,0.0,0.0
E3u,5,"(1,1,1,1,1)",7,200000,8205,Newton Highlands #2,Newton,False,0.0,0.0,0.0,0.0,0.0,0.0
E3u,5,"(1,1,1,1,1)",7,200000,8136,Eliot #3,Newton,False,0.0,0.0,0.0,0.0,0.0,0.0
E3u,5,"(1,1,1,1,1)",7,200000,8385,Newton Centre #2,Newton,False,0.0,0.0,0.0,0.0,0.0,0.0
E3u,5,"(1,1,1,1,1)",7,200000,8159,Newton Highlands #1,Newton,False,0.0,0.0,0.0,0.0,0.0,0.0
E3u,5,"(1,1,1,1,1)",7,200000,8229,Newton Highlands #3,Newton,False,0.0,0.0,0.0,0.0,0.0,0.0
E3u,5,"(1,1,1,1,1)",7,200000,8175,Eliot #8,Newton,False,0.0,0.0,0.0,0.0,0.0,0.0
E3u,5,"(1,1,1,1,1)",7,200000,8379,Newton Centre #4,Newton,False,0.0,0.0,0.0,0.0,0.0,0.0
E3u,5,"(1,1,1,1,1)",7,200000,8341,Waban #1,Newton,False,0.0,0.0,0.0,0.0,0.0,0.0
E3u,5,"(1,1,1,1,1)",7,200000,8407,Newton Centre #5,Newton,False,0.0,0.0,0.0,0.0,0.0,0.0
E3u,5,"(1,1,1,1,1)",7,200000,8388,Newton Centre #7,Newton,False,0.0,0.0,0.0,0.0,0.0,0.0
E3u,5,"(1,1,1,1,1)",7,200000,8500,Newton Centre #10,Newton,False,0.0,0.0,0.0,0.0,0.0,0.0
E3u,5,"(1,1,1,1,1)",7,200000,8143,Newton Highlands #5,Newton,False,0.0,0.0,0.0,0.0,0.0,0.0
E3u,5,"(1,1,1,1,1)",7,200000,8408,Newton Centre #9,Newton,False,0.0,0.0,0.0,0.0,0.0,0.0
E3u,5,"(1,1,1,1,1)",7,200000,8410,Newton Centre #6,Newton,False,0.0,0.0,0.0,0.0,0.0,0.0
E3u,5,"(1,1,1,1,1)",7,200000,8102,Eliot #4,Newton,False,0.0,0.0,0.0,0.0,0.0,0.0
E3u,5,"(1,1,1,1,1)",7,200000,8115,Eliot #7,Newton,False,0.0,0.0,0.0,0.0,0.0,0.0
E3u,5,"(1,1,1,1,1)",7,200000,8418,Newton Centre #8,Newton,False,0.0,0.0,0.0,0.0,0.0,0.0
E3u,5,"(1,1,1,1,1)",7,200000,8169,Eliot #9,Newton,False,0.0,0.0,0.0,0.0,0.0,0.0
E3u,5,"(1,1,1,1,1)",7,200000,8214,Newton Highlands #4,Newton,False,0.0,0.0,0.0,0.0,0.0,0.0
E3u,5,"(1,1,1,1,1)",7,200000,8400,Newton Centre #3,Newton,False,0.0,0.0,0.0,0.0,0.0,0.0
E3u,5,"(1,1,1,1,1)",7,200000,8213,Newton Highlands #6,Newton,False,0.0,0.0,0.0,0.0,0.0,0.0
E3u,5,"(1,1,1,1,1)",7,200000,8217,Newton Highlands #7,Newton,False,0.0,0.0,0.0,0.0,0.0,0.0
E3u,5,"(1,1,1,1,1)",7,200000,8394,Newton Centre #11,Newton,False,0.0,0.0,0.0,0.0,0.0,0.0
E3u,5,"(1,1,1,1,1)",7,200000,10236,Wellington #1,Medford,False,0.0,0.0,0.0,0.0,0.0,0.0
E3u,5,"(1,1,1,1,1)",7,200000,10364,Medford/Tufts #1,Medford,True,0.0,0.0,0.0,0.0,0.0053,0.0
E3u,5,"(1,1,1,1,1)",7,200000,10200,Wellington #2,Medford,False,0.0,0.0,0.0,0.0,0.0,0.0
E3u,5,"(1,1,1,1,1)",7,200000,10366,Medford/Tufts #2,Medford,False,0.0,0.0,0.0,0.0,0.0,0.0
E3u,5,"(1,1,1,1,1)",7,200000,10230,Ball Square #5,Medford,False,0.0,0.0,0.0,0.0,0.0,0.0
E3u,5,"(1,1,1,1,1)",7,200000,10211,Ball Square #2,Medford,False,0.0,0.0,0.0,0.0,0.0,0.0
E3u,5,"(1,1,1,1,1)",7,200000,10231,Ball Square #7,Medford,False,0.0,0.0,0.0,0.0,0.0,0.0
E3u,5,"(1,1,1,1,1)",7,200000,10316,Medford/Tufts #3,Medford,False,0.0,0.0,0.0,0.0,0.0,0.0
E3u,5,"(1,1,1,1,1)",7,200000,10369,Revere Beach #1,Revere,True,0.103235,0.103235,0.0,0.103235,0.20921,0.0006803584892356382
E3u,5,"(1,1,1,1,1)",7,200000,10358,Revere Beach #2,Revere,True,0.001715,0.001715,0.0,0.001715,0.06556,9.252185620165648e-05
E3u,5,"(1,1,1,1,1)",7,200000,10381,Wonderland #1,Revere,True,0.06207,0.06207,0.0,0.06207,0.19403,0.0005395243975020963
E3u,5,"(1,1,1,1,1)",7,200000,10326,Revere Beach #4,Revere,False,0.0,0.0,0.0,0.0,0.002665,0.0
E3u,5,"(1,1,1,1,1)",7,200000,10520,Wonderland #2,Revere,False,0.0,0.0,0.0,0.0,0.0,0.0
E3u,5,"(1,1,1,1,1)",7,200000,10273,Revere Beach #3,Revere,True,0.0001,0.0001,0.0,0.0001,0.01825,2.23595617130569e-05
E3u,5,"(1,1,1,1,1)",7,200000,10281,Revere Beach #5,Revere,True,1e-05,1e-05,0.0,1e-05,0.00831,7.0710324564380276e-06
E3u,5,"(1,1,1,1,1)",7,200000,10262,Revere Beach #6,Revere,False,0.0,0.0,0.0,0.0,0.0,0.0
E3u,5,"(1,1,1,1,1)",7,200000,10285,Revere Beach #7,Revere,False,0.0,0.0,0.0,0.0,0.001325,0.0
E3u,5,"(1,1,1,1,1)",7,200000,6730,Quincy Center #2,Quincy,False,0.0,0.0,0.0,0.0,0.0,0.0
E3u,5,"(1,1,1,1,1)",7,200000,6771,Quincy Center #4,Quincy,True,0.0,0.0,0.0,0.0,0.0,0.0
E3u,5,"(1,1,1,1,1)",7,200000,6760,Quincy Center #1,Quincy,True,0.0,0.0,0.0,0.0,0.098735,0.0
E3u,5,"(1,1,1,1,1)",7,200000,6886,Quincy Center #12,Quincy,False,0.0,0.0,0.0,0.0,0.0,0.0
E3u,5,"(1,1,1,1,1)",7,200000,6782,Quincy Center #3,Quincy,False,0.0,0.0,0.0,0.0,0.0,0.0
E3u,5,"(1,1,1,1,1)",7,200000,7340,North Quincy #5,Quincy,False,0.0,0.0,0.0,0.0,0.0,0.0
E3u,5,"(1,1,1,1,1)",7,200000,7424,North Quincy #3,Quincy,False,0.0,0.0,0.0,0.0,0.0,0.0
E3u,5,"(1,1,1,1,1)",7,200000,7487,North Quincy #1,Quincy,False,0.0,0.0,0.0,0.0,0.0,0.0
E3u,5,"(1,1,1,1,1)",7,200000,7173,Wollaston #2,Quincy,True,0.00025,0.00025,0.0,0.00025,0.03541,3.5350919365696845e-05
E3u,5,"(1,1,1,1,1)",7,200000,7176,Wollaston #5,Quincy,False,0.0,0.0,0.0,0.0,0.0,0.0
E3u,5,"(1,1,1,1,1)",7,200000,7529,North Quincy #2,Quincy,True,0.0,0.0,0.0,0.0,0.0,0.0
E3u,5,"(1,1,1,1,1)",7,200000,6755,Quincy Center #9,Quincy,False,0.0,0.0,0.0,0.0,0.0004,0.0
E3u,5,"(1,1,1,1,1)",7,200000,7196,Wollaston #3,Quincy,False,0.0,0.0,0.0,0.0,0.0,0.0
E3u,5,"(1,1,1,1,1)",7,200000,6710,Quincy Center #10,Quincy,False,0.0,0.0,0.0,0.0,0.0,0.0
E3u,5,"(1,1,1,1,1)",7,200000,6729,Quincy Center #7,Quincy,False,0.0,0.0,0.0,0.0,0.0,0.0
E3u,5,"(1,1,1,1,1)",7,200000,7300,Wollaston #1,Quincy,True,0.014465,0.014465,0.0,0.014465,0.16532,0.000266980933542079
E3u,5,"(1,1,1,1,1)",7,200000,6736,Quincy Center #5,Quincy,False,0.0,0.0,0.0,0.0,0.0,0.0
E3u,5,"(1,1,1,1,1)",7,200000,7180,Wollaston #4,Quincy,False,0.0,0.0,0.0,0.0,0.0,0.0
E3u,5,"(1,1,1,1,1)",7,200000,7310,North Quincy #7,Quincy,False,0.0,0.0,0.0,0.0,0.0,0.0
E3u,5,"(1,1,1,1,1)",7,200000,7346,North Quincy #6,Quincy,False,0.0,0.0,0.0,0.0,0.0,0.0
E3u,5,"(1,1,1,1,1)",7,200000,6857,Quincy Center #11,Quincy,False,0.0,0.0,0.0,0.0,0.0,0.0
E3u,5,"(1,1,1,1,1)",7,200000,6472,Quincy Adams #2,Quincy,False,0.0,0.0,0.0,0.0,0.0,0.0
E3u,5,"(1,1,1,1,1)",7,200000,7329,North Quincy #8,Quincy,False,0.0,0.0,0.0,0.0,0.0,0.0
E3u,5,"(1,1,1,1,1)",7,200000,7338,North Quincy #4,Quincy,False,0.0,0.0,0.0,0.0,0.0,0.0
E3u,5,"(1,1,1,1,1)",7,200000,6762,Quincy Center #13,Quincy,False,0.0,0.0,0.0,0.0,0.0,0.0
E3u,5,"(1,1,1,1,1)",7,200000,7241,North Quincy #9,Quincy,False,0.0,0.0,0.0,0.0,0.0,0.0
E3u,5,"(1,1,1,1,1)",7,200000,6781,Quincy Center #14,Quincy,False,0.0,0.0,0.0,0.0,0.0,0.0
E3u,5,"(1,1,1,1,1)",7,200000,7183,Wollaston #8,Quincy,False,0.0,0.0,0.0,0.0,0.0,0.0
E3u,5,"(1,1,1,1,1)",7,200000,7360,North Quincy #10,Quincy,False,0.0,0.0,0.0,0.0,0.0,0.0
E3u,5,"(1,1,1,1,1)",7,200000,7163,Wollaston #6,Quincy,False,0.0,0.0,0.0,0.0,0.0,0.0
E3u,5,"(1,1,1,1,1)",7,200000,6474,Quincy Adams #1,Quincy,True,5e-06,5e-06,0.0,5e-06,0.000235,4.999987499984375e-06
E3u,5,"(1,1,1,1,1)",7,200000,7088,Wollaston #10,Quincy,False,0.0,0.0,0.0,0.0,0.0,0.0
E3u,5,"(1,1,1,1,1)",7,200000,6465,Quincy Adams #3,Quincy,False,0.0,0.0,0.0,0.0,0.0,0.0
E3u,5,"(1,1,1,1,1)",7,200000,7190,Wollaston #7,Quincy,False,0.0,0.0,0.0,0.0,0.0,0.0
E3u,5,"(1,1,1,1,1)",7,200000,7194,Wollaston #9,Quincy,False,0.0,0.0,0.0,0.0,0.0,0.0
E3u,5,"(1,1,1,1,1)",7,200000,5973,Braintree #1,Braintree,True,0.011645,0.011645,0.0,0.011645,0.07452,0.00023988949513265479
E3u,5,"(1,1,1,1,1)",7,200000,6019,Braintree #2,Braintree,True,0.0,0.0,0.0,0.0,0.03341,0.0
E3u,5,"(1,1,1,1,1)",7,200000,5982,Braintree #5,Braintree,False,0.0,0.0,0.0,0.0,0.0,0.0
E3u,5,"(1,1,1,1,1)",7,200000,5965,Braintree #4,Braintree,False,0.0,0.0,0.0,0.0,5e-06,0.0
E3u,5,"(1,1,1,1,1)",7,200000,5966,Braintree #3,Braintree,False,0.0,0.0,0.0,0.0,0.0,0.0
E3u,5,"(1,1,1,1,1)",7,200000,5992,Braintree #7,Braintree,False,0.0,0.0,0.0,0.0,0.0,0.0
E3u,5,"(1,1,1,1,1)",7,200000,5999,Braintree #6,Braintree,False,0.0,0.0,0.0,0.0,0.0,0.0
E3u,5,"(1,1,1,1,1)",7,200000,5967,Braintree #8,Braintree,False,0.0,0.0,0.0,0.0,0.0,0.0
E3u,5,"(1,1,1,1,1)",7,200000,5991,Braintree #9,Braintree,False,0.0,0.0,0.0,0.0,0.0,0.0
